order_id,product_id,so_luong,don_gia,thanh_tien
1,32,1,11990000,11990000
2,265,1,31990000,31990000
2,24,1,6490000,6490000
3,161,1,18990000,18990000
4,56,2,5841000,11682000
5,122,1,4990000,4990000
6,280,1,4590000,4590000
6,286,1,3141000,3141000
7,111,1,7490000,7490000
8,194,1,6490000,6490000
9,133,1,27990000,27990000
10,128,1,427500,427500
11,262,1,675000,675000
12,317,1,30390500,30390500
12,194,1,6165500,6165500
13,30,1,5841000,5841000
14,157,1,7191000,7191000
14,67,1,18990000,18990000
15,149,1,31990000,31990000
16,257,1,11990000,11990000
17,135,1,5990000,5990000
17,76,1,22990000,22990000
18,308,1,22990000,22990000
19,232,1,750000,750000
20,57,1,36990000,36990000
21,212,1,7191000,7191000
22,277,1,6165500,6165500
23,39,1,31990000,31990000
24,46,1,7191000,7191000
25,153,1,120000,120000
26,214,1,27990000,27990000
27,204,3,9490000,28470000
28,176,1,31990000,31990000
28,219,2,7191000,14382000
29,124,1,2691000,2691000
30,7,1,6490000,6490000
31,108,1,28791000,28791000
32,245,1,9490000,9490000
32,147,1,11990000,11990000
32,254,1,7990000,7990000
33,64,1,18990000,18990000
34,242,1,5990000,5990000
35,254,1,7191000,7191000
35,46,1,7191000,7191000
36,225,1,27990000,27990000
37,297,2,9490000,18980000
37,45,1,9490000,9490000
38,164,2,3990000,7980000
38,247,1,11990000,13189000
39,315,1,4590000,4590000
40,66,3,750000,2250000
41,292,1,6490000,6490000
42,278,1,5841000,5841000
43,24,2,5841000,11682000
44,56,1,6165500,6165500
45,256,1,560500,560500
46,54,1,7490000,7490000
46,22,2,4990000,9980000
46,106,1,7990000,7990000
47,269,1,450000,450000
47,207,1,3990000,3990000
48,231,1,36990000,36990000
49,138,1,7490000,7490000
49,272,1,9490000,9490000
50,32,1,11990000,11990000
51,81,1,6490000,6490000
52,102,1,2241000,2241000
53,277,1,5841000,5841000
54,211,1,6490000,6490000
55,286,1,3141000,3141000
55,20,1,4360500,4360500
55,11,1,33291000,33291000
56,229,1,250000,250000
57,56,1,5841000,5841000
58,251,1,27990000,27990000
59,200,2,27990000,55980000
60,276,1,5841000,5841000
61,159,1,11691000,11691000
61,22,1,4740500,4740500
62,29,3,250000,750000
63,78,1,450000,450000
64,1,1,1701000,1701000
65,103,2,22990000,45980000
66,97,1,4131000,4131000
67,152,1,21840500,21840500
68,262,1,675000,675000
68,92,2,225000,450000
69,158,1,2990000,2990000
69,145,1,2691000,2691000
70,118,1,18990000,18990000
71,212,1,7990000,7990000
72,283,1,9015500,9015500
72,316,1,2840500,2840500
73,135,1,5990000,5990000
74,188,1,9490500,9490500
74,272,1,9490000,9490000
75,51,1,450000,450000
75,39,1,31990000,31990000
76,216,1,3990000,3990000
76,212,1,7191000,7191000
77,87,1,4990000,4990000
78,243,1,17091000,17091000
79,270,1,5990000,5990000
79,245,1,9490000,9490000
79,251,1,27990000,27990000
80,73,1,11990000,11990000
81,180,1,2840500,2840500
81,212,1,7990000,7990000
82,196,2,4740500,9481000
82,71,1,11990000,11990000
82,284,1,2990000,3289000
83,161,2,18990000,37980000
84,172,1,3490000,3490000
85,61,1,712500,712500
86,250,1,190000,190000
87,80,1,8541000,8541000
88,231,1,36990000,36990000
88,226,1,18990000,18990000
89,261,1,8541000,8541000
90,284,1,2990000,2990000
91,201,1,4740500,4740500
92,294,1,5990000,5990000
93,78,1,450000,450000
94,240,1,5990000,5990000
95,217,1,22990000,22990000
96,156,1,27990000,27990000
97,194,2,6490000,12980000
98,83,1,27990000,27990000
98,30,2,6490000,12980000
98,183,1,2490000,2490000
99,179,1,288000,288000
100,207,1,3790500,3790500
100,33,1,250000,250000
101,38,2,10791000,21582000
102,319,1,2990000,2990000
103,184,1,6490000,6490000
104,120,1,3490000,3490000
105,149,2,31990000,63980000
106,100,1,9990000,9990000
107,183,1,2365500,2365500
108,299,1,3141000,3141000
109,37,1,108000,108000
110,201,1,4740500,4740500
111,91,2,4990000,9980000
111,112,1,27990000,27990000
111,173,1,18990000,18990000
112,197,1,675000,675000
113,74,1,5690500,5690500
113,286,1,3490000,3490000
114,80,2,8541000,17082000
115,246,1,675000,675000
115,210,1,6165500,6165500
116,239,1,6490000,6490000
117,275,1,5990000,5990000
118,298,1,6165500,6165500
119,162,1,18040500,18040500
119,158,1,2990000,2990000
119,27,3,12990000,38970000
120,123,1,2365500,2365500
121,124,1,2990000,2990000
122,81,1,6490000,6490000
122,314,1,27990000,27990000
123,51,1,450000,450000
124,164,1,3990000,3990000
125,54,1,7490000,7490000
126,277,1,5841000,5841000
126,151,1,3315500,3315500
126,37,1,108000,108000
127,14,1,225000,225000
128,282,1,7191000,7191000
128,28,1,4360500,4360500
129,164,1,3990000,3990000
130,251,2,26590500,53181000
131,250,1,190000,190000
132,299,1,3141000,3141000
132,164,1,3990000,3990000
133,12,2,25191000,50382000
134,145,1,2840500,2840500
135,103,1,21840500,21840500
136,137,1,3790500,3790500
137,275,2,5990000,11980000
138,246,1,712500,712500
138,280,1,4360500,4360500
139,34,1,17091000,17091000
140,295,2,750000,1500000
141,162,1,17091000,17091000
141,157,2,7590500,15181000
142,178,1,2990000,2990000
143,20,1,4131000,4131000
144,244,1,28791000,28791000
145,121,1,180500,180500
146,244,1,31990000,31990000
147,117,1,11390500,11390500
147,145,1,2840500,2840500
147,74,1,5990000,5990000
148,167,1,36990000,36990000
149,201,3,4990000,14970000
150,122,1,4740500,4740500
151,18,1,8541000,8541000
152,113,1,18990000,18990000
153,105,1,9490000,9490000
154,113,1,18990000,18990000
155,1,1,1795500,1795500
156,311,1,3990000,3990000
157,180,1,2990000,2990000
158,282,1,7590500,7590500
159,143,1,2490000,2490000
160,13,2,27990000,55980000
160,139,1,9490000,9490000
161,148,1,5990000,5990000
162,123,1,2490000,2490000
163,201,1,4491000,4491000
163,164,1,3990000,3990000
164,85,1,27990000,27990000
165,54,1,7490000,7490000
166,37,1,120000,120000
167,97,1,4590000,4590000
168,101,1,18990000,18990000
169,46,1,7191000,7191000
170,306,1,1890000,1890000
171,248,1,10791000,10791000
171,319,2,2990000,5980000
172,38,2,10791000,21582000
173,310,1,5990000,5990000
173,296,1,21840500,21840500
174,38,1,11990000,11990000
174,29,3,225000,675000
175,122,1,4491000,4491000
176,15,1,4990000,4990000
177,301,1,3790500,3790500
178,61,1,750000,750000
179,182,2,33291000,66582000
180,104,1,18040500,18040500
181,132,1,4740500,4740500
181,256,3,590000,1770000
182,51,1,427500,427500
182,56,1,6490000,6490000
183,47,1,6490000,6490000
184,224,1,7590500,7590500
185,28,1,4590000,4590000
186,36,1,171000,171000
186,178,1,2990000,2990000
187,21,1,7990000,7990000
187,43,1,9490000,9490000
188,70,1,1890000,1890000
189,181,2,4990000,9980000
189,251,1,26590500,26590500
189,80,1,9490000,9490000
190,50,2,9490000,18980000
191,177,1,35140500,35140500
192,89,1,3490000,3490000
193,58,1,7490000,7490000
194,159,1,12990000,12990000
195,29,1,250000,250000
196,38,1,11390500,11390500
197,8,1,1795500,1795500
198,79,1,171000,171000
199,250,1,190000,190000
200,260,1,18990000,18990000
201,244,1,31990000,31990000
202,238,1,36990000,36990000
203,82,2,2241000,4482000
204,262,1,750000,750000
205,179,1,320000,320000
205,71,1,11990000,11990000
206,295,1,750000,750000
207,133,1,26590500,26590500
208,297,1,9490000,9490000
209,12,1,27990000,27990000
210,215,1,27990000,27990000
211,115,1,31990000,31990000
211,22,1,4740500,4740500
212,250,1,190000,190000
213,278,1,6490000,6490000
214,70,1,1890000,1890000
215,200,2,27990000,55980000
216,219,1,7990000,7990000
217,234,1,7990000,7990000
218,312,1,4990000,4990000
218,18,1,8541000,8541000
218,218,1,1890000,1890000
219,38,1,11390500,11390500
219,210,2,6490000,12980000
220,251,1,26590500,26590500
221,180,1,2990000,2990000
222,269,1,405000,405000
222,112,1,27990000,27990000
223,309,1,36990000,36990000
224,247,1,11990000,11990000
225,248,1,11990000,11990000
225,97,1,4590000,4590000
226,252,1,250000,250000
226,283,1,9490000,9490000
226,132,1,4740500,4740500
227,186,1,9490000,9490000
228,127,1,6490000,6490000
229,275,1,5391000,5391000
230,195,1,2241000,2241000
231,309,2,36990000,73980000
232,273,1,10791000,10791000
233,241,1,4590000,4590000
233,88,1,7990000,7990000
234,54,1,7490000,7490000
235,207,3,3990000,11970000
236,31,1,6490000,6490000
237,285,1,2365500,2365500
237,38,1,11990000,11990000
237,207,1,3790500,3790500
238,228,2,2490000,4980000
239,47,1,6490000,6490000
240,167,1,33291000,33291000
241,144,1,4990000,4990000
242,209,1,8991000,9890100
243,250,1,180500,180500
244,64,1,18990000,18990000
245,276,1,6490000,6490000
246,214,1,27990000,27990000
247,55,1,9990000,9990000
248,12,1,27990000,27990000
248,301,1,3990000,3990000
249,181,1,4990000,4990000
250,173,1,18990000,18990000
250,30,1,5841000,5841000
251,234,1,7191000,7191000
252,12,1,27990000,27990000
253,37,2,108000,216000
254,63,1,5990000,5990000
254,293,1,2990000,2990000
255,256,1,560500,560500
256,310,1,5391000,5391000
257,153,1,120000,120000
258,212,1,7191000,7191000
259,226,1,17091000,17091000
260,239,2,6165500,12331000
260,195,1,2490000,2490000
261,288,3,3990000,11970000
261,11,1,35140500,35140500
262,179,1,320000,320000
263,278,1,6490000,6490000
264,119,1,120000,120000
265,92,1,237500,237500
266,96,1,2990000,2990000
266,72,1,7990000,7990000
266,299,2,3141000,6282000
267,126,1,5690500,5690500
268,73,1,11990000,11990000
269,22,1,4990000,4990000
270,109,1,560500,560500
270,156,1,25191000,25191000
271,224,1,7990000,7990000
272,220,1,11691000,11691000
273,213,1,18990000,18990000
274,16,1,27990000,27990000
274,148,2,5391000,10782000
275,243,1,18990000,18990000
275,206,1,590000,590000
276,57,1,33291000,33291000
277,104,3,17091000,51273000
278,280,1,4590000,4590000
279,103,1,20691000,20691000
279,285,1,2490000,2490000
280,220,1,12990000,12990000
280,274,1,11990000,11990000
281,187,1,4740500,4740500
282,112,1,27990000,27990000
282,25,1,3490000,3839000
283,243,1,18990000,18990000
283,252,1,250000,250000
284,166,1,3990000,3990000
285,68,1,1890000,1890000
286,312,1,4740500,4740500
287,311,1,3990000,3990000
287,96,1,2840500,2840500
288,167,1,36990000,36990000
289,9,1,320000,320000
289,95,1,7590500,7590500
290,253,1,1701000,1701000
291,181,2,4740500,9481000
291,245,1,8541000,8541000
292,227,1,9490500,9490500
293,243,1,18990000,18990000
294,91,1,4990000,4990000
295,12,2,27990000,55980000
296,61,1,750000,750000
297,42,1,8541000,8541000
297,36,2,190000,380000
298,191,1,4491000,4491000
299,14,2,250000,500000
300,126,1,5990000,5990000
301,202,2,11990000,23980000
301,166,1,3990000,3990000
302,320,1,304000,304000
303,278,1,6490000,6490000
303,117,1,11990000,11990000
304,260,1,18040500,18040500
305,252,1,250000,250000
306,68,1,1795500,1795500
307,165,1,6490000,6490000
307,215,1,26590500,26590500
307,167,1,36990000,36990000
308,197,1,712500,712500
309,278,1,6490000,6490000
310,229,1,250000,250000
311,33,1,250000,250000
311,26,1,31990000,31990000
312,170,1,18040500,18040500
313,310,1,5391000,5391000
313,39,1,30390500,30390500
314,74,1,5990000,5990000
315,27,1,12340500,12340500
316,110,1,4990000,4990000
316,141,1,5841000,5841000
317,205,1,6490000,6490000
317,9,1,304000,304000
318,12,3,25191000,75573000
319,99,1,12990000,12990000
320,116,1,18990000,18990000
321,117,1,11990000,11990000
322,7,2,6490000,12980000
323,274,1,10791000,10791000
324,272,1,9490000,9490000
325,83,1,27990000,27990000
326,207,1,3591000,3591000
327,274,1,11990000,11990000
328,28,1,4590000,4590000
329,186,1,9490000,9490000
330,39,1,28791000,28791000
331,267,2,9490000,18980000
331,221,1,18040500,18040500
332,175,1,2241000,2241000
333,31,1,6490000,6490000
334,59,1,4740500,4740500
335,295,1,712500,712500
335,133,1,27990000,27990000
335,101,1,18990000,18990000
336,18,1,9490000,9490000
337,127,1,6165500,6165500
338,177,1,36990000,36990000
339,56,1,6490000,6490000
339,104,1,17091000,17091000
340,102,1,2490000,2490000
341,201,1,4990000,4990000
341,127,1,6490000,6490000
342,207,1,3990000,3990000
343,98,1,36990000,36990000
344,223,1,5990000,5990000
345,100,1,9490500,9490500
345,4,1,320000,320000
345,67,1,17091000,17091000
346,126,1,5391000,5391000
346,64,1,17091000,17091000
347,38,1,11990000,11990000
348,247,1,11990000,11990000
349,298,1,6490000,6490000
350,185,1,2691000,2691000
350,250,1,190000,190000
351,167,2,35140500,70281000
352,205,3,6165500,18496500
353,257,1,11990000,11990000
354,211,1,6490000,6490000
355,27,1,12990000,12990000
356,191,1,4491000,4491000
356,307,1,3490000,3490000
357,209,1,9990000,9990000
358,45,1,9015500,9015500
358,111,1,7490000,7490000
358,137,1,3990000,3990000
359,143,1,2490000,2490000
359,39,1,30390500,30390500
360,277,1,6165500,6165500
361,54,1,7490000,7490000
362,295,1,750000,750000
362,63,1,5990000,5990000
363,53,1,9015500,9015500
364,203,1,27990000,27990000
365,54,1,7490000,7490000
366,223,1,5990000,5990000
367,218,1,1890000,1890000
367,244,1,31990000,31990000
368,68,3,1890000,5670000
369,277,2,5841000,11682000
369,278,1,5841000,5841000
370,158,1,2990000,2990000
370,176,2,31990000,70378000
371,111,1,7490000,7490000
372,279,1,4131000,4131000
373,290,1,18040500,18040500
373,299,1,3490000,3490000
374,259,2,35140500,70281000
375,185,1,2990000,2990000
376,152,1,22990000,22990000
377,212,1,7191000,7191000
378,86,1,18990000,18990000
379,58,1,7490000,7490000
380,280,1,4131000,4131000
381,188,1,9990000,9990000
382,68,1,1701000,1701000
382,205,2,6490000,12980000
383,173,1,18040500,18040500
384,136,2,4491000,8982000
385,307,1,3141000,3141000
386,107,1,304000,304000
387,111,1,7115500,7115500
388,216,1,3790500,3790500
389,267,1,8541000,8541000
390,117,1,11990000,11990000
391,137,1,3990000,3990000
391,198,1,10791000,10791000
391,273,1,11390500,11390500
392,29,3,250000,750000
393,249,1,288000,288000
394,314,1,25191000,25191000
395,28,1,4590000,4590000
395,200,1,27990000,27990000
396,218,1,1890000,1890000
397,242,1,5690500,5690500
398,63,1,5990000,5990000
398,174,1,4740500,4740500
399,216,1,3990000,3990000
400,303,1,17091000,17091000
400,295,1,750000,750000
401,107,1,304000,304000
402,257,1,11990000,11990000
403,63,1,5690500,5690500
404,242,1,5990000,5990000
404,276,1,5841000,5841000
405,211,1,6165500,6165500
405,182,1,36990000,36990000
405,1,1,1890000,1890000
406,6,1,5990000,5990000
407,171,1,2490000,2490000
408,121,1,190000,190000
408,146,1,5990000,5990000
409,85,1,26590500,26590500
410,42,3,8541000,25623000
411,202,1,11990000,11990000
411,306,1,1890000,1890000
412,61,1,750000,750000
413,273,1,10791000,10791000
414,135,1,5990000,5990000
415,320,1,288000,288000
416,221,1,18990000,18990000
416,123,1,2365500,2365500
416,241,1,4131000,4131000
417,240,1,5990000,5990000
418,230,3,250000,750000
419,167,2,35140500,70281000
420,121,1,190000,190000
420,181,1,4740500,4740500
421,104,1,18990000,18990000
422,24,2,6165500,12331000
423,92,1,237500,237500
424,236,1,7590500,7590500
425,205,1,5841000,5841000
425,46,2,7191000,14382000
426,174,1,4491000,4491000
427,219,2,7990000,15980000
428,200,1,26590500,26590500
429,54,1,7490000,7490000
430,68,1,1890000,1890000
430,245,1,9015500,9015500
431,236,1,7590500,7590500
431,245,1,9490000,9490000
432,264,1,8991000,8991000
433,206,2,531000,1062000
433,132,1,4990000,4990000
433,169,1,3141000,3141000
434,271,1,6165500,6165500
435,251,1,27990000,27990000
436,130,1,7115500,7115500
436,142,1,9015500,9015500
436,237,1,9015500,9015500
437,41,1,190000,190000
438,302,2,36990000,73980000
439,272,1,9490000,9490000
440,87,1,4990000,4990000
441,302,1,36990000,36990000
441,263,1,4990000,4990000
442,163,1,18990000,18990000
443,21,3,7990000,23970000
443,36,1,171000,171000
444,69,1,4740500,4740500
445,267,1,9490000,9490000
446,116,1,18040500,18040500
447,270,1,5690500,5690500
448,315,1,4360500,4360500
449,61,1,712500,712500
450,73,1,11990000,11990000
450,189,1,1890000,1890000
450,180,2,2990000,5980000
451,207,1,3591000,3591000
452,80,1,9490000,9490000
453,60,1,11990000,11990000
454,319,1,2840500,2840500
455,180,2,2691000,5382000
455,106,1,7990000,7990000
456,100,2,9990000,19980000
457,290,1,18040500,18040500
458,173,1,17091000,17091000
459,256,1,590000,590000
459,224,2,7191000,14382000
460,109,1,560500,560500
461,42,1,9490000,9490000
462,75,1,6490000,6490000
463,29,1,225000,225000
464,98,1,33291000,33291000
465,203,1,25191000,25191000
465,320,2,288000,576000
466,316,1,2990000,2990000
466,309,1,36990000,36990000
466,119,1,108000,108000
467,296,1,20691000,20691000
467,62,1,27990000,27990000
468,182,1,33291000,33291000
469,102,1,2490000,2490000
470,50,2,8541000,17082000
471,82,2,2365500,4731000
472,242,1,5990000,5990000
473,153,1,120000,120000
474,63,2,5990000,11980000
475,251,1,27990000,27990000
476,180,1,2840500,2840500
477,50,1,9490000,9490000
478,89,1,3141000,3141000
479,277,1,6490000,6490000
479,79,1,190000,190000
480,132,1,4990000,4990000
481,169,1,3490000,3490000
482,144,1,4990000,4990000
482,75,1,6490000,6490000
483,96,1,2840500,2840500
484,114,1,30390500,30390500
485,204,1,9015500,9015500
486,57,1,35140500,35140500
487,296,1,22990000,22990000
487,42,3,9490000,28470000
488,31,1,6490000,6490000
488,266,1,120000,120000
489,215,1,27990000,27990000
489,288,1,3990000,3990000
490,169,2,3490000,6980000
491,154,1,22990000,22990000
492,176,1,31990000,31990000
493,238,1,36990000,36990000
494,211,2,6490000,12980000
495,125,2,6490000,12980000
496,212,1,7191000,7191000
497,314,1,26590500,26590500
497,12,1,25191000,25191000
497,174,1,4990000,4990000
498,284,1,2840500,2840500
499,159,1,12990000,12990000
500,143,1,2490000,2490000
501,202,1,10791000,10791000
502,110,1,4990000,4990000
503,74,2,5990000,11980000
503,53,1,9490000,9490000
504,245,1,9015500,9015500
504,53,1,9015500,9015500
504,120,2,3490000,6980000
505,107,1,288000,288000
505,271,1,6165500,6165500
506,54,1,7115500,7115500
507,170,1,18040500,18040500
507,282,1,7191000,7191000
507,299,1,3490000,3490000
508,249,1,320000,320000
508,307,1,3315500,3315500
509,151,1,3490000,3490000
509,302,2,36990000,73980000
509,57,2,36990000,73980000
510,28,1,4590000,4590000
511,170,1,18990000,18990000
512,220,1,11691000,11691000
513,159,1,11691000,11691000
514,199,1,36990000,36990000
515,173,1,18990000,18990000
516,290,1,18040500,18040500
516,170,2,18990000,37980000
517,202,1,11990000,11990000
518,237,1,8541000,8541000
518,270,1,5690500,5690500
518,174,1,4990000,4990000
519,76,1,22990000,22990000
520,174,1,4990000,4990000
520,282,1,7990000,7990000
521,298,3,6490000,19470000
522,186,1,9490000,9490000
523,297,3,8541000,25623000
524,210,2,5841000,11682000
525,122,1,4990000,4990000
526,11,1,36990000,36990000
527,316,1,2840500,2840500
527,116,1,18990000,18990000
528,319,1,2990000,2990000
529,235,1,3141000,3141000
530,197,1,750000,750000
530,129,1,2840500,2840500
530,254,1,7191000,7191000
531,102,1,2365500,2365500
532,89,1,3490000,3490000
533,228,1,2490000,2490000
533,139,1,9490000,9490000
534,45,1,8541000,8541000
535,288,3,3990000,11970000
536,281,1,3990000,3990000
536,224,2,7590500,15181000
537,298,1,6490000,6490000
537,13,1,25191000,25191000
538,13,1,27990000,27990000
539,108,1,28791000,28791000
540,20,2,4131000,9088200
541,234,2,7191000,14382000
542,82,1,2241000,2241000
543,92,1,225000,225000
544,69,1,4990000,4990000
544,144,1,4990000,4990000
544,16,1,26590500,26590500
545,149,1,28791000,28791000
545,295,1,675000,675000
545,64,1,17091000,17091000
546,199,1,36990000,36990000
547,168,1,27990000,27990000
548,212,1,7990000,7990000
548,238,1,33291000,33291000
549,206,1,560500,560500
550,65,1,18990000,18990000
551,1,2,1890000,3780000
552,14,1,225000,225000
553,241,1,4131000,4131000
554,314,1,27990000,27990000
554,25,1,3315500,3315500
555,145,1,2691000,2691000
556,67,2,18990000,37980000
557,307,1,3490000,3490000
557,157,1,7191000,7191000
558,219,1,7990000,7990000
559,267,1,8541000,8541000
560,82,1,2490000,2490000
560,87,1,4491000,4491000
561,11,2,36990000,73980000
562,307,1,3490000,3490000
563,153,1,108000,108000
564,228,1,2241000,2241000
564,36,2,180500,361000
565,299,1,3490000,3490000
565,176,1,28791000,28791000
566,53,1,9490000,9490000
567,191,1,4990000,4491000
568,93,1,7990000,7990000
569,319,1,2840500,2840500
570,293,1,2990000,2990000
571,87,1,4740500,4740500
572,5,1,7590500,7590500
572,31,1,6490000,6490000
573,235,1,3315500,3315500
573,92,1,237500,237500
574,178,1,2990000,2990000
575,236,2,7990000,15980000
576,171,1,2490000,2490000
577,229,3,225000,675000
578,220,1,12340500,12340500
579,42,1,9490000,9490000
579,240,1,5690500,5690500
579,309,1,36990000,36990000
580,198,1,11990000,11990000
581,113,1,18990000,18990000
582,163,1,17091000,17091000
582,189,1,1890000,1890000
583,92,1,225000,225000
583,185,1,2990000,2990000
584,79,1,180500,180500
585,204,1,9015500,9015500
586,147,1,11990000,11990000
586,203,1,27990000,27990000
587,68,1,1890000,1890000
588,126,1,5990000,5990000
589,238,1,35140500,35140500
590,152,1,20691000,20691000
591,152,1,22990000,22990000
592,216,1,3990000,3990000
593,116,1,18990000,18990000
594,46,1,7590500,7590500
595,249,1,304000,304000
596,317,1,31990000,31990000
597,271,1,5841000,5841000
598,110,1,4990000,4990000
599,88,1,7191000,7191000
600,317,1,31990000,31990000
601,73,1,11990000,11990000
602,57,1,36990000,36990000
603,11,1,36990000,36990000
603,198,1,11990000,11990000
603,82,1,2490000,2490000
604,195,1,2490000,2490000
605,74,1,5391000,5391000
606,167,1,36990000,36990000
607,4,2,320000,640000
608,253,2,1795500,3591000
609,43,1,9490000,9490000
610,245,2,9490000,18980000
611,171,1,2490000,2490000
611,101,1,17091000,17091000
612,75,1,6165500,6165500
612,33,1,250000,250000
613,197,1,712500,712500
614,165,1,6490000,6490000
615,62,1,25191000,25191000
615,170,2,18990000,37980000
616,133,1,27990000,27990000
616,167,1,36990000,36990000
617,202,2,11390500,22781000
618,85,2,27990000,55980000
619,276,1,5841000,5841000
619,74,1,5391000,5391000
619,33,2,237500,475000
620,273,1,10791000,10791000
621,256,1,590000,590000
622,87,1,4491000,4491000
623,34,1,17091000,17091000
624,186,1,9490000,9490000
625,115,1,30390500,30390500
626,213,1,18040500,18040500
627,270,1,5990000,5990000
627,139,1,9015500,9015500
628,91,1,4491000,4491000
628,110,1,4990000,4990000
629,250,1,190000,190000
629,195,1,2365500,2365500
630,314,1,27990000,27990000
631,287,1,4740500,4740500
632,101,2,17091000,34182000
633,261,2,9490000,18980000
634,298,3,6490000,19470000
635,238,3,36990000,110970000
635,245,1,9490000,9490000
635,40,1,1795500,1795500
636,302,1,35140500,35140500
637,42,1,8541000,7686900
638,233,1,250000,250000
639,3,1,590000,590000
640,263,1,4491000,4491000
641,5,1,7990000,7990000
641,21,1,7191000,7191000
641,36,2,190000,380000
642,252,2,225000,450000
643,223,1,5391000,5391000
644,192,1,7590500,7590500
645,176,1,28791000,28791000
645,245,1,9015500,9015500
646,293,1,2990000,2990000
647,181,1,4990000,4990000
647,176,1,31990000,31990000
648,155,1,27990000,27990000
649,31,1,5841000,5841000
650,101,1,18040500,18040500
651,248,1,11390500,11390500
652,243,1,18990000,18990000
653,226,2,18040500,36081000
654,56,1,6490000,6490000
655,219,1,7191000,7191000
656,7,1,5841000,5841000
657,232,1,750000,750000
658,139,2,9490000,18980000
659,29,1,250000,250000
659,44,1,2691000,2691000
660,295,3,712500,2137500
661,6,1,5391000,5391000
662,180,1,2840500,2840500
662,100,1,8991000,8991000
663,274,1,11390500,11390500
664,305,1,1890000,1890000
664,16,1,27990000,27990000
665,131,1,27990000,27990000
666,105,1,9490000,9490000
667,211,1,6490000,6490000
668,207,1,3790500,3790500
669,105,1,8541000,8541000
670,302,1,36990000,36990000
671,154,1,21840500,21840500
672,241,1,4590000,4590000
673,84,2,9490000,18980000
674,107,1,320000,320000
674,282,1,7990000,7990000
675,149,1,31990000,31990000
675,302,1,36990000,36990000
676,216,3,3790500,11371500
677,244,1,31990000,31990000
678,73,3,11990000,35970000
679,88,1,7990000,7990000
680,115,1,31990000,31990000
680,81,1,6490000,6490000
681,232,1,750000,750000
682,319,1,2990000,2990000
683,136,1,4990000,4990000
684,2,1,36990000,36990000
684,30,1,6165500,6165500
685,4,1,320000,320000
686,175,1,2490000,2490000
686,26,1,31990000,31990000
687,31,2,5841000,11682000
688,47,1,5841000,5841000
689,39,2,31990000,63980000
690,126,1,5690500,5690500
691,295,1,750000,750000
691,20,1,4590000,4590000
692,284,1,2691000,2691000
692,170,1,17091000,17091000
692,242,2,5990000,11980000
693,47,1,6165500,6165500
693,212,1,7990000,7990000
694,285,1,2365500,2365500
695,195,1,2490000,2490000
696,268,1,450000,450000
697,188,1,9490500,9490500
698,162,1,17091000,17091000
699,16,1,26590500,26590500
700,132,1,4990000,4990000
701,39,1,28791000,28791000
702,67,1,18040500,18040500
702,278,1,6490000,6490000
703,51,2,450000,900000
704,183,1,2490000,2490000
705,158,1,2990000,2990000
705,263,2,4740500,9481000
706,26,2,28791000,57582000
707,292,1,6165500,6165500
708,112,1,25191000,25191000
709,103,1,22990000,25289000
710,36,1,190000,190000
710,301,1,3790500,3790500
711,61,1,750000,750000
712,152,1,20691000,20691000
713,29,1,250000,250000
714,225,1,26590500,26590500
714,11,1,33291000,33291000
715,59,1,4491000,4491000
716,148,2,5690500,11381000
716,201,1,4990000,4990000
717,249,1,320000,320000
717,58,1,7115500,7115500
717,23,1,36990000,36990000
718,137,1,3990000,3990000
719,15,3,4990000,14970000
720,155,2,26590500,53181000
721,59,1,4990000,4990000
722,260,1,18040500,18040500
722,77,1,237500,237500
723,33,1,250000,250000
723,45,1,9490000,9490000
724,130,1,7490000,7490000
725,181,1,4990000,4990000
726,106,1,7990000,7990000
727,280,1,4590000,4590000
728,179,1,288000,288000
729,76,1,22990000,22990000
730,46,1,7990000,7990000
731,34,1,18990000,18990000
731,316,1,2990000,2990000
732,8,1,1890000,1890000
733,208,1,114000,114000
734,59,1,4990000,4990000
734,112,1,27990000,27990000
735,317,2,31990000,63980000
735,34,1,18990000,18990000
736,40,1,1890000,1890000
736,168,1,27990000,27990000
737,161,1,18990000,18990000
738,32,1,11990000,11990000
738,173,2,17091000,34182000
739,163,2,17091000,34182000
740,178,1,2990000,2990000
741,42,1,9015500,9015500
742,229,1,237500,237500
743,148,1,5990000,5990000
743,267,1,8541000,8541000
744,306,1,1890000,1890000
745,168,1,27990000,27990000
746,114,1,31990000,31990000
746,167,2,33291000,66582000
746,314,2,27990000,55980000
747,103,1,20691000,20691000
748,187,1,4990000,4990000
749,75,1,6490000,6490000
749,306,1,1795500,1795500
749,274,1,11990000,11990000
750,304,1,7191000,7191000
751,128,1,450000,450000
752,198,1,11990000,11990000
753,51,1,405000,405000
754,237,1,8541000,8541000
755,309,1,36990000,36990000
756,203,1,27990000,27990000
756,42,1,9490000,9490000
757,205,1,6490000,6490000
758,37,1,120000,120000
759,4,1,320000,320000
759,110,1,4990000,4990000
760,13,1,27990000,27990000
761,195,1,2490000,2490000
761,200,2,27990000,55980000
762,147,1,11990000,11990000
763,271,1,5841000,5841000
764,59,1,4990000,4990000
765,88,1,7191000,7191000
765,43,1,9490000,9490000
766,13,1,27990000,27990000
766,89,2,3315500,6631000
767,156,1,25191000,25191000
768,313,1,2365500,2365500
769,84,1,9490000,9490000
770,106,1,7590500,7590500
771,306,1,1890000,1890000
772,241,1,4590000,4590000
773,14,1,250000,250000
774,261,1,9490000,9490000
774,130,1,7115500,7115500
775,286,1,3490000,3490000
776,209,1,9990000,9990000
777,45,1,9490000,9490000
778,70,1,1795500,1615950
779,28,1,4131000,4131000
780,202,1,11990000,11990000
781,310,2,5990000,11980000
781,1,2,1701000,3402000
782,234,1,7590500,7590500
782,23,1,36990000,33291000
782,26,1,31990000,31990000
783,232,1,675000,675000
784,192,1,7990000,7191000
785,218,1,1701000,1701000
785,156,1,26590500,26590500
785,187,1,4740500,4740500
786,230,1,250000,250000
786,296,1,21840500,21840500
787,37,1,108000,108000
788,44,3,2691000,8073000
789,315,1,4590000,4590000
790,295,1,750000,750000
790,22,1,4990000,4990000
790,202,1,11390500,11390500
791,56,1,6490000,6490000
792,25,1,3141000,3141000
792,204,1,9490000,9490000
792,242,1,5990000,5990000
793,9,2,320000,640000
794,152,3,20691000,62073000
795,78,1,450000,450000
796,239,1,6165500,6165500
796,179,1,320000,320000
797,94,1,5690500,5690500
798,250,1,171000,171000
799,139,1,9490000,9490000
799,263,2,4990000,9980000
800,101,1,18040500,18040500
801,272,1,9015500,9015500
802,307,1,3141000,3141000
803,91,1,4491000,4491000
804,318,1,7990000,7990000
805,205,1,6490000,6490000
806,30,3,5841000,17523000
807,278,1,6165500,6165500
808,300,1,1890000,1890000
808,228,1,2365500,2365500
809,53,1,9490000,9490000
810,88,1,7590500,7590500
811,142,1,9490000,9490000
812,243,1,18990000,18990000
813,175,1,2241000,2241000
814,81,1,6490000,6490000
815,68,1,1701000,1701000
816,215,1,27990000,27990000
817,285,1,2490000,2490000
818,236,1,7191000,7191000
819,147,1,11990000,11990000
820,113,2,18990000,37980000
821,193,1,36990000,36990000
822,180,1,2840500,2840500
823,92,1,225000,225000
823,300,1,1890000,1890000
824,310,1,5391000,5391000
825,190,1,2691000,2691000
825,5,2,7191000,14382000
826,232,1,750000,750000
827,225,1,27990000,27990000
828,158,1,2691000,2691000
829,146,1,5391000,5391000
829,111,1,7490000,7490000
830,246,1,712500,712500
831,204,1,9490000,9490000
832,24,1,6490000,6490000
833,180,1,2990000,2990000
834,160,1,2990000,2990000
835,9,1,288000,288000
836,274,1,11390500,11390500
837,302,1,36990000,36990000
837,268,1,450000,450000
837,11,1,35140500,35140500
838,46,1,7590500,7590500
839,82,1,2490000,2490000
839,234,1,7590500,7590500
840,130,1,7490000,7490000
840,234,1,7191000,7191000
841,239,1,6165500,6165500
842,167,1,33291000,33291000
843,157,1,7990000,7990000
844,202,1,11990000,11990000
845,276,1,6490000,6490000
846,295,1,712500,712500
846,187,1,4491000,4491000
847,53,1,9015500,9015500
848,146,1,5690500,5690500
849,123,1,2241000,2241000
849,99,1,12990000,12990000
850,35,1,7990000,7990000
850,286,2,3315500,6631000
851,295,1,712500,712500
851,232,1,712500,712500
852,174,1,4990000,4990000
852,78,1,427500,427500
853,81,1,6490000,6490000
854,269,1,450000,450000
855,278,1,6490000,6490000
856,242,2,5391000,10782000
857,71,1,11990000,11990000
857,110,1,4990000,4990000
858,162,1,18040500,18040500
858,152,1,20691000,20691000
859,175,2,2241000,4482000
860,187,1,4740500,4740500
861,132,2,4990000,9980000
862,69,2,4491000,8982000
862,235,1,3490000,3490000
862,92,1,237500,237500
863,302,1,36990000,36990000
863,260,1,18990000,18990000
864,96,2,2990000,5980000
865,308,1,20691000,20691000
866,281,3,3990000,11970000
867,97,1,4590000,4590000
868,208,1,120000,120000
869,207,1,3990000,3990000
870,271,1,6490000,6490000
871,163,1,17091000,17091000
872,250,1,190000,190000
873,286,1,3141000,3141000
873,162,1,17091000,17091000
874,227,1,9490500,9490500
875,225,1,25191000,25191000
875,240,1,5690500,5690500
875,211,1,6490000,6490000
876,8,1,1890000,1890000
877,186,1,8541000,8541000
877,5,1,7191000,7191000
878,30,1,5841000,5841000
879,250,1,190000,190000
879,15,1,4990000,4990000
879,37,3,120000,360000
880,130,1,7115500,7115500
881,256,1,590000,590000
882,143,1,2365500,2365500
883,1,1,1890000,1890000
883,270,1,5990000,5990000
883,205,2,5841000,11682000
884,4,1,320000,320000
884,107,1,320000,320000
885,75,1,6490000,6490000
886,279,1,4360500,4360500
887,183,1,2490000,2241000
888,67,1,18990000,18990000
889,120,1,3490000,3490000
890,157,1,7990000,7990000
891,142,1,9015500,9015500
891,297,1,9490000,9490000
892,60,1,11990000,11990000
893,167,1,36990000,36990000
893,156,1,27990000,27990000
894,24,1,6490000,6490000
895,31,1,5841000,5841000
895,147,1,10791000,10791000
895,148,1,5690500,5690500
896,192,1,7990000,7990000
896,253,1,1890000,1890000
897,74,1,5990000,5990000
897,105,1,9490000,9490000
898,98,1,36990000,36990000
899,5,1,7990000,7990000
899,32,1,11990000,11990000
900,309,1,35140500,35140500
901,285,1,2490000,2490000
902,20,1,4360500,4360500
903,90,2,427500,855000
903,68,3,1701000,5103000
904,52,1,190000,190000
905,256,1,531000,531000
905,300,1,1890000,1890000
906,228,1,2490000,2490000
906,85,1,25191000,25191000
906,15,2,4990000,9980000
907,243,1,18040500,18040500
907,178,1,2990000,2990000
907,77,1,237500,237500
908,139,1,9490000,9490000
908,220,1,12340500,12340500
908,275,1,5690500,5690500
909,11,1,35140500,35140500
910,46,1,7191000,7191000
910,97,1,4360500,4360500
910,228,1,2490000,2490000
911,116,1,18990000,18990000
911,141,1,5841000,5841000
912,199,3,33291000,99873000
913,116,1,18040500,18040500
914,77,1,225000,225000
914,231,1,36990000,36990000
915,36,1,180500,180500
915,181,1,4990000,4990000
916,254,1,7990000,7990000
917,200,1,27990000,27990000
918,209,1,8991000,8991000
918,27,1,12340500,12340500
919,146,1,5990000,5990000
920,217,1,22990000,22990000
920,96,1,2691000,2691000
921,165,1,5841000,5841000
922,103,2,22990000,45980000
923,307,1,3490000,3490000
923,309,1,33291000,33291000
924,86,1,18040500,18040500
925,207,1,3790500,3790500
926,25,1,3315500,3315500
927,291,1,3315500,3315500
928,150,2,12990000,25980000
929,289,1,11990000,11990000
930,5,1,7590500,7590500
930,176,1,31990000,31990000
931,189,1,1890000,1890000
932,306,1,1701000,1701000
933,155,1,27990000,27990000
934,288,1,3990000,3990000
935,129,1,2990000,2990000
935,183,1,2490000,2490000
936,132,1,4990000,4990000
937,298,1,6165500,6165500
938,151,3,3490000,10470000
939,139,1,9490000,9490000
940,38,1,11990000,11990000
941,187,2,4740500,9481000
942,262,1,750000,750000
943,204,1,9490000,9490000
943,291,1,3141000,3141000
944,76,3,22990000,68970000
944,277,1,6165500,6165500
945,295,1,750000,750000
945,134,3,6490000,19470000
946,84,1,9490000,8541000
947,248,1,11990000,11990000
947,13,1,26590500,26590500
948,273,1,11390500,11390500
949,82,1,2490000,2490000
950,21,2,7990000,17578000
951,266,1,108000,108000
952,90,1,427500,427500
953,57,1,36990000,36990000
953,60,1,11990000,11990000
954,52,1,190000,190000
955,190,1,2691000,2691000
956,167,1,35140500,35140500
957,189,1,1795500,1795500
958,21,1,7990000,7990000
958,103,1,22990000,22990000
959,70,1,1795500,1795500
960,157,1,7990000,7990000
961,17,1,320000,320000
962,87,1,4491000,4041900
963,129,1,2840500,2840500
964,38,1,10791000,10791000
965,286,2,3315500,6631000
965,190,1,2840500,2840500
966,267,1,9490000,9490000
966,123,1,2241000,2241000
967,126,1,5990000,5990000
968,21,1,7590500,7590500
969,273,1,10791000,10791000
969,313,1,2241000,2241000
970,210,2,6165500,12331000
970,224,1,7191000,7191000
971,271,2,6490000,12980000
972,109,1,560500,560500
973,194,1,6490000,6490000
974,45,1,9490000,9490000
975,155,2,25191000,50382000
975,125,1,6490000,6490000
976,47,1,6490000,6490000
977,126,1,5990000,5990000
977,158,1,2990000,2990000
977,160,1,2990000,2990000
978,319,1,2840500,2840500
979,102,1,2241000,2241000
980,11,1,35140500,35140500
980,250,1,180500,180500
980,97,1,4360500,4360500
981,185,1,2990000,2990000
982,303,1,18040500,18040500
983,142,1,8541000,8541000
984,28,1,4131000,4131000
985,306,1,1890000,1890000
986,295,1,750000,750000
987,162,1,18990000,18990000
988,169,1,3315500,3315500
989,50,1,9490000,9490000
990,67,2,18990000,37980000
990,182,1,33291000,33291000
991,193,1,36990000,36990000
991,69,1,4491000,4491000
992,173,1,18040500,18040500
993,202,1,11990000,11990000
993,277,1,6490000,6490000
993,198,1,11990000,10791000
994,155,1,26590500,26590500
995,126,1,5990000,5990000
996,186,1,9490000,9490000
997,130,1,7115500,7115500
998,146,2,5990000,11980000
998,195,1,2365500,2365500
998,129,1,2691000,2691000
999,220,1,12990000,12990000
999,300,1,1890000,1890000
999,129,1,2840500,2840500
1000,192,2,7590500,15181000
1000,316,1,2990000,2990000
1001,240,2,5391000,10782000
1002,185,1,2990000,2990000
1002,33,1,250000,250000
1003,207,1,3990000,3990000
1004,22,1,4990000,5489000
1005,270,1,5990000,5990000
1006,78,1,405000,405000
1007,74,1,5690500,5690500
1007,29,1,250000,250000
1007,39,1,31990000,31990000
1008,118,1,18040500,18040500
1008,265,1,31990000,31990000
1008,110,1,4990000,4990000
1009,116,1,18990000,18990000
1010,225,1,27990000,27990000
1010,154,1,22990000,22990000
1011,256,1,590000,590000
1012,295,1,750000,750000
1012,304,1,7191000,7191000
1013,76,1,21840500,21840500
1013,239,1,6165500,6165500
1014,155,1,27990000,27990000
1015,42,1,9490000,9490000
1015,189,1,1795500,1795500
1016,18,1,8541000,8541000
1016,212,1,7990000,7990000
1017,253,1,1890000,1890000
1018,235,1,3490000,3490000
1018,222,1,33291000,33291000
1018,305,1,1701000,1701000
1019,181,1,4990000,4990000
1020,89,1,3490000,3490000
1020,49,1,2490000,2490000
1021,148,1,5391000,5391000
1022,139,1,8541000,8541000
1023,153,1,108000,108000
1024,306,3,1890000,5670000
1024,265,1,30390500,30390500
1025,199,1,36990000,36990000
1025,92,1,250000,250000
1025,172,1,3141000,3141000
1026,103,1,22990000,22990000
1027,65,1,18990000,18990000
1027,184,1,5841000,5841000
1028,318,1,7191000,7191000
1028,235,1,3490000,3490000
1029,295,1,750000,750000
1030,215,1,27990000,27990000
1030,279,1,4131000,4544100
1031,185,1,2691000,2691000
1032,195,3,2365500,7096500
1033,168,3,27990000,83970000
1033,294,1,5990000,5990000
1034,315,1,4590000,4590000
1034,32,1,11990000,11990000
1035,3,1,590000,590000
1036,297,1,9490000,9490000
1036,174,1,4740500,4740500
1037,138,1,7490000,7490000
1037,1,1,1701000,1701000
1037,295,1,750000,750000
1038,117,1,11390500,11390500
1038,118,2,18990000,37980000
1038,45,2,9490000,18980000
1039,139,1,8541000,8541000
1040,38,1,11990000,11990000
1040,16,1,26590500,26590500
1041,80,1,9015500,9015500
1042,111,1,6741000,6741000
1042,177,1,33291000,33291000
1043,170,1,18040500,18040500
1044,278,1,6490000,6490000
1044,58,1,6741000,6741000
1045,272,1,9490000,9490000
1046,94,2,5990000,11980000
1046,4,1,288000,288000
1047,31,1,6490000,6490000
1047,61,1,750000,750000
1048,126,1,5690500,5690500
1049,25,1,3141000,3141000
1050,275,1,5990000,5990000
1051,180,2,2990000,5980000
1051,153,2,120000,240000
1052,277,1,6490000,6490000
1053,121,1,190000,190000
1054,162,2,17091000,34182000
1055,139,1,9490000,9490000
1056,39,1,30390500,30390500
1056,311,1,3591000,3591000
1057,85,1,27990000,27990000
1058,276,1,6490000,6490000
1059,229,2,237500,475000
1060,81,1,6490000,6490000
1060,224,1,7191000,7191000
1061,126,2,5990000,11980000
1062,197,1,750000,750000
1062,224,2,7990000,15980000
1063,57,1,36990000,36990000
1064,39,1,30390500,30390500
1065,93,1,7990000,7990000
1066,107,1,320000,320000
1067,84,1,9490000,9490000
1067,16,1,27990000,27990000
1068,262,1,750000,750000
1069,269,1,450000,450000
1069,48,1,6490000,6490000
1070,42,1,9015500,9015500
1070,172,1,3490000,3490000
1071,53,1,9490000,9490000
1072,258,1,5990000,5990000
1072,120,1,3490000,3490000
1073,159,1,12990000,12990000
1073,27,1,11691000,11691000
1074,275,1,5990000,5990000
1074,3,1,560500,560500
1075,142,1,9490000,9490000
1075,63,1,5990000,5990000
1075,152,1,21840500,21840500
1076,319,2,2840500,5681000
1077,276,2,6490000,12980000
1078,124,1,2990000,2990000
1079,107,2,304000,608000
1079,319,1,2691000,2691000
1080,126,2,5391000,10782000
1080,225,2,27990000,55980000
1080,243,1,17091000,17091000
1081,161,1,18040500,18040500
1082,100,1,9490500,9490500
1083,78,1,405000,405000
1084,183,2,2241000,4482000
1084,114,1,31990000,31990000
1084,81,1,6490000,6490000
1085,115,2,31990000,63980000
1085,190,1,2840500,2840500
1086,138,1,6741000,6741000
1087,288,2,3591000,7182000
1087,118,1,17091000,17091000
1088,270,1,5990000,5990000
1088,193,1,36990000,36990000
1089,213,1,18990000,18990000
1089,21,1,7191000,7191000
1090,205,1,6165500,6165500
1091,305,1,1890000,1890000
1091,232,1,675000,675000
1092,134,1,6490000,6490000
1093,215,3,27990000,83970000
1094,187,1,4990000,4990000
1095,19,1,10791000,10791000
1096,277,1,5841000,5841000
1097,231,1,35140500,35140500
1097,85,1,26590500,26590500
1098,158,1,2840500,2840500
1099,90,1,450000,450000
1100,232,1,675000,675000
1101,198,1,10791000,10791000
1102,42,1,9015500,9015500
1103,268,1,405000,405000
1104,183,1,2490000,2490000
1105,238,1,36990000,36990000
1105,19,2,11990000,21582000
1106,27,1,12990000,12990000
1107,20,1,4360500,4360500
1108,143,1,2241000,2241000
1108,122,1,4740500,4740500
1108,170,1,18990000,18990000
1109,166,1,3790500,3790500
1110,131,1,27990000,27990000
1111,233,1,225000,225000
1111,144,1,4491000,4491000
1112,320,3,320000,960000
1112,5,1,7990000,7990000
1113,59,1,4990000,4990000
1114,10,1,6490000,6490000
1115,123,1,2490000,2490000
1116,59,1,4740500,4740500
1117,7,1,6490000,6490000
1117,125,1,6165500,6165500
1117,131,1,27990000,27990000
1118,215,1,27990000,27990000
1119,164,1,3990000,3990000
1119,177,1,36990000,36990000
1120,319,1,2840500,2840500
1121,278,1,5841000,5841000
1121,190,1,2990000,2990000
1122,204,2,9490000,18980000
1123,290,1,18990000,18990000
1123,294,1,5990000,5990000
1124,27,1,12990000,12990000
1125,131,1,27990000,27990000
1125,151,1,3490000,3490000
1126,159,1,11691000,11691000
1127,239,2,6490000,12980000
1128,79,1,190000,190000
1129,231,1,36990000,36990000
1130,216,1,3990000,3990000
1130,251,1,27990000,27990000
1131,93,1,7990000,7990000
1131,279,1,4590000,4590000
1132,278,1,5841000,5841000
1133,281,1,3990000,3990000
1134,22,1,4990000,4990000
1134,215,1,26590500,26590500
1134,78,1,405000,405000
1135,170,1,18990000,18990000
1136,45,1,8541000,8541000
1137,217,1,22990000,22990000
1138,288,1,3790500,3790500
1138,156,1,27990000,27990000
1139,246,1,712500,712500
1140,312,1,4740500,4740500
1141,105,1,9490000,9490000
1142,297,1,9490000,10439000
1143,58,2,7490000,16478000
1144,260,1,18990000,18990000
1145,193,1,36990000,36990000
1146,15,1,4491000,4491000
1146,295,2,675000,1350000
1146,77,1,225000,225000
1147,60,1,11990000,11990000
1148,125,1,6165500,6165500
1149,295,1,750000,750000
1150,179,1,304000,304000
1151,269,1,450000,450000
1151,110,1,4491000,4491000
1152,297,1,9490000,9490000
1153,173,3,18990000,56970000
1153,192,1,7990000,7990000
1153,59,1,4990000,4990000
1154,212,1,7990000,7990000
1155,221,1,17091000,17091000
1156,97,2,4590000,9180000
1156,62,1,25191000,25191000
1157,120,1,3490000,3490000
1158,123,1,2490000,2490000
1159,112,1,27990000,27990000
1160,74,1,5690500,5690500
1161,22,1,4990000,4990000
1161,182,1,36990000,36990000
1162,23,1,36990000,36990000
1163,4,2,320000,640000
1164,190,1,2691000,2691000
1164,186,1,9490000,9490000
1164,270,1,5990000,5990000
1165,116,1,18990000,18990000
1165,83,2,26590500,53181000
1166,232,1,750000,750000
1167,288,1,3990000,3990000
1167,276,1,6165500,6165500
1167,11,1,33291000,33291000
1168,66,1,675000,675000
1169,73,1,11990000,11990000
1170,33,1,237500,237500
1171,307,1,3490000,3490000
1171,93,1,7990000,7990000
1172,15,1,4990000,4990000
1173,309,1,36990000,36990000
1174,22,1,4990000,4990000
1175,287,1,4491000,4491000
1176,155,1,27990000,27990000
1176,168,1,27990000,27990000
1177,234,1,7990000,7990000
1178,196,1,4990000,4990000
1179,124,1,2840500,2840500
1180,253,1,1890000,1890000
1181,186,1,9490000,9490000
1182,72,1,7191000,7191000
1183,99,1,11691000,11691000
1184,151,2,3141000,6282000
1185,42,1,9490000,9490000
1186,307,1,3490000,3490000
1187,199,1,36990000,36990000
1187,159,1,12340500,12340500
1188,51,1,405000,405000
1189,41,1,180500,180500
1190,310,1,5990000,5990000
1190,122,1,4990000,4990000
1190,28,3,4590000,13770000
1191,145,1,2990000,2990000
1192,81,2,6165500,12331000
1192,125,1,5841000,5841000
1193,156,1,27990000,27990000
1194,7,1,6165500,6165500
1195,3,1,590000,590000
1196,295,1,750000,750000
1196,232,1,750000,750000
1197,209,1,9990000,9990000
1197,227,1,9990000,9990000
1197,43,1,9015500,9015500
1198,68,1,1890000,1890000
1199,217,2,22990000,45980000
1200,56,1,5841000,6425100
1201,82,1,2490000,2490000
1202,197,1,750000,750000
1203,299,1,3490000,3490000
1203,284,1,2990000,2990000
1203,301,1,3790500,3790500
1204,92,1,250000,250000
1205,220,1,12990000,12990000
1206,133,1,25191000,25191000
1207,148,1,5990000,5990000
1207,120,1,3315500,3315500
1208,211,1,6490000,6490000
1209,265,1,31990000,31990000
1210,7,2,6490000,12980000
1211,206,1,560500,560500
1212,311,1,3591000,3591000
1212,260,1,17091000,17091000
1213,162,1,17091000,17091000
1213,179,1,320000,320000
1214,281,2,3990000,7980000
1214,196,1,4990000,4990000
1214,72,1,7990000,7990000
1215,3,1,560500,560500
1215,1,1,1890000,1890000
1215,132,1,4990000,4990000
1216,17,1,288000,288000
1216,258,1,5391000,5391000
1217,37,1,114000,114000
1218,205,1,6490000,6490000
1219,182,1,33291000,33291000
1219,31,1,6490000,6490000
1220,44,3,2840500,8521500
1220,136,1,4740500,4740500
1221,136,1,4990000,5489000
1222,83,1,27990000,27990000
1222,8,1,1890000,1890000
1223,108,2,31990000,63980000
1224,271,1,6165500,6165500
1225,306,2,1795500,3591000
1226,80,1,9490000,9490000
1227,282,1,7990000,7990000
1228,97,1,4360500,4360500
1229,29,1,225000,225000
1229,216,1,3790500,3790500
1230,82,1,2490000,2490000
1230,232,1,712500,712500
1230,304,1,7191000,7191000
1231,157,2,7990000,15980000
1232,246,1,712500,712500
1233,46,1,7990000,7990000
1233,246,1,675000,675000
1234,304,1,7990000,7990000
1235,294,1,5990000,5990000
1235,209,1,9990000,9990000
1236,186,1,9490000,9490000
1236,236,1,7191000,7191000
1237,237,3,8541000,25623000
1237,44,1,2990000,2990000
1238,1,2,1701000,3402000
1239,205,1,6165500,6165500
1240,112,1,27990000,27990000
1240,54,1,7490000,7490000
1241,34,2,18990000,37980000
1242,315,2,4590000,9180000
1243,270,1,5990000,5990000
1243,1,1,1890000,1890000
1244,245,1,9490000,9490000
1244,118,1,18990000,18990000
1245,202,1,11990000,11990000
1246,186,1,9490000,9490000
1247,61,1,675000,675000
1248,275,1,5990000,5990000
1248,314,1,25191000,25191000
1249,77,1,250000,250000
1249,29,1,250000,250000
1250,232,1,712500,712500
1251,262,1,712500,712500
1251,275,1,5990000,5990000
1252,24,1,6490000,6490000
1253,57,1,33291000,33291000
1254,147,1,11390500,11390500
1255,237,2,9490000,18980000
1256,182,1,33291000,33291000
1256,56,1,6165500,6165500
1256,133,2,27990000,55980000
1257,171,1,2365500,2365500
1258,302,1,36990000,36990000
1259,273,1,11990000,11990000
1260,77,2,250000,500000
1260,183,1,2490000,2490000
1261,152,1,22990000,22990000
1262,114,1,31990000,31990000
1263,287,1,4990000,4990000
1264,150,1,11691000,11691000
1264,128,1,427500,427500
1265,241,1,4590000,4590000
1266,217,1,20691000,20691000
1267,250,2,190000,380000
1268,75,2,6490000,12980000
1269,108,1,31990000,31990000
1269,182,1,35140500,35140500
1270,72,1,7990000,7990000
1271,221,1,18040500,18040500
1272,289,2,11990000,23980000
1272,226,1,18990000,18990000
1273,85,1,27990000,27990000
1274,204,1,9490000,9490000
1275,248,1,11990000,11990000
1276,311,1,3990000,3990000
1277,170,1,17091000,17091000
1278,42,1,9015500,9015500
1279,308,1,22990000,22990000
1280,232,1,712500,712500
1281,146,1,5391000,5391000
1282,280,1,4590000,4590000
1283,291,1,3490000,3490000
1284,152,1,22990000,22990000
1285,2,1,36990000,36990000
1286,85,1,25191000,25191000
1286,265,1,31990000,31990000
1286,28,1,4131000,4131000
1287,241,3,4590000,13770000
1288,298,1,6490000,6490000
1289,184,1,5841000,5841000
1289,241,1,4590000,4590000
1290,43,1,8541000,8541000
1291,99,1,11691000,11691000
1292,129,1,2691000,2691000
1293,132,1,4990000,4990000
1294,104,1,18990000,18990000
1295,102,1,2241000,2241000
1295,8,1,1890000,1890000
1296,268,1,450000,450000
1297,64,2,18990000,37980000
1298,208,1,114000,114000
1298,2,1,36990000,36990000
1298,35,1,7590500,7590500
1299,9,1,304000,304000
1299,5,1,7990000,7990000
1299,17,1,320000,320000
1300,15,1,4990000,4990000
1301,30,1,6490000,6490000
1301,196,1,4990000,4990000
1301,308,2,22990000,45980000
1302,129,1,2840500,2840500
1303,118,1,18990000,18990000
1303,244,1,31990000,31990000
1303,271,1,6490000,6490000
1304,55,1,8991000,8991000
1304,258,1,5990000,5990000
1304,51,2,450000,900000
1305,185,1,2840500,2840500
1306,305,1,1701000,1701000
1307,116,2,17091000,34182000
1308,133,1,27990000,27990000
1308,190,1,2691000,2691000
1309,2,1,36990000,36990000
1309,160,2,2990000,5980000
1310,9,1,320000,320000
1311,103,1,22990000,22990000
1311,95,1,7191000,7191000
1311,299,1,3490000,3839000
1312,279,1,4590000,4590000
1313,301,1,3790500,3790500
1313,125,1,5841000,5841000
1314,95,1,7990000,7990000
1315,207,1,3591000,3591000
1316,52,1,190000,190000
1317,143,1,2365500,2365500
1318,158,1,2990000,2990000
1319,127,1,6490000,6490000
1320,214,1,27990000,27990000
1320,57,1,36990000,36990000
1321,66,1,675000,675000
1322,255,1,27990000,27990000
1322,200,1,27990000,27990000
1322,161,1,17091000,17091000
1323,206,1,590000,590000
1324,130,1,7490000,7490000
1325,22,1,4990000,4990000
1326,199,1,36990000,36990000
1327,85,1,27990000,27990000
1328,112,1,27990000,27990000
1329,40,1,1890000,1890000
1329,7,2,6490000,12980000
1330,173,1,17091000,17091000
1331,96,1,2840500,2840500
1332,157,1,7191000,7191000
1333,287,1,4990000,4990000
1333,159,2,12990000,25980000
1334,95,1,7990000,7990000
1335,147,2,11990000,21582000
1335,262,1,750000,750000
1336,284,1,2990000,2990000
1337,259,2,36990000,73980000
1337,177,1,36990000,36990000
1338,49,1,2365500,2365500
1339,299,1,3141000,3141000
1339,35,1,7590500,7590500
1339,172,1,3490000,3490000
1340,94,1,5990000,5990000
1341,153,3,108000,324000
1341,69,1,4740500,4740500
1341,255,1,27990000,27990000
1342,165,1,6165500,6165500
1343,100,1,8991000,8991000
1344,120,1,3490000,3490000
1344,154,1,22990000,22990000
1345,236,1,7990000,7990000
1345,20,1,4590000,4590000
1346,202,1,11990000,11990000
1347,16,1,27990000,27990000
1347,136,1,4990000,4990000
1347,308,1,20691000,20691000
1348,93,1,7990000,7990000
1349,18,1,9490000,9490000
1350,269,1,427500,427500
1351,80,1,9490000,9490000
1351,290,1,18990000,18990000
1351,268,1,450000,450000
1352,129,1,2990000,2990000
1353,222,1,33291000,33291000
1354,18,1,9490000,9490000
1355,153,1,108000,108000
1356,248,1,10791000,9711900
1357,61,1,750000,750000
1358,143,1,2365500,2365500
1359,177,1,36990000,36990000
1360,195,2,2490000,4980000
1361,83,1,26590500,26590500
1361,115,1,31990000,31990000
1362,160,1,2990000,2990000
1362,21,1,7990000,7990000
1363,5,1,7990000,7990000
1363,280,1,4360500,4360500
1364,46,1,7990000,7990000
1365,155,2,25191000,50382000
1366,235,1,3490000,3490000
1367,142,1,9015500,9015500
1368,28,1,4590000,4590000
1369,219,1,7990000,7990000
1370,300,1,1795500,1795500
1371,143,1,2241000,2241000
1372,62,1,25191000,25191000
1373,47,1,6490000,6490000
1374,181,1,4990000,4990000
1374,79,1,171000,171000
1375,230,1,250000,250000
1376,246,1,750000,750000
1377,247,1,10791000,10791000
1377,280,1,4590000,4590000
1378,89,1,3490000,3490000
1379,310,1,5990000,5990000
1380,138,1,7490000,7490000
1381,134,1,6165500,6165500
1381,147,1,10791000,10791000
1381,173,1,18040500,18040500
1382,78,1,450000,450000
1382,194,1,6490000,6490000
1382,64,1,17091000,17091000
1383,67,1,18990000,18990000
1384,235,1,3490000,3490000
1385,60,1,11990000,11990000
1386,316,1,2990000,2990000
1387,285,1,2490000,2490000
1388,251,1,27990000,27990000
1389,291,1,3490000,3490000
1390,194,1,5841000,5841000
1390,297,1,9490000,9490000
1391,300,1,1890000,1890000
1392,135,1,5690500,5690500
1393,216,1,3790500,3790500
1394,95,1,7590500,7590500
1394,109,1,590000,590000
1394,46,1,7990000,7990000
1395,215,1,25191000,25191000
1396,78,1,450000,495000
1397,3,1,590000,590000
1398,286,1,3490000,3490000
1398,212,1,7990000,7990000
1399,29,1,225000,225000
1400,304,2,7990000,15980000
1401,40,1,1795500,1795500
1401,2,1,36990000,36990000
1402,141,1,6490000,6490000
1403,209,1,9490500,9490500
1404,99,1,12990000,12990000
1405,248,2,11390500,22781000
1406,37,3,120000,360000
1407,147,1,10791000,10791000
1408,209,1,9990000,9990000
1409,222,1,33291000,33291000
1409,240,1,5690500,5690500
1409,147,1,10791000,10791000
1410,175,1,2365500,2365500
1411,74,2,5690500,11381000
1412,86,1,18990000,18990000
1413,58,1,7490000,7490000
1414,23,1,33291000,33291000
1414,54,1,7490000,7490000
1415,168,1,27990000,27990000
1415,111,1,7490000,7490000
1416,50,1,9490000,9490000
1417,234,1,7990000,7990000
1417,60,1,11390500,11390500
1418,133,1,27990000,27990000
1419,56,1,6490000,6490000
1420,250,1,190000,190000
1421,186,1,9015500,9015500
1422,40,1,1890000,1890000
1423,320,1,320000,320000
1423,196,1,4990000,4990000
1424,45,1,9490000,9490000
1424,156,1,27990000,27990000
1425,288,1,3990000,3990000
1426,106,1,7990000,7990000
1427,112,1,26590500,29249550
1428,101,1,18990000,18990000
1429,104,1,17091000,17091000
1430,315,1,4590000,4590000
1431,190,1,2691000,2691000
1432,299,1,3490000,3490000
1433,145,1,2990000,2691000
1433,183,1,2365500,2365500
1433,119,1,120000,120000
1434,3,1,531000,531000
1435,94,1,5990000,5990000
1436,100,1,9990000,9990000
1437,226,1,18990000,18990000
1438,86,1,18040500,18040500
1439,115,1,31990000,31990000
1440,28,1,4590000,4590000
1441,53,1,9490000,9490000
1442,150,1,12990000,12990000
1443,60,1,11990000,11990000
1444,264,1,9990000,9990000
1445,173,1,18990000,18990000
1446,183,1,2365500,2365500
1447,82,2,2490000,4980000
1447,82,1,2241000,2241000
1448,238,1,36990000,36990000
1449,109,1,590000,590000
1450,316,1,2840500,2840500
1451,241,1,4360500,4360500
1452,282,1,7191000,7191000
1453,292,1,5841000,5841000
1454,152,1,21840500,24024550
1454,180,1,2990000,2990000
1455,279,1,4131000,4131000
1456,221,1,17091000,17091000
1456,276,1,6490000,6490000
1457,306,1,1701000,1701000
1457,315,1,4360500,4360500
1457,118,1,18040500,18040500
1458,258,1,5990000,5990000
1459,106,1,7990000,7990000
1460,260,1,17091000,17091000
1460,131,1,27990000,27990000
1461,237,1,9490000,9490000
1462,316,1,2990000,2990000
1463,197,1,750000,750000
1464,297,1,9490000,9490000
1465,232,1,750000,750000
1466,216,1,3990000,3990000
1467,77,1,225000,225000
1468,40,1,1890000,1890000
1469,24,1,6490000,6490000
1470,281,1,3790500,3790500
1471,138,1,7490000,7490000
1471,169,1,3490000,3490000
1472,207,1,3790500,3790500
1472,217,1,22990000,22990000
1472,285,1,2365500,2365500
1473,177,1,36990000,36990000
1474,307,1,3490000,3490000
1474,188,1,8991000,8991000
1475,184,1,5841000,5841000
1475,155,1,27990000,27990000
1476,91,1,4990000,4990000
1476,262,1,675000,675000
1476,7,1,6490000,6490000
1477,169,1,3315500,3315500
1478,172,3,3315500,9946500
1478,239,1,6490000,6490000
1479,90,1,405000,405000
1480,23,1,33291000,33291000
1481,157,3,7990000,23970000
1482,109,1,531000,531000
1483,127,1,6490000,6490000
1484,312,1,4990000,4990000
1485,275,1,5990000,5990000
1486,138,1,7490000,7490000
1487,39,1,31990000,31990000
1488,196,1,4990000,4990000
1488,176,1,30390500,30390500
1489,89,1,3490000,3490000
1489,241,2,4131000,8262000
1490,177,1,35140500,35140500
1490,138,1,7490000,7490000
1490,106,2,7990000,15980000
1491,295,1,675000,675000
1492,165,1,6490000,6490000
1493,266,1,120000,120000
1494,303,1,17091000,17091000
1494,221,1,18040500,18040500
1494,158,1,2840500,2840500
1495,312,1,4990000,4990000
1496,157,1,7990000,7990000
1497,283,1,8541000,8541000
1498,186,1,8541000,8541000
1498,156,1,27990000,27990000
1499,34,1,18990000,18990000
1500,231,1,35140500,38654550
1501,242,1,5391000,5391000
1502,78,1,450000,450000
1502,176,1,31990000,31990000
1503,45,1,9490000,9490000
1504,95,1,7590500,7590500
1505,313,1,2241000,2241000
1506,272,1,9490000,9490000
1507,8,1,1890000,1890000
1508,304,1,7990000,7990000
1509,297,1,9015500,9015500
1509,229,1,237500,237500
1509,25,1,3490000,3490000
1510,297,1,9490000,9490000
1511,149,1,31990000,31990000
1511,48,3,6490000,19470000
1511,52,2,171000,342000
1512,161,1,18040500,18040500
1513,135,1,5990000,5990000
1514,188,1,9490500,9490500
1514,247,1,11990000,11990000
1515,28,1,4131000,4131000
1516,158,2,2990000,5980000
1517,239,1,6165500,6165500
1518,306,2,1890000,3780000
1518,53,1,9490000,9490000
1519,294,1,5990000,5990000
1520,278,1,6490000,6490000
1521,280,1,4590000,4590000
1521,142,1,9490000,9490000
1522,239,1,6165500,6165500
1523,214,1,27990000,27990000
1524,226,1,18990000,18990000
1525,96,1,2990000,2990000
1525,2,1,35140500,35140500
1526,127,1,6490000,6490000
1526,301,1,3990000,3990000
1527,44,1,2840500,2840500
1528,243,1,18990000,18990000
1528,37,1,120000,120000
1529,242,1,5990000,5990000
1530,5,1,7990000,7990000
1531,167,1,33291000,33291000
1532,91,1,4740500,4740500
1533,121,1,171000,171000
1533,125,1,6165500,6165500
1534,75,1,6490000,6490000
1534,305,1,1890000,1890000
1535,150,1,12990000,12990000
1535,238,1,36990000,36990000
1535,178,1,2691000,2691000
1536,40,1,1890000,1890000
1537,289,1,11990000,11990000
1538,13,1,27990000,27990000
1539,78,1,450000,450000
1540,49,1,2365500,2365500
1541,245,1,9490000,9490000
1541,52,1,171000,171000
1542,16,2,27990000,55980000
1542,314,1,27990000,27990000
1543,20,1,4590000,4590000
1544,178,1,2840500,2840500
1545,17,1,320000,320000
1546,32,1,10791000,10791000
1547,17,1,288000,288000
1548,259,2,35140500,70281000
1549,149,1,31990000,31990000
1550,122,1,4990000,4990000
1551,301,1,3591000,3591000
1552,125,1,6490000,6490000
1553,138,1,7490000,7490000
1554,119,1,120000,120000
1555,89,1,3141000,3141000
1556,309,1,36990000,36990000
1557,31,2,6165500,12331000
1558,242,1,5990000,5990000
1559,248,1,10791000,11870100
1559,84,1,9490000,9490000
1560,24,2,6490000,12980000
1560,234,1,7990000,7990000
1560,218,1,1890000,1890000
1561,138,1,6741000,6741000
1562,177,1,33291000,33291000
1563,287,3,4990000,14970000
1564,240,1,5990000,5990000
1564,262,1,750000,750000
1564,166,1,3790500,3790500
1565,308,1,22990000,22990000
1566,40,1,1701000,1701000
1567,287,2,4740500,9481000
1568,25,1,3490000,3490000
1569,182,1,33291000,33291000
1569,150,1,12990000,12990000
1570,50,1,9490000,9490000
1570,185,1,2691000,2691000
1571,305,1,1890000,1890000
1572,157,3,7990000,23970000
1572,172,1,3490000,3490000
1573,160,1,2691000,2691000
1574,73,1,11990000,11990000
1574,50,1,9015500,9015500
1574,144,1,4740500,4740500
1575,320,1,288000,288000
1576,85,1,27990000,27990000
1577,230,1,250000,250000
1578,120,1,3141000,3141000
1578,264,1,8991000,8991000
1579,185,1,2990000,2990000
1580,122,1,4990000,4990000
1580,19,2,11390500,22781000
1581,8,1,1890000,1890000
1582,289,1,10791000,10791000
1583,179,1,304000,304000
1584,211,1,6490000,6490000
1585,155,1,26590500,26590500
1586,126,1,5990000,5990000
1587,245,1,9490000,9490000
1588,189,1,1701000,1701000
1589,160,1,2691000,2691000
1590,315,1,4131000,4131000
1590,197,1,750000,750000
1591,80,2,8541000,17082000
1592,100,1,9990000,9990000
1592,135,1,5690500,5690500
1592,84,1,9490000,9490000
1593,181,1,4491000,4491000
1594,175,1,2490000,2490000
1595,27,1,12340500,12340500
1596,320,1,320000,320000
1596,90,1,427500,427500
1597,72,1,7990000,7990000
1598,189,1,1890000,1890000
1598,238,1,36990000,36990000
1599,96,1,2840500,2840500
1600,284,1,2990000,2990000
1600,206,1,590000,590000
1600,263,1,4990000,4990000
1601,209,1,9990000,9990000
1601,266,1,114000,114000
1602,72,1,7590500,7590500
1603,39,2,31990000,63980000
1604,100,1,8991000,8991000
1604,227,1,9990000,9990000
1605,119,1,120000,120000
1606,151,1,3490000,3490000
1607,206,1,560500,560500
1607,34,2,18990000,37980000
1607,257,1,11990000,11990000
1608,40,1,1701000,1701000
1608,135,1,5990000,5990000
1609,49,1,2490000,2490000
1610,106,2,7990000,15980000
1611,21,1,7590500,7590500
1612,172,1,3141000,3141000
1613,11,1,36990000,36990000
1614,293,1,2990000,2990000
1615,160,1,2990000,2990000
1615,183,1,2490000,2241000
1616,119,1,114000,114000
1617,118,2,18040500,36081000
1618,150,1,12990000,12990000
1619,165,2,6490000,12980000
1619,22,1,4990000,4990000
1620,194,2,6490000,12980000
1621,60,1,11990000,11990000
1621,130,1,7490000,7490000
1621,219,1,7191000,7191000
1622,155,1,27990000,27990000
1623,14,1,250000,250000
1624,281,1,3990000,3990000
1625,200,1,27990000,27990000
1626,169,1,3490000,3490000
1627,317,1,30390500,30390500
1627,27,1,12990000,12990000
1628,14,1,250000,250000
1628,82,1,2490000,2490000
1628,16,1,25191000,25191000
1629,156,1,27990000,27990000
1630,71,1,10791000,10791000
1631,237,1,8541000,8541000
1631,113,1,18990000,18990000
1632,4,1,320000,320000
1632,48,2,6490000,12980000
1633,96,3,2990000,8970000
1633,186,1,9015500,9015500
1634,141,1,5841000,5841000
1635,98,1,35140500,35140500
1635,149,3,31990000,95970000
1636,103,1,21840500,21840500
1637,195,1,2490000,2490000
1638,26,1,31990000,31990000
1639,314,1,27990000,27990000
1640,290,1,17091000,17091000
1641,20,1,4590000,4590000
1642,10,1,5841000,5841000
1642,204,1,9015500,9015500
1643,95,1,7990000,7990000
1644,118,2,18990000,37980000
1645,206,1,531000,531000
1645,72,1,7990000,7990000
1645,97,1,4131000,4131000
1646,98,1,33291000,33291000
1647,291,3,3490000,10470000
1648,240,2,5391000,10782000
1648,265,1,28791000,28791000
1649,166,1,3990000,3990000
1649,146,1,5391000,5391000
1650,184,1,6490000,6490000
1651,208,1,108000,108000
1652,103,1,21840500,21840500
1652,18,1,9490000,9490000
1653,69,1,4990000,4990000
1654,111,1,7490000,7490000
1655,15,1,4990000,4990000
1656,290,1,17091000,17091000
1657,165,3,6165500,18496500
1658,138,1,6741000,6741000
1658,241,2,4590000,9180000
1659,190,1,2990000,2990000
1660,76,1,22990000,22990000
1660,28,1,4590000,4590000
1660,235,1,3141000,3141000
1661,76,1,22990000,22990000
1661,223,1,5990000,5990000
1661,289,1,11990000,11990000
1662,132,1,4990000,4990000
1662,153,1,120000,120000
1663,161,1,18990000,18990000
1664,64,1,18990000,18990000
1664,302,1,36990000,36990000
1665,247,1,10791000,10791000
1665,20,1,4590000,4590000
1666,201,1,4990000,4990000
1667,48,1,6165500,6165500
1668,120,1,3315500,3315500
1669,233,2,250000,500000
1670,64,1,18990000,18990000
1670,151,1,3490000,3490000
1671,72,1,7990000,7990000
1671,228,1,2490000,2490000
1672,120,1,3490000,3490000
1673,56,2,6165500,12331000
1674,16,1,26590500,26590500
1674,10,1,6165500,6165500
1675,88,1,7590500,7590500
1675,16,1,27990000,27990000
1676,4,1,288000,288000
1676,243,2,18990000,37980000
1677,27,1,12340500,12340500
1677,269,1,450000,450000
1678,169,1,3490000,3490000
1679,265,1,31990000,31990000
1680,255,1,27990000,27990000
1681,33,1,250000,250000
1682,14,1,250000,250000
1682,89,3,3490000,10470000
1683,241,2,4131000,8262000
1684,298,2,6490000,12980000
1684,49,1,2490000,2490000
1684,117,1,11990000,11990000
1685,279,1,4590000,4590000
1686,314,1,27990000,27990000
1686,257,1,10791000,10791000
1687,58,1,7490000,7490000
1688,238,1,36990000,36990000
1689,198,1,11990000,11990000
1690,296,1,21840500,21840500
1690,154,1,20691000,20691000
1691,156,1,26590500,26590500
1692,72,1,7590500,8349550
1693,198,1,11390500,11390500
1693,144,1,4990000,4990000
1694,129,1,2990000,2990000
1694,193,1,36990000,36990000
1695,13,2,27990000,55980000
1695,132,1,4740500,4740500
1696,303,1,18990000,18990000
1696,318,1,7990000,7990000
1697,101,1,18040500,18040500
1698,165,1,5841000,5841000
1699,236,1,7990000,7990000
1700,271,1,6490000,6490000
1701,173,3,17091000,51273000
1702,258,1,5990000,5990000
1702,138,3,7115500,21346500
1703,222,1,36990000,36990000
1704,294,1,5391000,5391000
1705,273,1,10791000,10791000
1705,31,1,5841000,5841000
1706,291,1,3315500,3315500
1707,34,1,18990000,18990000
1708,7,1,5841000,5841000
1709,102,1,2490000,2490000
1710,215,1,27990000,27990000
1711,196,2,4491000,8982000
1712,253,1,1890000,2079000
1713,157,1,7990000,7990000
1714,51,1,450000,450000
1715,77,1,250000,250000
1716,270,1,5990000,5990000
1717,214,1,25191000,25191000
1717,256,1,590000,590000
1718,23,2,35140500,70281000
1719,183,1,2490000,2490000
1720,249,1,288000,288000
1720,228,1,2365500,2365500
1721,73,1,11990000,11990000
1722,176,1,31990000,31990000
1723,47,1,6165500,6165500
1723,282,1,7590500,7590500
1723,213,2,18990000,37980000
1724,47,1,6490000,6490000
1724,285,1,2365500,2365500
1724,195,1,2241000,2241000
1725,133,1,27990000,30789000
1726,161,1,18040500,18040500
1727,205,1,5841000,5841000
1727,76,1,22990000,22990000
1728,171,1,2241000,2241000
1729,258,1,5990000,5990000
1730,169,1,3315500,3315500
1731,297,1,9490000,9490000
1732,180,1,2990000,2990000
1732,96,1,2691000,2691000
1733,88,1,7990000,7990000
1734,285,1,2490000,2490000
1734,130,1,7490000,7490000
1735,95,1,7590500,7590500
1735,256,1,590000,590000
1736,98,1,35140500,35140500
1737,157,1,7590500,7590500
1738,31,1,6490000,6490000
1738,176,1,31990000,31990000
1739,181,1,4990000,4990000
1740,188,1,9990000,9990000
1741,248,1,11990000,11990000
1741,227,1,9990000,9990000
1741,93,1,7590500,7590500
1742,144,1,4491000,4491000
1743,218,1,1890000,1890000
1744,214,3,25191000,75573000
1745,299,1,3490000,3490000
1746,264,1,9990000,9990000
1746,255,1,26590500,26590500
1746,14,1,237500,237500
1747,113,1,18040500,18040500
1748,119,1,120000,120000
1749,13,2,26590500,53181000
1749,306,1,1890000,1890000
1750,140,1,4990000,4990000
1751,185,1,2691000,2691000
1752,156,1,27990000,27990000
1753,153,1,114000,114000
1754,206,1,531000,531000
1755,187,1,4740500,4740500
1756,262,1,750000,750000
1757,301,2,3990000,7980000
1757,251,1,25191000,25191000
1758,83,1,26590500,26590500
1759,83,1,27990000,27990000
1759,177,1,35140500,35140500
1760,308,1,22990000,22990000
1761,19,1,10791000,10791000
1761,7,1,6490000,6490000
1762,32,1,11990000,11990000
1763,90,1,427500,427500
1764,29,1,237500,237500
1765,62,1,27990000,27990000
1766,153,1,120000,120000
1766,24,1,6490000,6490000
1767,186,2,9490000,18980000
1768,220,1,12990000,12990000
1769,47,1,6490000,6490000
1770,201,1,4990000,4990000
1770,302,1,33291000,33291000
1771,253,1,1890000,1890000
1771,28,1,4360500,4360500
1772,67,1,18040500,18040500
1773,163,1,18990000,18990000
1774,54,1,7490000,7490000
1774,278,1,6490000,6490000
1774,223,1,5990000,5990000
1775,53,1,8541000,8541000
1775,7,1,6490000,6490000
1776,108,1,31990000,31990000
1777,65,1,18990000,18990000
1778,271,1,5841000,5841000
1778,287,1,4990000,4990000
1779,83,1,25191000,25191000
1780,212,1,7990000,7990000
1781,227,1,9990000,9990000
1782,258,1,5391000,5391000
1783,84,1,8541000,8541000
1783,247,1,11990000,11990000
1784,267,1,9490000,9490000
1784,70,1,1701000,1701000
1785,68,1,1795500,1795500
1786,203,1,26590500,26590500
1787,84,1,9015500,9015500
1788,110,1,4990000,4990000
1788,10,1,5841000,5841000
1789,114,1,28791000,28791000
1789,291,1,3141000,3141000
1789,195,1,2241000,2241000
1790,52,3,171000,513000
1791,47,1,6490000,6490000
1791,101,1,18990000,18990000
1792,25,2,3490000,6980000
1792,102,1,2490000,2490000
1793,152,1,20691000,20691000
1794,151,1,3315500,3315500
1795,194,1,6165500,6165500
1795,98,1,36990000,36990000
1796,82,1,2241000,2241000
1796,234,1,7191000,7191000
1797,20,1,4590000,4590000
1797,238,1,35140500,35140500
1798,136,1,4740500,4740500
1799,34,1,18990000,18990000
1799,250,1,171000,171000
1800,73,1,11990000,11990000
1800,289,1,11990000,11990000
1800,207,1,3591000,3591000
1801,189,1,1795500,1795500
1802,220,2,12990000,25980000
1803,142,1,9490000,9490000
1803,294,1,5990000,5990000
1804,67,2,17091000,34182000
1804,58,1,6741000,6741000
1805,264,1,8991000,8991000
1806,125,1,6490000,6490000
1807,148,1,5690500,5690500
1808,239,2,6490000,12980000
1809,231,1,36990000,36990000
1809,312,1,4990000,4990000
1810,82,1,2490000,2490000
1811,80,1,9015500,9015500
1812,232,1,750000,750000
1813,51,1,450000,450000
1814,17,2,320000,640000
1815,256,1,560500,560500
1816,130,1,7115500,7115500
1816,219,1,7590500,7590500
1817,278,1,6490000,6490000
1818,215,1,25191000,25191000
1819,60,2,11990000,23980000
1820,158,1,2990000,2990000
1821,49,1,2490000,2490000
1822,193,1,33291000,33291000
1823,225,1,27990000,27990000
1823,51,1,427500,427500
1824,180,1,2990000,2990000
1825,78,1,450000,450000
1826,298,1,6490000,6490000
1827,310,1,5690500,5690500
1827,277,1,6490000,6490000
1828,131,1,27990000,27990000
1829,196,1,4990000,4990000
1829,87,1,4740500,4740500
1830,165,1,6490000,6490000
1831,5,1,7191000,7191000
1832,231,1,33291000,33291000
1832,151,2,3315500,6631000
1833,220,1,11691000,11691000
1834,273,1,11390500,11390500
1835,126,1,5990000,5990000
1836,71,1,11390500,11390500
1837,186,1,9490000,9490000
1838,265,1,31990000,31990000
1838,43,1,9490000,9490000
1839,280,1,4131000,4131000
1840,58,1,7115500,7115500
1841,188,1,9990000,9990000
1842,163,1,18040500,18040500
1843,13,1,26590500,26590500
1843,54,1,7490000,7490000
1844,8,1,1701000,1701000
1844,267,1,9490000,9490000
1844,106,1,7590500,7590500
1845,156,1,27990000,27990000
1846,73,1,10791000,10791000
1847,160,1,2990000,2990000
1848,137,1,3990000,3990000
1849,56,1,6490000,6490000
1850,187,1,4990000,4990000
1851,114,1,31990000,31990000
1851,166,1,3990000,3990000
1852,202,1,11990000,11990000
1853,109,1,590000,590000
1854,217,1,22990000,22990000
1854,177,2,33291000,66582000
1855,193,1,33291000,33291000
1855,163,2,18990000,37980000
1856,113,2,18990000,37980000
1856,213,1,18990000,18990000
1856,89,1,3315500,3315500
1857,59,1,4990000,4990000
1858,133,1,27990000,27990000
1859,267,1,9015500,9015500
1860,119,1,108000,108000
1861,41,1,190000,190000
1862,39,2,31990000,63980000
1863,27,1,12990000,12990000
1863,113,1,17091000,17091000
1864,45,1,9490000,9490000
1865,149,1,28791000,28791000
1866,140,1,4740500,4740500
1866,95,1,7990000,7990000
1866,183,1,2490000,2490000
1867,291,1,3490000,3490000
1868,186,1,9015500,9015500
1869,179,1,320000,320000
1870,67,1,18040500,18040500
1870,206,1,590000,590000
1870,245,1,9490000,9490000
1871,210,1,6490000,6490000
1872,235,3,3490000,10470000
1873,205,1,6165500,6165500
1873,87,1,4990000,4990000
1874,170,1,18990000,18990000
1875,258,1,5990000,5990000
1876,314,1,27990000,27990000
1877,272,1,9490000,9490000
1878,255,1,27990000,27990000
1879,16,1,26590500,26590500
1879,184,1,6490000,6490000
1879,47,1,6490000,6490000
1880,191,1,4990000,4990000
1881,14,1,237500,237500
1882,5,1,7990000,7990000
1883,257,1,11990000,11990000
1883,159,1,11691000,11691000
1884,314,2,26590500,53181000
1885,199,1,33291000,33291000
1886,294,1,5990000,5990000
1886,122,1,4491000,4491000
1887,209,1,9990000,9990000
1888,168,1,26590500,26590500
1889,211,2,5841000,11682000
1889,134,1,6490000,6490000
1890,223,1,5990000,5990000
1890,17,1,304000,304000
1891,80,2,9490000,18980000
1892,153,1,120000,120000
1892,28,1,4590000,4590000
1893,150,2,12990000,25980000
1893,145,2,2990000,5980000
1893,82,2,2490000,4980000
1894,225,1,27990000,27990000
1895,301,1,3990000,3990000
1896,211,1,6490000,6490000
1897,150,2,12340500,24681000
1897,126,1,5391000,5391000
1898,219,1,7990000,7990000
1899,130,1,7115500,7115500
1900,46,1,7990000,7990000
1901,56,1,6490000,6490000
1901,87,1,4990000,4990000
1902,245,1,8541000,8541000
1903,222,1,36990000,36990000
1903,320,1,320000,320000
1903,276,1,6490000,6490000
1904,104,2,18990000,37980000
1905,272,1,9490000,9490000
1906,146,1,5690500,5690500
1906,27,1,12990000,12990000
1907,276,1,6490000,6490000
1907,306,1,1890000,1890000
1908,110,1,4491000,4491000
1909,107,2,304000,608000
1910,234,1,7990000,7990000
1910,71,1,11990000,11990000
1910,215,1,27990000,27990000
1911,227,1,9490500,9490500
1912,139,1,9015500,9015500
1913,68,1,1701000,1701000
1914,234,1,7990000,7990000
1914,212,1,7191000,7191000
1915,242,1,5690500,5690500
1915,248,1,10791000,10791000
1915,110,2,4740500,9481000
1916,15,1,4990000,4990000
1916,193,1,36990000,36990000
1917,57,1,36990000,36990000
1918,69,1,4990000,4990000
1919,128,1,450000,450000
1919,78,1,450000,450000
1919,87,2,4990000,9980000
1920,251,1,27990000,27990000
1920,41,1,180500,180500
1920,175,1,2241000,2241000
1921,138,1,7490000,7490000
1922,221,1,18040500,18040500
1923,205,1,5841000,5841000
1924,196,1,4990000,4990000
1924,58,1,7490000,7490000
1924,65,1,17091000,17091000
1925,285,1,2365500,2365500
1926,166,1,3990000,3990000
1927,164,1,3790500,3790500
1928,61,1,750000,750000
1928,200,1,27990000,27990000
1929,299,1,3490000,3490000
1929,305,1,1890000,1890000
1929,271,1,6490000,6490000
1930,320,1,288000,288000
1930,258,1,5690500,5690500
1931,238,1,36990000,36990000
1932,310,1,5990000,5990000
1933,298,3,6490000,19470000
1934,63,1,5391000,5391000
1935,224,1,7990000,7990000
1936,198,1,11990000,11990000
1937,92,1,225000,225000
1938,279,1,4360500,4360500
1939,93,1,7990000,7990000
1939,89,3,3490000,10470000
1940,98,1,36990000,36990000
1940,72,1,7990000,7990000
1941,320,1,304000,304000
1942,208,1,120000,120000
1943,101,1,18990000,18990000
1944,198,1,11990000,11990000
1945,134,1,6165500,6165500
1946,47,1,6490000,6490000
1947,212,1,7990000,7990000
1948,95,1,7990000,7990000
1949,258,1,5391000,5391000
1950,13,1,27990000,27990000
1950,195,1,2241000,2241000
1951,248,2,10791000,21582000
1952,12,1,26590500,26590500
1953,43,1,9490000,9490000
1954,289,1,10791000,10791000
1955,21,1,7990000,7990000
1956,119,2,108000,216000
1956,71,3,11990000,35970000
1957,174,1,4990000,4990000
1957,279,1,4131000,4131000
1958,84,1,9490000,9490000
1959,303,1,18990000,18990000
1959,49,1,2490000,2490000
1960,146,2,5690500,11381000
1961,133,1,27990000,27990000
1962,24,2,5841000,11682000
1963,125,1,6165500,6165500
1963,271,1,6490000,6490000
1964,304,1,7990000,7990000
1964,105,1,9015500,9015500
1965,271,1,6490000,6490000
1966,182,1,36990000,36990000
1967,262,1,750000,750000
1968,300,1,1795500,1795500
1969,244,1,28791000,28791000
1969,5,1,7191000,7191000
1970,222,1,36990000,36990000
1971,203,1,27990000,27990000
1971,123,1,2241000,2241000
1972,37,1,108000,108000
1972,247,1,11990000,11990000
1972,190,1,2840500,2840500
1973,15,1,4990000,4990000
1974,317,1,30390500,30390500
1975,294,3,5990000,17970000
1976,176,1,31990000,31990000
1976,227,1,8991000,8991000
1977,36,1,190000,190000
1977,164,1,3790500,3790500
1978,126,3,5990000,17970000
1978,169,1,3490000,3490000
1979,175,2,2241000,4482000
1979,319,2,2990000,5980000
1979,197,1,712500,712500
1980,120,1,3141000,3141000
1980,1,1,1701000,1701000
1981,69,1,4990000,4990000
1981,213,1,18990000,18990000
1982,205,1,5841000,5841000
1983,241,1,4360500,4360500
1984,133,1,25191000,25191000
1985,197,1,750000,675000
1986,195,1,2365500,2365500
1987,162,1,18990000,18990000
1988,44,1,2691000,2691000
1988,161,1,17091000,17091000
1989,206,1,590000,590000
1990,65,1,17091000,17091000
1991,32,1,11990000,11990000
1992,258,1,5990000,5990000
1993,130,1,7490000,7490000
1994,56,1,5841000,5841000
1995,155,1,27990000,27990000
1996,121,1,190000,190000
1996,253,1,1701000,1701000
1997,19,1,11990000,11990000
1997,94,1,5391000,5391000
1998,317,1,28791000,31670100
1999,257,1,10791000,10791000
2000,197,2,750000,1500000
2000,61,1,750000,750000
2001,309,1,36990000,36990000
2001,97,1,4590000,4590000
2001,145,1,2990000,2990000
2002,168,1,26590500,26590500
2003,311,1,3990000,3990000
2004,127,1,5841000,5841000
2005,308,1,20691000,20691000
2006,275,1,5690500,5690500
2007,221,1,18040500,18040500
2008,165,2,6490000,12980000
2009,96,1,2990000,2990000
2010,57,1,35140500,35140500
2011,116,1,18040500,18040500
2012,120,1,3315500,3315500
2013,237,1,8541000,8541000
2014,134,2,6490000,12980000
2015,233,1,250000,250000
2016,194,1,6490000,6490000
2016,46,1,7990000,7990000
2017,234,1,7990000,7990000
2017,121,2,190000,380000
2018,275,1,5690500,5690500
2019,165,1,6490000,6490000
2020,275,1,5990000,5990000
2021,113,1,18040500,18040500
2022,263,1,4740500,4740500
2022,204,1,9490000,9490000
2023,43,1,9490000,9490000
2024,121,1,171000,171000
2025,71,1,11990000,11990000
2025,70,1,1890000,1890000
2026,69,1,4990000,4990000
2027,122,1,4990000,4990000
2028,190,1,2990000,2990000
2029,223,1,5990000,5990000
2030,320,1,304000,304000
2031,268,1,450000,450000
2031,63,1,5690500,5690500
2032,137,1,3990000,3990000
2033,168,1,26590500,26590500
2034,137,1,3591000,3591000
2035,12,1,27990000,27990000
2036,253,1,1890000,1890000
2037,80,1,9015500,9015500
2037,70,1,1701000,1701000
2038,26,1,31990000,31990000
2039,205,1,6490000,6490000
2040,117,1,11990000,11990000
2040,101,1,18990000,18990000
2040,144,2,4990000,9980000
2041,133,1,27990000,27990000
2042,283,1,9490000,9490000
2043,247,1,11990000,11990000
2043,221,2,17091000,34182000
2044,20,1,4360500,4360500
2045,75,1,6490000,6490000
2045,281,1,3591000,3591000
2046,254,1,7990000,7990000
2047,209,1,9990000,9990000
2047,92,1,250000,250000
2047,213,1,18040500,18040500
2048,23,2,36990000,73980000
2049,78,1,450000,450000
2050,285,2,2490000,4980000
2051,278,1,5841000,5841000
2052,61,1,675000,675000
2052,238,1,33291000,33291000
2053,109,2,590000,1180000
2054,138,1,7490000,7490000
2055,32,2,11390500,22781000
2056,108,1,31990000,31990000
2057,55,1,8991000,8991000
2058,110,2,4491000,9880200
2059,293,1,2990000,2990000
2060,253,1,1701000,1701000
2061,300,1,1890000,1890000
2061,54,1,7490000,7490000
2062,96,1,2691000,2691000
2062,254,1,7990000,7990000
2063,236,1,7990000,7990000
2063,175,1,2241000,2241000
2064,253,1,1795500,1795500
2064,309,1,36990000,36990000
2065,240,1,5391000,5391000
2066,77,1,237500,237500
2066,203,1,26590500,26590500
2067,86,1,18990000,18990000
2067,267,1,9490000,9490000
2068,134,1,6165500,6165500
2068,135,1,5690500,5690500
2069,20,1,4590000,4590000
2069,318,1,7191000,7191000
2070,184,1,6490000,6490000
2071,107,1,320000,320000
2071,78,1,450000,450000
2071,149,1,28791000,28791000
2072,16,1,25191000,25191000
2073,163,1,18040500,19844550
2074,45,1,9490000,9490000
2074,288,1,3591000,3591000
2074,265,1,31990000,31990000
2075,287,1,4740500,4740500
2075,293,1,2990000,2990000
2076,135,1,5990000,5990000
2077,286,1,3141000,3141000
2078,79,1,190000,190000
2078,30,1,6490000,6490000
2078,148,2,5990000,11980000
2079,177,1,35140500,35140500
2080,253,1,1890000,1890000
2081,147,1,11390500,11390500
2082,36,1,190000,190000
2083,245,1,9490000,9490000
2084,144,1,4990000,4990000
2085,103,1,20691000,20691000
2086,263,1,4990000,4990000
2087,180,1,2990000,2990000
2088,275,1,5990000,5990000
2089,226,1,18990000,18990000
2090,44,1,2990000,2990000
2091,93,1,7191000,7191000
2092,111,1,7490000,7490000
2093,184,1,6490000,6490000
2093,122,1,4491000,4491000
2094,139,1,9015500,9015500
2094,24,1,6490000,6490000
2095,58,1,7115500,7115500
2095,14,1,250000,250000
2096,34,3,18990000,56970000
2097,19,1,11390500,11390500
2098,129,1,2990000,2990000
2098,215,1,26590500,26590500
2098,71,2,11990000,23980000
2099,44,1,2840500,2840500
2100,24,1,6490000,6490000
2100,12,1,25191000,25191000
2100,7,1,6490000,6490000
2101,308,1,22990000,22990000
2101,194,1,6490000,6490000
2102,174,2,4740500,9481000
2103,316,1,2990000,2990000
2104,302,1,33291000,33291000
2105,60,1,11990000,11990000
2106,97,1,4360500,4360500
2107,52,1,171000,171000
2107,104,1,18990000,18990000
2107,141,1,6490000,6490000
2108,162,1,18990000,18990000
2108,158,1,2990000,2990000
2109,290,1,18990000,18990000
2110,304,1,7990000,7990000
2111,53,1,9490000,9490000
2112,252,1,250000,250000
2113,29,1,237500,237500
2114,179,2,320000,640000
2115,307,1,3141000,3141000
2116,210,1,6490000,6490000
2116,117,1,11390500,11390500
2117,91,1,4990000,4990000
2117,107,1,320000,320000
2118,129,1,2990000,2990000
2119,302,1,33291000,33291000
2120,125,2,6490000,12980000
2121,35,1,7990000,7990000
2121,319,1,2990000,2990000
2122,310,1,5391000,5391000
2122,13,1,26590500,26590500
2123,304,2,7191000,14382000
2123,99,1,12990000,12990000
2124,299,1,3490000,3490000
2125,74,1,5990000,5990000
2126,160,1,2840500,2840500
2127,182,1,33291000,33291000
2128,58,1,7490000,7490000
2128,316,1,2990000,2990000
2129,179,1,320000,320000
2130,59,2,4990000,9980000
2130,10,1,6490000,6490000
2130,37,1,120000,120000
2131,48,2,6490000,12980000
2131,122,1,4990000,4990000
2131,47,1,6490000,6490000
2132,133,1,27990000,27990000
2133,313,1,2490000,2490000
2134,188,1,9990000,9990000
2135,307,1,3141000,3141000
2135,30,1,6490000,6490000
2136,42,1,9015500,9015500
2137,305,1,1890000,1890000
2138,61,1,712500,712500
2139,164,1,3990000,3990000
2140,47,1,6490000,6490000
2140,258,3,5391000,16173000
2141,136,1,4990000,4990000
2141,270,1,5990000,5990000
2141,50,1,8541000,8541000
2142,2,1,36990000,36990000
2143,123,1,2490000,2490000
2144,235,1,3315500,3315500
2144,117,1,11390500,11390500
2144,205,1,6490000,6490000
2145,240,1,5391000,5391000
2146,74,1,5990000,5990000
2147,295,1,750000,750000
2147,8,1,1890000,1890000
2148,271,1,6165500,6165500
2149,125,1,6490000,6490000
2150,68,1,1701000,1701000
2151,114,1,30390500,30390500
2151,273,1,11990000,11990000
2152,129,1,2840500,2840500
2152,312,1,4990000,4990000
2153,162,1,18990000,18990000
2154,144,2,4491000,8982000
2155,8,2,1701000,3402000
2155,104,1,18040500,18040500
2156,98,1,35140500,35140500
2156,302,2,33291000,66582000
2157,262,1,750000,750000
2158,113,1,18040500,18040500
2158,9,1,320000,320000
2159,110,1,4990000,4990000
2159,116,1,18990000,18990000
2159,37,1,114000,114000
2160,319,1,2691000,2691000
2161,256,1,590000,590000
2161,231,1,35140500,35140500
2162,2,1,36990000,36990000
2163,19,1,11990000,11990000
2163,192,1,7990000,7990000
2163,34,1,18990000,18990000
2164,252,1,250000,250000
2164,121,1,171000,171000
2164,55,1,9490500,9490500
2165,317,1,31990000,31990000
2166,50,1,9490000,9490000
2167,170,1,18990000,18990000
2168,233,1,250000,250000
2169,309,1,36990000,36990000
2169,148,1,5990000,5990000
2170,252,1,250000,250000
2170,68,1,1890000,1890000
2171,7,2,6490000,12980000
2172,88,1,7590500,7590500
2172,243,2,18990000,37980000
2173,153,1,108000,108000
2173,318,1,7990000,7990000
2174,178,1,2990000,2990000
2174,149,1,31990000,31990000
2175,232,1,675000,675000
2175,13,1,26590500,26590500
2175,283,1,9490000,9490000
2176,56,1,6490000,6490000
2177,271,1,6490000,6490000
2178,47,1,6165500,6165500
2178,219,1,7990000,7990000
2179,281,1,3990000,3990000
2180,276,1,6165500,6165500
2181,277,1,6490000,6490000
2182,287,1,4990000,4990000
2182,268,3,427500,1282500
2183,7,1,5841000,5841000
2184,139,1,9015500,9015500
2185,136,1,4491000,4491000
2186,80,1,9490000,9490000
2187,179,1,304000,304000
2188,279,1,4131000,4131000
2188,255,1,27990000,27990000
2189,173,1,18990000,18990000
2190,122,1,4990000,4990000
2191,240,1,5990000,5990000
2192,304,1,7990000,7990000
2193,175,1,2490000,2490000
2194,239,1,6490000,6490000
2195,299,1,3490000,3490000
2196,122,1,4990000,4990000
2197,284,1,2990000,2990000
2198,30,1,5841000,5841000
2199,180,1,2990000,2990000
2200,169,2,3490000,6980000
2200,69,1,4740500,4740500
2201,124,2,2990000,5980000
2202,19,1,11390500,11390500
2202,71,1,11990000,11990000
2203,204,1,9015500,9015500
2204,195,1,2490000,2490000
2205,249,1,320000,320000
2206,151,3,3490000,10470000
2207,95,2,7590500,15181000
2208,265,3,31990000,95970000
2209,247,2,10791000,21582000
2209,144,1,4990000,4990000
2210,77,1,250000,250000
2211,87,1,4491000,4491000
2212,316,1,2990000,2990000
2213,223,1,5990000,5990000
2213,246,2,750000,1500000
2214,90,1,450000,450000
2214,122,1,4491000,4491000
2214,227,2,8991000,17982000
2215,110,1,4990000,4990000
2215,99,2,12340500,24681000
2216,147,1,11990000,11990000
2216,289,1,11390500,11390500
2217,279,1,4590000,4590000
2218,136,1,4491000,4491000
2218,214,1,27990000,27990000
2219,274,1,11990000,11990000
2220,229,1,250000,250000
2220,159,1,12990000,12990000
2221,304,1,7990000,7990000
2221,129,1,2691000,2691000
2222,142,1,9490000,9490000
2223,293,1,2840500,2840500
2224,131,1,27990000,27990000
2224,136,1,4740500,4740500
2225,246,1,750000,750000
2225,16,1,27990000,27990000
2225,79,1,180500,180500
2226,10,1,6490000,6490000
2226,99,1,12990000,12990000
2226,91,1,4990000,4990000
2227,175,3,2490000,7470000
2227,54,1,7490000,7490000
2227,292,1,6490000,6490000
2228,150,1,12340500,12340500
2228,26,1,30390500,30390500
2229,191,1,4990000,4990000
2230,284,1,2990000,2990000
2230,167,1,36990000,36990000
2231,67,1,18990000,18990000
2231,67,1,18040500,18040500
2232,253,1,1701000,1701000
2233,97,1,4590000,4590000
2233,318,1,7990000,7990000
2234,152,1,21840500,21840500
2234,99,1,12340500,12340500
2234,102,1,2490000,2490000
2235,89,1,3315500,3315500
2236,44,3,2990000,8970000
2236,118,1,18990000,18990000
2237,248,1,11990000,11990000
2237,151,1,3315500,3315500
2238,300,1,1890000,1890000
2238,132,1,4990000,4990000
2239,35,1,7990000,7990000
2240,25,1,3141000,3141000
2240,1,1,1890000,1890000
2241,275,1,5990000,5990000
2241,218,1,1890000,1890000
2242,23,1,35140500,35140500
2243,138,1,6741000,6741000
2244,176,1,30390500,30390500
2244,71,1,11390500,11390500
2245,89,1,3490000,3490000
2246,274,1,11990000,11990000
2246,269,1,405000,405000
2246,81,1,5841000,5841000
2247,14,1,237500,237500
2248,298,3,6490000,19470000
2249,263,1,4990000,4990000
2249,231,1,36990000,36990000
2250,60,1,11990000,11990000
2250,187,1,4990000,4990000
2250,84,1,9015500,9015500
2251,24,1,6490000,6490000
2252,176,1,31990000,31990000
2253,294,1,5990000,5990000
2254,294,1,5391000,5391000
2255,206,1,531000,531000
2256,25,2,3490000,6980000
2256,59,1,4740500,4740500
2257,151,1,3490000,3141000
2258,221,1,17091000,17091000
2259,213,1,18990000,18990000
2260,214,1,27990000,27990000
2261,174,1,4990000,4990000
2262,312,1,4491000,4491000
2263,46,1,7990000,7990000
2264,166,1,3990000,3990000
2265,277,1,6165500,6165500
2265,227,1,9490500,9490500
2266,130,1,7115500,7115500
2267,43,1,9490000,9490000
2268,297,1,9490000,9490000
2269,24,1,6490000,6490000
2270,218,2,1701000,3402000
2271,255,1,25191000,25191000
2272,205,1,6490000,6490000
2273,145,2,2990000,5980000
2273,117,2,11990000,23980000
2274,81,1,6490000,6490000
2275,15,1,4491000,4491000
2276,135,1,5990000,5990000
2276,66,1,712500,712500
2277,63,2,5990000,11980000
2278,180,1,2990000,2990000
2279,105,1,8541000,8541000
2280,39,1,30390500,30390500
2281,313,1,2241000,2241000
2282,208,1,114000,114000
2283,103,1,22990000,22990000
2284,119,1,108000,108000
2285,190,1,2990000,2990000
2286,208,1,120000,120000
2286,283,1,9490000,9490000
2287,251,1,26590500,26590500
2288,213,3,18990000,56970000
2288,284,2,2990000,5980000
2289,242,1,5990000,5990000
2290,45,1,9490000,9490000
2291,261,1,9490000,9490000
2292,308,1,20691000,20691000
2292,58,1,7490000,7490000
2293,243,1,18040500,18040500
2294,4,1,320000,320000
2294,219,1,7590500,7590500
2294,156,1,25191000,25191000
2295,194,1,6490000,6490000
2296,103,1,21840500,21840500
2297,181,1,4491000,4491000
2298,197,1,675000,675000
2298,256,3,531000,1593000
2299,51,1,405000,405000
2300,127,3,6165500,18496500
2301,98,2,35140500,70281000
2302,84,1,9490000,9490000
2303,148,1,5990000,5990000
2304,134,1,6490000,6490000
2304,13,1,25191000,25191000
2305,193,1,36990000,36990000
2306,100,1,9990000,9990000
2306,124,1,2990000,2990000
2307,21,1,7990000,7990000
2308,112,2,25191000,50382000
2308,278,2,5841000,11682000
2309,293,1,2990000,2990000
2310,265,1,31990000,31990000
2310,140,1,4491000,4491000
2311,13,1,27990000,27990000
2312,286,2,3490000,6980000
2312,181,1,4491000,4491000
2313,6,1,5391000,5391000
2313,113,1,18990000,18990000
2314,129,1,2990000,2990000
2315,84,3,9490000,28470000
2316,93,1,7990000,7990000
2317,120,1,3490000,3490000
2317,222,1,36990000,36990000
2318,100,1,8991000,8991000
2319,216,2,3990000,7980000
2319,112,1,27990000,27990000
2320,77,1,250000,250000
2320,289,1,10791000,10791000
2320,306,1,1701000,1701000
2321,140,1,4740500,4740500
2321,21,1,7191000,7191000
2322,35,1,7590500,7590500
2322,16,1,27990000,27990000
2323,220,1,12990000,12990000
2324,108,1,30390500,30390500
2325,123,1,2490000,2490000
2326,153,1,108000,108000
2327,49,3,2490000,7470000
2328,163,1,18040500,18040500
2329,30,1,6490000,6490000
2330,105,2,9490000,18980000
2331,72,1,7990000,7990000
2331,69,1,4990000,4990000
2332,319,1,2691000,2691000
2333,50,1,9015500,9015500
2334,113,1,18990000,18990000
2334,55,1,9990000,9990000
2335,160,1,2990000,2990000
2336,65,1,18990000,18990000
2336,12,1,25191000,25191000
2336,318,1,7990000,7990000
2337,210,1,6490000,6490000
2338,206,1,590000,590000
2339,248,1,11990000,11990000
2340,35,1,7990000,7990000
2341,20,1,4590000,4590000
2341,89,1,3490000,3490000
2341,289,3,11990000,35970000
2342,9,1,288000,288000
2342,208,3,120000,360000
2343,47,1,6165500,6165500
2344,255,1,27990000,27990000
2345,250,1,190000,190000
2346,95,1,7990000,7990000
2346,50,1,8541000,8541000
2346,284,2,2990000,5980000
2347,219,1,7990000,7990000
2348,88,1,7990000,7990000
2348,245,1,9490000,9490000
2349,66,1,750000,750000
2349,307,1,3490000,3490000
2349,60,1,10791000,10791000
2350,127,1,6165500,6165500
2350,240,1,5391000,5391000
2351,73,1,10791000,10791000
2351,189,1,1890000,1890000
2352,200,1,27990000,27990000
2353,19,1,11990000,11990000
2353,261,2,8541000,17082000
2353,151,1,3490000,3490000
2354,286,2,3315500,6631000
2354,120,1,3490000,3490000
2355,66,2,750000,1500000
2356,69,1,4990000,4990000
2357,68,1,1890000,1890000
2358,291,1,3490000,3490000
2359,289,2,11990000,23980000
2360,105,1,9490000,9490000
2361,164,3,3790500,11371500
2361,300,1,1890000,1890000
2362,180,2,2990000,5980000
2363,55,1,8991000,8991000
2363,95,1,7191000,7191000
2364,300,1,1890000,1890000
2365,93,1,7191000,7191000
2366,8,2,1890000,3780000
2366,68,2,1701000,3742200
2366,90,2,450000,900000
2367,252,1,250000,250000
2367,252,1,237500,237500
2368,210,1,6490000,6490000
2368,223,2,5990000,11980000
2369,110,1,4740500,4740500
2369,183,1,2490000,2490000
2370,222,2,36990000,73980000
2371,77,1,225000,225000
2372,239,1,6490000,6490000
2373,270,1,5690500,5690500
2373,76,1,21840500,21840500
2374,215,1,27990000,27990000
2375,215,2,27990000,55980000
2376,148,1,5990000,5990000
2377,191,1,4990000,4990000
2378,269,1,450000,450000
2378,26,1,28791000,28791000
2379,194,1,5841000,5841000
2380,27,1,12990000,12990000
2380,144,1,4491000,4491000
2380,180,1,2990000,2990000
2381,191,1,4990000,4990000
2382,165,1,6490000,7139000
2383,216,1,3990000,3990000
2383,122,1,4990000,4990000
2384,129,1,2691000,2691000
2384,169,1,3490000,3490000
2385,75,1,6490000,6490000
2386,28,1,4590000,4590000
2386,58,1,7490000,7490000
2387,145,1,2691000,2691000
2387,269,1,450000,450000
2387,127,2,5841000,11682000
2388,191,1,4990000,4990000
2389,241,2,4590000,9180000
2389,70,1,1890000,1890000
2389,77,2,225000,450000
2390,135,1,5990000,5990000
2391,260,2,18990000,37980000
2392,39,2,31990000,63980000
2393,137,1,3591000,3591000
2393,53,3,9490000,28470000
2394,13,1,26590500,26590500
2395,312,1,4990000,4990000
2395,87,2,4990000,9980000
2396,25,1,3315500,3315500
2397,158,1,2691000,2691000
2398,87,1,4990000,4990000
2398,14,1,250000,250000
2398,312,1,4990000,4990000
2399,315,1,4590000,4590000
2400,131,1,27990000,27990000
2400,134,1,6490000,6490000
2401,319,1,2990000,2990000
2402,50,1,9490000,9490000
2402,290,1,18990000,18990000
2403,298,1,6490000,6490000
2404,104,1,17091000,17091000
2405,1,1,1795500,1795500
2406,262,1,750000,750000
2407,263,1,4990000,4990000
2408,265,1,30390500,30390500
2408,55,1,9990000,9990000
2409,115,1,31990000,31990000
2410,27,3,12990000,38970000
2411,249,2,288000,576000
2412,277,1,6490000,6490000
2413,48,1,6490000,6490000
2414,47,1,6490000,6490000
2415,98,1,35140500,35140500
2416,130,1,7490000,7490000
2417,266,1,120000,120000
2418,315,1,4131000,4131000
2419,167,1,36990000,36990000
2420,77,1,250000,250000
2421,79,1,171000,171000
2421,8,1,1890000,1890000
2421,67,1,18990000,20889000
2422,175,1,2490000,2490000
2423,121,3,190000,570000
2424,8,1,1890000,1890000
2425,216,1,3790500,3790500
2426,169,1,3490000,3490000
2427,45,3,9015500,27046500
2428,74,1,5990000,5990000
2429,24,1,6490000,6490000
2430,209,1,8991000,8991000
2431,269,3,450000,1350000
2432,165,1,5841000,5841000
2433,135,1,5990000,5990000
2434,140,2,4990000,9980000
2435,67,1,18040500,18040500
2436,221,1,17091000,17091000
2437,84,1,9490000,9490000
2437,293,1,2990000,2990000
2438,173,1,17091000,17091000
2439,192,2,7990000,15980000
2440,278,1,6165500,6165500
2441,145,1,2990000,2990000
2442,284,1,2990000,2990000
2443,54,1,7490000,7490000
2443,146,2,5990000,11980000
2444,37,1,120000,120000
2445,223,1,5391000,5391000
2446,297,1,9490000,9490000
2447,62,1,27990000,27990000
2448,3,1,560500,560500
2449,169,1,3490000,3490000
2450,2,1,36990000,36990000
2451,140,1,4990000,4990000
2452,14,2,250000,500000
2453,84,1,8541000,8541000
2453,14,1,225000,225000
2453,193,1,36990000,36990000
2454,303,1,18040500,18040500
2455,119,1,120000,120000
2456,131,1,27990000,27990000
2457,224,1,7990000,7990000
2458,314,1,27990000,27990000
2459,158,1,2840500,2840500
2459,188,1,9490500,9490500
2459,29,1,237500,237500
2460,296,1,22990000,22990000
2461,239,1,6490000,6490000
2461,286,1,3315500,3315500
2461,60,1,10791000,10791000
2462,13,1,27990000,27990000
2463,48,1,5841000,5841000
2464,194,1,5841000,5841000
2465,257,1,11990000,11990000
2466,13,1,25191000,25191000
2467,292,1,6490000,6490000
2467,21,1,7590500,7590500
2468,123,1,2490000,2490000
2469,77,1,250000,250000
2469,14,1,250000,250000
2470,318,2,7191000,14382000
2471,258,1,5990000,5990000
2472,288,1,3790500,3790500
2473,29,1,250000,250000
2474,234,1,7990000,7990000
2475,269,1,450000,450000
2476,58,1,7490000,7490000
2476,130,1,7490000,7490000
2477,191,3,4491000,13473000
2478,123,1,2490000,2490000
2479,118,1,18040500,18040500
2480,232,1,750000,750000
2481,169,1,3490000,3490000
2482,43,2,9015500,18031000
2483,268,1,450000,405000
2484,11,1,36990000,36990000
2485,153,1,120000,120000
2486,186,1,9490000,9490000
2486,124,1,2691000,2691000
2487,214,1,26590500,26590500
2488,96,1,2990000,2990000
2488,27,1,12990000,12990000
2488,240,1,5990000,5990000
2489,230,1,250000,250000
2490,200,1,27990000,27990000
2490,251,1,26590500,26590500
2491,299,1,3490000,3490000
2492,69,1,4491000,4491000
2493,197,1,712500,712500
2494,65,1,18040500,18040500
2494,227,1,8991000,8991000
2495,10,1,6490000,6490000
2496,265,1,31990000,31990000
2496,199,1,35140500,35140500
2497,122,2,4990000,9980000
2498,177,1,36990000,36990000
2498,205,1,6490000,6490000
2499,181,1,4990000,4990000
2500,92,1,250000,250000
2500,125,1,6490000,6490000
2501,307,1,3490000,3490000
2501,64,1,18990000,18990000
2502,205,3,6490000,19470000
2503,261,1,9490000,9490000
2503,178,1,2990000,2990000
2504,2,1,36990000,36990000
2505,83,1,27990000,27990000
2505,249,1,288000,288000
2506,208,1,120000,120000
2507,194,1,6490000,6490000
2507,190,1,2990000,2990000
2508,230,1,250000,250000
2509,230,1,237500,237500
2510,317,1,28791000,28791000
2511,6,1,5990000,5990000
2512,278,1,6490000,6490000
2513,317,1,30390500,30390500
2514,86,1,17091000,17091000
2515,36,1,190000,190000
2516,84,1,8541000,8541000
2517,115,1,31990000,31990000
2518,124,1,2990000,2990000
2519,273,1,11990000,11990000
2520,306,1,1890000,1890000
2521,249,1,320000,320000
2521,224,1,7590500,7590500
2521,162,1,18040500,18040500
2522,116,3,18040500,54121500
2523,28,1,4590000,4590000
2523,290,1,18040500,18040500
2524,32,2,11990000,23980000
2525,293,1,2990000,2990000
2526,263,2,4740500,9481000
2527,173,1,18990000,18990000
2528,13,1,25191000,25191000
2529,32,1,11990000,11990000
2529,142,1,9490000,9490000
2529,247,1,10791000,10791000
2530,100,1,8991000,8991000
2531,319,1,2990000,2990000
2532,263,1,4990000,4990000
2533,129,1,2840500,2840500
2533,157,1,7990000,7990000
2534,14,2,250000,500000
2535,97,1,4590000,4590000
2535,208,1,120000,120000
2536,277,1,6165500,6165500
2537,210,1,6490000,6490000
2538,48,1,6490000,6490000
2538,103,1,22990000,22990000
2539,52,1,180500,180500
2540,53,1,9490000,9490000
2541,109,1,531000,531000
2541,92,1,237500,237500
2541,288,1,3790500,3790500
2542,257,1,10791000,10791000
2543,174,1,4990000,4990000
2544,265,1,31990000,31990000
2545,266,1,114000,114000
2546,94,1,5990000,5990000
2546,70,1,1890000,1890000
2546,281,1,3990000,3990000
2547,26,2,30390500,60781000
2548,266,1,114000,114000
2548,282,2,7990000,15980000
2549,115,1,31990000,31990000
2550,26,1,31990000,31990000
2551,206,1,560500,560500
2551,296,1,21840500,21840500
2552,276,1,6165500,6165500
2553,52,1,180500,180500
2553,114,1,28791000,28791000
2554,251,1,27990000,27990000
2555,13,1,27990000,27990000
2556,104,1,17091000,17091000
2556,230,1,250000,250000
2557,167,1,36990000,36990000
2558,28,1,4590000,4590000
2559,160,1,2990000,2990000
2560,280,1,4590000,4590000
2561,19,1,11990000,11990000
2561,40,1,1890000,1890000
2562,174,1,4990000,4990000
2563,40,1,1890000,1890000
2563,162,1,17091000,17091000
2564,149,1,28791000,28791000
2565,39,1,31990000,31990000
2566,175,1,2490000,2490000
2567,143,1,2490000,2490000
2567,159,1,12990000,12990000
2568,10,1,6490000,6490000
2569,262,1,750000,750000
2570,39,2,31990000,63980000
2570,8,1,1890000,1890000
2570,307,1,3490000,3490000
2571,140,1,4990000,4990000
2572,119,1,114000,114000
2573,135,1,5990000,5990000
2574,280,1,4590000,4590000
2575,109,1,590000,590000
2575,294,1,5990000,5990000
2576,135,1,5990000,5990000
2577,186,1,9490000,9490000
2578,111,1,7490000,7490000
2579,256,3,590000,1770000
2580,9,1,320000,320000
2581,152,1,22990000,22990000
2582,152,1,20691000,20691000
2582,310,1,5990000,5990000
2582,219,2,7990000,15980000
2583,241,1,4360500,4360500
2584,64,1,18990000,18990000
2585,136,1,4740500,4740500
2585,173,1,18040500,18040500
2586,22,1,4990000,4990000
2587,90,1,450000,450000
2587,74,1,5391000,5391000
2587,309,1,36990000,36990000
2588,319,1,2990000,2990000
2588,72,1,7191000,7191000
2589,62,1,25191000,25191000
2589,263,1,4990000,4990000
2590,195,1,2490000,2490000
2591,308,1,22990000,22990000
2592,156,1,26590500,26590500
2593,238,1,36990000,36990000
2593,189,1,1890000,1890000
2594,273,1,11990000,11990000
2595,143,1,2490000,2490000
2596,317,1,31990000,35189000
2597,104,1,18990000,18990000
2598,24,1,6490000,6490000
2599,64,1,17091000,17091000
2599,283,1,9490000,9490000
2600,39,1,31990000,31990000
2600,225,1,26590500,26590500
2601,59,2,4990000,9980000
2602,237,1,8541000,8541000
2603,291,1,3490000,3490000
2603,180,1,2691000,2691000
2604,239,2,6165500,12331000
2605,13,1,27990000,27990000
2606,42,1,8541000,8541000
2607,18,2,9015500,18031000
2608,289,2,11390500,22781000
2609,263,2,4740500,9481000
2610,300,1,1890000,1890000
2611,21,1,7990000,7990000
2611,94,3,5391000,16173000
2612,104,1,18040500,18040500
2613,235,1,3490000,3490000
2614,258,1,5391000,5391000
2615,222,1,36990000,36990000
2616,102,1,2241000,2241000
2617,142,1,9490000,9490000
2618,320,1,320000,320000
2619,302,2,35140500,70281000
2620,81,1,6165500,6165500
2621,17,1,288000,288000
2622,212,2,7191000,14382000
2623,254,1,7191000,7191000
2624,29,1,225000,225000
2625,245,1,9490000,9490000
2626,291,1,3141000,3141000
2626,68,1,1890000,1890000
2626,149,1,31990000,31990000
2627,118,1,18990000,18990000
2628,76,1,22990000,22990000
2628,36,1,190000,190000
2629,217,1,21840500,21840500
2629,197,2,750000,1500000
2630,238,2,35140500,70281000
2631,44,2,2691000,5382000
2632,120,1,3141000,3141000
2633,249,1,288000,288000
2634,228,1,2490000,2490000
2634,97,1,4131000,4131000
2635,206,1,590000,590000
2636,207,1,3990000,3990000
2637,144,1,4740500,4740500
2638,262,1,750000,750000
2639,82,1,2490000,2490000
2639,64,1,17091000,17091000
2640,269,1,405000,405000
2641,318,1,7990000,7990000
2642,133,3,26590500,79771500
2643,124,1,2990000,2990000
2644,200,1,25191000,25191000
2645,36,1,190000,190000
2646,297,1,9015500,9015500
2647,170,1,18990000,18990000
2647,28,1,4590000,4590000
2648,106,1,7990000,7990000
2649,143,1,2490000,2490000
2650,215,1,27990000,27990000
2651,2,2,35140500,70281000
2652,40,2,1890000,3780000
2653,188,1,9490500,9490500
2654,235,1,3490000,3490000
2654,118,1,18990000,18990000
2655,196,1,4990000,4990000
2656,68,1,1701000,1701000
2657,122,1,4740500,4740500
2657,47,1,6490000,6490000
2657,159,1,11691000,11691000
2658,320,1,288000,288000
2659,126,1,5990000,5990000
2660,304,1,7191000,7191000
2661,298,1,5841000,5841000
2662,95,1,7590500,7590500
2663,34,1,18040500,18040500
2664,236,2,7990000,15980000
2665,253,1,1890000,1890000
2666,266,1,120000,120000
2667,250,1,190000,190000
2667,181,1,4990000,4990000
2668,198,1,11990000,11990000
2669,278,1,6165500,6165500
2669,11,1,35140500,35140500
2670,4,1,304000,304000
2670,65,1,18990000,18990000
2670,101,1,18990000,18990000
2671,240,1,5990000,5990000
2672,69,1,4740500,4740500
2672,318,2,7191000,14382000
2672,237,1,8541000,8541000
2673,185,1,2990000,2990000
2674,106,1,7990000,7990000
2675,64,1,18990000,18990000
2676,173,1,17091000,17091000
2676,310,1,5690500,5690500
2676,205,1,6490000,6490000
2677,124,1,2840500,2840500
2678,278,1,6165500,6165500
2679,113,1,18990000,18990000
2680,199,1,33291000,33291000
2681,270,1,5990000,5990000
2682,30,1,5841000,5841000
2683,106,1,7191000,7191000
2683,33,1,250000,250000
2684,48,1,5841000,5841000
2684,81,1,6490000,6490000
2685,27,1,12340500,12340500
2685,209,2,9990000,19980000
2685,244,1,31990000,31990000
2686,38,1,10791000,10791000
2686,32,1,11990000,11990000
2687,176,1,30390500,30390500
2688,1,1,1890000,1890000
2689,148,1,5990000,5990000
2690,307,1,3490000,3490000
2691,307,1,3141000,3141000
2692,179,1,320000,320000
2693,135,1,5990000,5990000
2694,46,2,7990000,15980000
2695,26,1,30390500,30390500
2696,203,1,27990000,27990000
2697,96,1,2990000,2990000
2697,145,1,2990000,2990000
2698,136,1,4740500,4740500
2699,49,1,2241000,2241000
2700,38,1,11990000,11990000
2700,294,1,5990000,5990000
2700,164,1,3790500,3790500
2701,141,1,5841000,5841000
2702,174,1,4990000,4990000
2703,260,1,17091000,17091000
2704,112,1,25191000,25191000
2704,183,1,2365500,2365500
2705,8,1,1701000,1701000
2706,199,1,36990000,36990000
2707,251,1,25191000,25191000
2708,12,1,25191000,25191000
2709,298,1,6490000,6490000
2710,206,1,590000,590000
2710,156,1,27990000,27990000
2711,89,1,3315500,3315500
2712,244,1,31990000,31990000
2713,37,2,108000,216000
2714,265,1,31990000,31990000
2715,298,1,5841000,5841000
2715,28,1,4590000,4590000
2716,212,2,7990000,15980000
2717,315,1,4360500,4360500
2718,92,1,237500,237500
2719,132,1,4990000,4990000
2720,4,1,304000,304000
2721,312,1,4990000,4990000
2722,182,2,36990000,73980000
2723,75,1,6165500,6165500
2724,267,1,8541000,8541000
2725,97,1,4590000,4590000
2726,228,1,2490000,2490000
2727,21,1,7990000,7990000
2728,133,3,25191000,75573000
2728,192,1,7990000,7990000
2729,232,1,675000,675000
2730,262,1,750000,750000
2731,1,1,1701000,1701000
2731,104,1,17091000,17091000
2732,85,1,27990000,27990000
2733,202,1,11390500,11390500
2733,227,1,9990000,9990000
2734,104,1,17091000,17091000
2735,88,1,7990000,7990000
2736,125,1,6490000,6490000
2736,173,1,18990000,18990000
2736,55,1,9490500,9490500
2737,50,1,9015500,9015500
2737,313,1,2365500,2365500
2738,91,1,4990000,4990000
2738,248,1,11990000,11990000
2738,261,1,9490000,9490000
2739,23,1,35140500,35140500
2740,110,1,4491000,4491000
2740,152,1,22990000,20691000
2741,62,1,25191000,27710100
2742,171,1,2241000,2241000
2743,44,3,2990000,8970000
2743,183,2,2490000,4980000
2743,283,1,9490000,9490000
2744,37,1,108000,108000
2745,246,1,750000,750000
2746,133,1,25191000,25191000
2747,282,1,7990000,7990000
2748,313,3,2241000,6723000
2749,276,1,5841000,5841000
2749,15,1,4990000,4990000
2750,61,1,750000,750000
2750,26,1,31990000,31990000
2751,100,1,9990000,9990000
2751,84,1,9490000,9490000
2752,12,1,26590500,26590500
2752,273,1,11390500,11390500
2753,109,2,590000,1180000
2754,104,1,18040500,18040500
2755,198,1,11390500,11390500
2755,117,1,11990000,11990000
2756,36,2,190000,380000
2757,207,2,3990000,7980000
2758,287,1,4990000,4990000
2759,33,1,250000,250000
2759,119,1,120000,120000
2760,142,1,8541000,8541000
2761,170,1,18040500,18040500
2762,154,1,21840500,21840500
2762,36,1,190000,190000
2763,194,1,5841000,5841000
2764,154,1,22990000,22990000
2765,222,1,33291000,33291000
2765,6,2,5990000,11980000
2766,310,1,5690500,5690500
2767,194,1,6490000,7139000
2768,270,1,5990000,5990000
2769,86,1,17091000,17091000
2769,224,1,7990000,7990000
2770,215,1,26590500,26590500
2771,276,1,6165500,6165500
2772,95,1,7990000,7990000
2772,160,1,2990000,2990000
2772,89,1,3141000,3141000
2773,274,1,11990000,11990000
2773,169,1,3490000,3490000
2774,99,1,12340500,12340500
2775,199,1,36990000,36990000
2776,302,1,36990000,36990000
2777,116,2,18990000,37980000
2777,143,1,2241000,2241000
2778,275,1,5391000,5391000
2779,283,1,9015500,9015500
2780,163,2,18990000,37980000
2780,252,1,225000,225000
2780,312,1,4740500,4740500
2781,250,1,190000,190000
2781,83,1,26590500,26590500
2782,33,1,237500,237500
2783,127,1,6490000,6490000
2783,320,1,320000,320000
2784,286,1,3141000,3141000
2785,212,1,7990000,7990000
2786,238,1,36990000,36990000
2787,107,1,320000,320000
2788,225,1,27990000,27990000
2788,208,1,114000,114000
2789,240,3,5990000,17970000
2790,284,1,2840500,2840500
2791,281,1,3990000,3990000
2791,207,1,3591000,3591000
2791,74,1,5990000,5990000
2792,1,1,1795500,1795500
2792,239,1,6490000,6490000
2792,35,1,7990000,7990000
2793,142,1,8541000,8541000
2794,227,1,9990000,9990000
2794,83,3,27990000,83970000
2795,236,1,7990000,7990000
2796,246,1,750000,750000
2797,132,1,4990000,4990000
2798,293,1,2840500,2840500
2799,270,1,5990000,5990000
2799,188,1,9990000,9990000
2800,8,1,1890000,1890000
2801,281,2,3790500,7581000
2802,286,1,3490000,3490000
2803,70,1,1890000,1890000
2804,87,1,4740500,4740500
2805,264,1,8991000,8991000
2806,108,1,28791000,28791000
2806,215,1,26590500,26590500
2806,11,1,36990000,36990000
2807,123,2,2490000,4980000
2807,7,1,6490000,6490000
2808,21,1,7191000,7191000
2808,169,3,3315500,9946500
2809,182,1,36990000,36990000
2810,298,2,5841000,11682000
2810,119,1,120000,120000
2811,33,1,250000,250000
2812,159,1,12990000,12990000
2813,245,2,9015500,18031000
2814,278,1,6165500,6165500
2815,37,1,114000,114000
2816,143,1,2490000,2490000
2817,130,1,7490000,7490000
2818,266,1,120000,120000
2818,90,1,450000,450000
2819,210,1,6490000,6490000
2819,315,1,4590000,4590000
2819,10,2,6165500,12331000
2820,287,1,4990000,4990000
2821,239,1,6490000,6490000
2822,82,1,2490000,2490000
2823,87,1,4491000,4491000
2824,122,2,4990000,9980000
2825,67,1,18990000,18990000
2826,252,1,250000,250000
2827,193,1,33291000,33291000
2827,214,1,27990000,27990000
2828,99,2,11691000,23382000
2829,4,2,320000,640000
2829,94,1,5990000,5990000
2830,32,1,10791000,10791000
2831,140,2,4990000,9980000
2832,158,1,2691000,2691000
2833,87,1,4990000,4990000
2834,22,1,4990000,4990000
2834,33,1,250000,250000
2835,49,1,2490000,2490000
2836,223,1,5391000,5391000
2837,9,1,288000,259200
2838,50,1,8541000,8541000
2839,29,1,225000,225000
2840,110,1,4491000,4491000
2841,90,2,450000,900000
2842,228,1,2490000,2490000
2843,169,1,3490000,3490000
2843,178,2,2990000,5980000
2844,214,1,27990000,27990000
2844,106,1,7191000,7191000
2845,303,1,18990000,18990000
2846,41,1,190000,190000
2846,41,2,180500,361000
2847,123,1,2490000,2490000
2848,40,1,1890000,1890000
2849,150,1,11691000,12860100
2850,25,1,3490000,3490000
2851,302,1,33291000,33291000
2852,88,1,7191000,7191000
2852,263,3,4740500,14221500
2853,278,1,6165500,6165500
2854,122,1,4990000,4990000
2855,238,3,35140500,105421500
2856,60,1,11990000,11990000
2857,2,1,36990000,36990000
2858,211,1,6490000,6490000
2859,295,1,750000,750000
2859,29,1,250000,250000
2860,159,1,11691000,11691000
2861,254,1,7990000,7990000
2862,207,1,3591000,3591000
2863,66,1,675000,675000
2864,199,1,36990000,36990000
2864,213,1,18040500,19844550
2865,252,1,237500,237500
2866,199,1,36990000,36990000
2867,165,1,6165500,6165500
2868,60,1,11390500,11390500
2869,296,1,22990000,22990000
2870,137,1,3990000,3990000
2871,144,1,4740500,4740500
2872,232,1,712500,712500
2872,235,1,3490000,3490000
2872,208,1,108000,108000
2873,320,1,320000,320000
2874,170,1,18990000,18990000
2874,132,1,4990000,4990000
2875,150,1,11691000,11691000
2876,108,1,31990000,31990000
2877,274,1,11390500,11390500
2878,65,1,18040500,18040500
2878,168,1,27990000,27990000
2879,250,2,171000,342000
2880,308,1,22990000,22990000
2880,140,1,4990000,4990000
2881,19,1,11990000,11990000
2881,299,2,3141000,6282000
2882,150,1,12990000,12990000
2883,11,1,35140500,35140500
2883,161,1,18990000,18990000
2884,57,1,35140500,35140500
2884,63,1,5990000,5990000
2885,270,1,5990000,5990000
2886,122,1,4491000,4491000
2887,291,1,3315500,3315500
2888,33,1,225000,225000
2889,28,1,4131000,4131000
2890,41,1,171000,171000
2890,11,1,36990000,36990000
2891,308,2,21840500,43681000
2892,294,1,5690500,5690500
2892,165,1,6490000,6490000
2892,8,2,1795500,3591000
2893,144,1,4740500,4740500
2894,202,1,11990000,11990000
2895,270,1,5690500,5690500
2895,203,1,27990000,27990000
2896,301,2,3591000,7182000
2897,315,1,4590000,4590000
2898,70,1,1795500,1795500
2899,256,1,590000,590000
2899,185,1,2691000,2691000
2900,242,1,5690500,5690500
2901,33,1,250000,250000
2902,138,2,6741000,13482000
2903,152,2,22990000,45980000
2904,270,1,5690500,5690500
2905,209,1,9990000,9990000
2906,294,1,5990000,5990000
2907,18,1,9490000,9490000
2908,12,1,27990000,27990000
2908,232,1,712500,712500
2909,315,1,4131000,4131000
2910,218,1,1890000,1890000
2910,206,1,590000,590000
2911,60,1,11390500,11390500
2912,51,1,450000,450000
2913,242,1,5990000,5990000
2914,140,1,4740500,4740500
2914,310,1,5990000,5990000
2915,104,1,17091000,17091000
2916,48,1,6165500,6165500
2917,183,1,2365500,2365500
2918,83,1,27990000,27990000
2919,19,1,11990000,11990000
2919,202,1,11390500,11390500
2920,312,1,4990000,4990000
2921,11,1,36990000,36990000
2922,238,1,35140500,35140500
2923,24,1,5841000,5841000
2924,36,2,190000,380000
2925,276,2,6490000,12980000
2925,240,1,5990000,5990000
2926,132,1,4740500,4740500
2927,286,1,3490000,3490000
2927,145,1,2990000,2990000
2928,102,1,2490000,2490000
2928,12,1,27990000,27990000
2929,92,1,250000,250000
2930,295,1,750000,750000
2931,249,1,288000,288000
2932,310,1,5391000,5391000
2932,44,3,2990000,8970000
2932,202,2,11990000,23980000
2933,54,1,7490000,7490000
2934,154,1,22990000,22990000
2935,12,1,27990000,27990000
2935,94,1,5690500,5690500
2936,109,3,590000,1770000
2937,58,2,7490000,14980000
2938,320,2,320000,640000
2939,14,1,250000,250000
2940,240,1,5990000,5990000
2941,297,1,8541000,8541000
2942,246,1,750000,750000
2943,221,1,17091000,17091000
2944,67,1,18990000,18990000
2944,152,1,22990000,22990000
2945,259,1,36990000,40689000
2945,275,1,5391000,5391000
2945,8,1,1701000,1701000
2946,256,1,531000,531000
2946,109,1,590000,590000
2947,282,1,7590500,7590500
2948,19,1,11990000,11990000
2949,131,1,27990000,27990000
2949,133,1,25191000,25191000
2950,2,1,36990000,36990000
2951,162,1,18990000,18990000
2952,12,1,27990000,27990000
2953,167,1,35140500,35140500
2954,278,1,6165500,6165500
2955,70,1,1701000,1701000
2955,216,1,3990000,3990000
2956,180,2,2840500,5681000
2957,277,1,6165500,6165500
2957,8,2,1890000,3780000
2958,286,1,3141000,3141000
2959,7,1,6165500,6165500
2960,100,1,9990000,9990000
2961,197,1,712500,712500
2961,283,1,9490000,9490000
2962,270,1,5990000,5990000
2963,141,1,6490000,6490000
2964,305,2,1795500,3591000
2965,246,1,750000,750000
2965,270,1,5690500,5690500
2966,247,1,11390500,11390500
2967,20,1,4590000,4590000
2967,135,1,5990000,5990000
2968,157,1,7590500,7590500
2968,162,1,18990000,18990000
2969,35,1,7590500,7590500
2969,264,1,9990000,9990000
2970,165,1,6490000,6490000
2971,169,1,3490000,3490000
2972,113,1,17091000,17091000
2972,162,1,18040500,18040500
2972,262,1,675000,675000
2973,97,1,4590000,4590000
2974,202,1,11990000,11990000
2975,208,1,120000,120000
2975,221,1,18990000,18990000
2976,82,1,2490000,2490000
2977,80,3,9490000,28470000
2978,270,3,5690500,17071500
2978,64,1,18990000,18990000
2978,215,1,27990000,27990000
2979,184,1,6165500,6165500
2980,194,1,6165500,6165500
2980,151,1,3490000,3490000
2981,128,1,450000,450000
2982,260,1,18990000,18990000
2983,173,1,18990000,18990000
2983,14,1,250000,250000
2984,243,1,18990000,20889000
2985,240,1,5990000,5990000
2986,45,1,9490000,9490000
2986,126,1,5690500,5690500
2987,71,1,11990000,11990000
2988,30,1,6490000,6490000
2988,2,1,33291000,33291000
2989,254,2,7590500,15181000
2990,26,2,31990000,63980000
2990,12,2,27990000,55980000
2991,206,1,560500,560500
2992,75,1,6490000,6490000
2993,203,1,27990000,27990000
2994,301,1,3591000,3591000
2995,210,1,6165500,6165500
2995,60,1,11990000,11990000
2996,199,1,33291000,33291000
2996,61,1,750000,750000
2997,176,1,30390500,30390500
2998,4,1,320000,320000
2999,319,1,2990000,2990000
3000,196,1,4990000,4990000
3001,41,1,190000,190000
3002,37,1,120000,120000
3003,254,2,7191000,14382000
3004,283,1,9490000,9490000
3005,210,1,5841000,5841000
3006,67,1,17091000,17091000
3007,42,1,8541000,8541000
3007,65,1,17091000,17091000
3008,91,1,4990000,4990000
3009,197,1,750000,750000
3010,138,1,7115500,7115500
3011,148,1,5990000,5990000
3011,110,1,4990000,4990000
3012,208,1,114000,114000
3013,151,2,3490000,6980000
3013,82,1,2490000,2490000
3014,192,1,7590500,7590500
3015,37,2,120000,240000
3015,277,1,6490000,6490000
3016,202,3,11990000,35970000
3017,279,1,4360500,4360500
3018,187,1,4990000,4990000
3019,311,1,3990000,3990000
3020,316,1,2990000,2990000
3020,197,1,750000,750000
3021,300,1,1795500,1795500
3021,65,1,18990000,18990000
3022,313,1,2490000,2490000
3023,249,1,288000,288000
3024,160,1,2691000,2691000
3025,253,1,1701000,1701000
3026,222,1,36990000,36990000
3027,319,1,2990000,2691000
3028,118,1,18990000,18990000
3029,195,1,2490000,2490000
3030,133,1,27990000,27990000
3031,243,1,18040500,18040500
3032,235,1,3141000,3141000
3033,110,1,4740500,4740500
3034,253,1,1701000,1701000
3035,173,1,18990000,18990000
3035,177,1,36990000,36990000
3036,319,1,2990000,2990000
3037,50,1,8541000,8541000
3038,295,1,750000,750000
3039,234,1,7990000,7990000
3040,219,1,7990000,7990000
3041,67,1,18040500,18040500
3042,170,1,17091000,17091000
3042,312,1,4990000,4990000
3043,93,1,7990000,7990000
3044,109,1,590000,590000
3045,103,1,21840500,21840500
3046,247,1,11990000,11990000
3047,68,2,1890000,3780000
3047,189,1,1701000,1701000
3048,111,1,6741000,6741000
3049,99,1,12990000,12990000
3050,227,1,8991000,8991000
3050,27,1,12990000,12990000
3051,156,1,27990000,27990000
3051,152,1,22990000,22990000
3052,192,1,7191000,7191000
3052,253,1,1890000,1890000
3053,164,1,3990000,3990000
3054,154,1,20691000,20691000
3054,95,1,7990000,7990000
3055,22,1,4990000,4990000
3055,24,1,6490000,6490000
3056,230,1,250000,250000
3057,256,1,590000,590000
3058,254,1,7990000,7990000
3058,40,1,1795500,1795500
3058,259,1,36990000,36990000
3059,293,1,2691000,2691000
3060,255,1,27990000,27990000
3060,25,1,3490000,3490000
3061,228,1,2241000,2241000
3061,5,1,7990000,7990000
3062,43,1,8541000,8541000
3063,242,1,5990000,5990000
3064,264,1,8991000,8991000
3065,48,1,6490000,6490000
3066,199,1,36990000,36990000
3067,275,1,5990000,5990000
3067,60,1,11990000,11990000
3068,313,1,2490000,2490000
3069,238,1,33291000,33291000
3070,47,1,6165500,6165500
3070,282,1,7590500,7590500
3071,221,1,17091000,17091000
3072,263,1,4491000,4491000
3073,82,1,2241000,2241000
3073,289,1,10791000,10791000
3073,180,1,2990000,2990000
3074,306,1,1701000,1701000
3075,145,1,2990000,2990000
3076,264,1,9990000,9990000
3077,296,1,21840500,21840500
3078,134,1,6490000,6490000
3079,286,1,3315500,3315500
3080,195,1,2241000,2241000
3080,62,1,27990000,27990000
3081,275,1,5990000,5990000
3082,90,1,427500,427500
3082,16,1,26590500,26590500
3083,286,1,3490000,3490000
3084,117,1,11990000,11990000
3085,277,1,6490000,6490000
3086,257,1,10791000,10791000
3087,77,1,250000,250000
3087,51,1,427500,427500
3088,210,1,6490000,6490000
3089,245,1,9490000,9490000
3090,312,1,4990000,4990000
3091,286,2,3490000,6980000
3092,198,1,11990000,11990000
3093,226,1,18990000,18990000
3093,158,1,2990000,2990000
3093,155,1,27990000,27990000
3094,218,1,1890000,1890000
3095,44,2,2990000,5980000
3096,7,1,6490000,6490000
3097,45,1,9490000,9490000
3098,163,1,18990000,18990000
3099,99,1,12990000,12990000
3100,22,1,4491000,4491000
3101,253,1,1701000,1701000
3102,272,1,9490000,9490000
3103,215,3,27990000,83970000
3103,29,1,250000,250000
3104,105,1,9490000,9490000
3105,234,2,7191000,14382000
3105,98,1,36990000,36990000
3106,12,2,27990000,55980000
3106,13,1,27990000,27990000
3107,292,1,6490000,6490000
3108,26,1,28791000,28791000
3109,191,1,4740500,4740500
3110,31,3,5841000,17523000
3110,7,1,6490000,6490000
3111,254,1,7990000,7990000
3112,67,1,18040500,18040500
3113,195,1,2241000,2241000
3113,55,1,9490500,9490500
3114,145,1,2990000,2990000
3114,215,3,25191000,75573000
3115,239,1,6490000,6490000
3116,249,1,320000,320000
3117,273,1,11390500,11390500
3118,69,1,4740500,4740500
3118,145,1,2990000,2990000
3119,276,1,6490000,6490000
3120,67,1,17091000,17091000
3120,275,1,5990000,5990000
3120,260,1,18990000,18990000
3121,188,1,9990000,9990000
3122,209,1,9990000,9990000
3123,163,1,18040500,18040500
3124,99,1,11691000,11691000
3125,172,2,3141000,6282000
3125,276,1,5841000,5841000
3125,172,1,3141000,3141000
3126,99,1,12340500,12340500
3126,249,1,320000,320000
3127,320,1,320000,320000
3128,201,1,4740500,4740500
3129,150,2,12990000,25980000
3129,303,1,18990000,18990000
3129,246,1,675000,675000
3130,294,1,5990000,5990000
3131,29,1,250000,275000
3132,72,1,7990000,7990000
3133,78,1,450000,450000
3133,300,2,1890000,3780000
3134,255,1,25191000,25191000
3135,45,1,9490000,9490000
3136,254,1,7191000,7191000
3137,219,1,7191000,7191000
3137,268,1,450000,450000
3138,20,3,4590000,15147000
3138,70,1,1795500,1795500
3139,316,1,2990000,2990000
3140,40,1,1795500,1795500
3141,33,1,225000,225000
3142,25,1,3141000,3141000
3142,111,1,7490000,6741000
3142,56,1,6490000,6490000
3143,246,1,712500,712500
3143,267,1,8541000,8541000
3144,9,1,320000,320000
3145,98,3,36990000,110970000
3146,27,1,12990000,12990000
3146,261,1,8541000,8541000
3147,186,1,9490000,9490000
3148,69,1,4491000,4491000
3149,285,2,2490000,4980000
3150,286,1,3490000,3490000
3151,212,2,7990000,15980000
3152,42,1,9490000,9490000
3153,265,1,31990000,31990000
3154,243,1,18990000,18990000
3155,60,1,11990000,11990000
3156,148,1,5990000,5990000
3157,200,1,27990000,27990000
3157,319,1,2990000,2990000
3157,267,1,9015500,9015500
3158,200,1,25191000,25191000
3159,173,2,18990000,37980000
3160,275,1,5690500,5690500
3160,269,2,450000,900000
3160,309,1,36990000,36990000
3161,131,1,27990000,27990000
3161,259,1,36990000,36990000
3162,300,1,1890000,1890000
3163,267,1,9490000,9490000
3163,182,1,36990000,36990000
3164,313,1,2241000,2241000
3165,197,1,750000,750000
3166,219,1,7990000,7990000
3167,161,2,17091000,34182000
3167,40,2,1890000,3780000
3168,196,1,4491000,4491000
3168,29,1,250000,250000
3169,186,2,9490000,18980000
3170,97,1,4590000,4590000
3171,84,1,9015500,9015500
3172,96,1,2990000,2990000
3173,154,1,20691000,20691000
3173,38,1,11390500,11390500
3173,200,1,26590500,26590500
3174,4,1,288000,288000
3174,4,1,304000,304000
3175,18,1,9490000,9490000
3176,132,1,4740500,4740500
3176,211,1,6490000,6490000
3176,213,1,18040500,18040500
3177,318,2,7990000,15980000
3178,314,1,25191000,25191000
3179,272,1,9490000,9490000
3180,51,1,450000,450000
3180,227,1,9490500,9490500
3181,249,1,288000,288000
3182,234,1,7990000,7990000
3182,128,1,450000,450000
3183,243,1,17091000,17091000
3184,122,1,4740500,4740500
3185,174,1,4990000,4990000
3185,77,1,237500,237500
3186,246,1,750000,750000
3186,77,1,250000,250000
3187,203,1,26590500,26590500
3188,306,1,1795500,1795500
3189,97,3,4131000,12393000
3190,315,1,4590000,4131000
3191,52,1,190000,190000
3192,287,1,4990000,4990000
3192,316,1,2990000,2990000
3193,81,1,5841000,5841000
3194,96,1,2990000,2990000
3195,261,1,8541000,8541000
3196,146,1,5990000,5990000
3197,71,1,11990000,11990000
3198,134,1,6490000,6490000
3199,294,1,5990000,5990000
3199,102,1,2490000,2490000
3200,169,1,3490000,3490000
3201,208,1,120000,120000
3201,284,1,2840500,2840500
3201,280,1,4360500,4360500
3202,130,1,7490000,7490000
3202,279,1,4590000,4590000
3202,62,1,27990000,27990000
3203,71,2,11390500,22781000
3204,56,1,6490000,6490000
3205,94,1,5391000,5391000
3205,215,1,27990000,27990000
3206,156,1,25191000,25191000
3206,67,1,18990000,18990000
3207,209,1,9990000,9990000
3207,178,1,2840500,2840500
3208,25,1,3490000,3490000
3208,213,1,18990000,18990000
3209,112,1,25191000,25191000
3209,263,1,4990000,4990000
3210,86,1,18990000,18990000
3211,264,1,8991000,8991000
3211,230,1,250000,250000
3212,301,1,3790500,3790500
3213,98,1,35140500,35140500
3214,284,1,2840500,2840500
3215,268,1,405000,405000
3215,178,1,2990000,2990000
3216,92,1,250000,250000
3217,260,1,18990000,18990000
3218,275,1,5990000,5990000
3219,202,1,11990000,11990000
3220,94,1,5391000,5391000
3221,68,2,1701000,3402000
3221,188,1,9990000,9990000
3222,29,1,225000,225000
3223,7,2,5841000,11682000
3224,85,1,25191000,25191000
3225,53,3,9490000,28470000
3225,9,1,304000,304000
3226,64,1,18990000,18990000
3227,141,1,6490000,6490000
3228,80,1,9015500,9015500
3229,124,1,2990000,2990000
3230,153,1,114000,114000
3231,216,1,3990000,3990000
3231,21,1,7191000,7191000
3232,101,1,18990000,18990000
3232,287,1,4740500,4740500
3232,214,1,27990000,27990000
3233,188,1,9990000,9990000
3234,221,2,18990000,37980000
3234,263,2,4990000,9980000
3235,283,1,9490000,9490000
3236,319,2,2840500,5681000
3236,54,1,6741000,6741000
3236,167,1,36990000,36990000
3237,311,1,3990000,3990000
3238,119,1,120000,120000
3239,122,1,4990000,4990000
3240,47,1,6490000,6490000
3241,20,2,4131000,8262000
3242,34,1,18990000,18990000
3242,82,1,2490000,2490000
3243,195,1,2490000,2490000
3243,162,1,18990000,18990000
3243,6,1,5990000,5990000
3244,117,2,11990000,23980000
3245,106,3,7191000,21573000
3246,129,1,2840500,2840500
3247,154,1,21840500,21840500
3247,147,1,11990000,11990000
3248,104,1,18990000,18990000
3248,43,1,8541000,9395100
3248,129,1,2840500,2840500
3249,202,1,11990000,11990000
3250,291,1,3490000,3490000
3251,193,1,33291000,33291000
3252,207,1,3990000,3990000
3253,217,1,22990000,22990000
3254,52,1,180500,180500
3254,138,1,7490000,7490000
3255,139,1,9015500,9015500
3255,300,1,1795500,1795500
3256,27,1,12990000,12990000
3257,65,1,18040500,18040500
3257,72,1,7990000,7990000
3258,252,2,250000,500000
3258,166,1,3990000,3990000
3259,42,1,9015500,9015500
3259,47,1,6490000,6490000
3260,99,1,12990000,12990000
3261,207,1,3790500,3790500
3262,251,1,27990000,27990000
3262,73,1,11390500,11390500
3263,258,1,5990000,5990000
3264,70,1,1890000,1890000
3264,147,3,10791000,32373000
3265,15,1,4491000,4491000
3266,187,2,4990000,9980000
3267,282,1,7990000,7990000
3267,87,1,4491000,4491000
3268,68,1,1795500,1795500
3269,310,1,5990000,5990000
3270,106,1,7990000,7990000
3271,242,1,5391000,5391000
3272,227,1,9990000,9990000
3272,158,1,2691000,2691000
3273,188,1,9990000,9990000
3274,218,1,1890000,1890000
3275,96,1,2990000,2990000
3276,226,1,18990000,18990000
3277,28,1,4131000,4131000
3277,104,1,18040500,18040500
3278,110,1,4491000,4491000
3278,231,1,36990000,36990000
3278,254,1,7191000,7191000
3279,265,2,31990000,63980000
3280,206,1,590000,590000
3281,32,3,11990000,35970000
3281,297,1,9015500,9015500
3282,243,1,18040500,18040500
3283,202,1,11390500,11390500
3284,317,1,31990000,31990000
3285,34,1,18990000,18990000
3286,86,1,18990000,18990000
3287,215,1,26590500,26590500
3287,67,1,18990000,18990000
3288,228,2,2241000,4482000
3289,320,1,288000,288000
3289,29,1,250000,250000
3290,256,1,590000,590000
3290,197,1,750000,750000
3291,124,2,2990000,5980000
3291,10,2,6490000,12980000
3291,315,1,4360500,4360500
3292,55,1,9990000,9990000
3292,120,1,3315500,3315500
3293,20,1,4360500,4360500
3293,14,1,250000,250000
3294,133,2,27990000,55980000
3295,161,1,18990000,18990000
3296,131,1,26590500,26590500
3296,14,1,250000,250000
3296,136,1,4740500,4740500
3297,133,1,27990000,27990000
3298,273,1,11990000,11990000
3298,209,1,8991000,8991000
3298,183,1,2490000,2490000
3299,216,1,3790500,3790500
3300,276,1,6165500,6165500
3301,94,1,5990000,5990000
3301,213,1,18990000,18990000
3302,61,1,712500,712500
3302,85,1,25191000,25191000
3303,151,1,3315500,3315500
3304,41,2,180500,361000
3304,92,1,225000,225000
3305,193,1,33291000,33291000
3305,146,1,5990000,5990000
3306,290,1,18990000,18990000
3307,300,1,1890000,1890000
3308,96,1,2990000,2990000
3309,199,1,36990000,36990000
3309,41,1,190000,190000
3310,267,1,9490000,9490000
3311,315,2,4590000,9180000
3312,300,1,1890000,1890000
3313,290,1,18990000,18990000
3313,153,1,120000,120000
3314,145,1,2840500,2840500
3314,79,1,190000,190000
3315,155,1,27990000,27990000
3315,232,1,750000,750000
3316,2,1,36990000,36990000
3317,5,1,7990000,7191000
3318,103,1,22990000,22990000
3318,283,1,8541000,8541000
3318,248,1,10791000,10791000
3319,73,1,11390500,11390500
3320,177,1,33291000,33291000
3320,307,1,3315500,3315500
3321,68,1,1701000,1701000
3322,69,1,4990000,4990000
3322,82,1,2365500,2365500
3323,114,1,30390500,30390500
3324,171,1,2490000,2490000
3324,219,1,7990000,7990000
3325,316,1,2990000,2691000
3326,222,1,35140500,35140500
3326,51,1,427500,427500
3327,287,1,4491000,4491000
3327,55,2,9990000,19980000
3328,139,1,9015500,9015500
3329,206,1,590000,590000
3329,247,1,10791000,10791000
3330,213,1,18990000,18990000
3331,71,1,11990000,11990000
3332,16,1,27990000,27990000
3333,173,1,18990000,18990000
3333,182,1,36990000,36990000
3334,267,1,8541000,8541000
3334,221,1,18990000,18990000
3335,180,1,2840500,2840500
3336,200,1,27990000,27990000
3337,314,1,25191000,25191000
3337,319,1,2990000,2990000
3337,316,1,2691000,2691000
3338,167,1,35140500,35140500
3338,57,1,36990000,36990000
3339,262,1,750000,750000
3340,2,3,33291000,99873000
3341,296,1,21840500,21840500
3341,189,1,1890000,1890000
3342,176,3,31990000,95970000
3343,140,1,4740500,4740500
3343,54,1,6741000,6741000
3344,103,1,20691000,20691000
3344,303,1,18990000,18990000
3344,188,1,9990000,9990000
3345,225,1,26590500,29249550
3346,145,1,2691000,2691000
3347,131,1,27990000,27990000
3348,146,1,5391000,5391000
3348,283,1,8541000,8541000
3349,76,1,20691000,20691000
3350,80,1,9490000,9490000
3351,272,1,9490000,9490000
3352,204,2,9015500,18031000
3353,147,2,11390500,22781000
3353,267,1,8541000,8541000
3353,294,1,5391000,5391000
3354,213,1,17091000,17091000
3354,285,1,2241000,2241000
3355,245,3,9015500,27046500
3355,64,2,18040500,36081000
3356,23,1,33291000,33291000
3357,319,1,2990000,2990000
3358,214,1,27990000,27990000
3359,186,1,9015500,9015500
3360,320,1,320000,320000
3361,83,1,27990000,27990000
3362,88,1,7990000,7990000
3363,145,1,2990000,2990000
3364,220,1,12990000,12990000
3364,80,1,9490000,9490000
3365,167,2,33291000,66582000
3366,312,1,4990000,4990000
3367,158,3,2990000,8970000
3368,116,3,18990000,56970000
3369,151,1,3490000,3490000
3369,82,1,2490000,2490000
3370,73,3,11990000,35970000
3370,81,1,5841000,5841000
3371,281,1,3990000,3990000
3371,137,1,3591000,3591000
3372,226,1,18990000,18990000
3372,82,1,2365500,2365500
3373,280,1,4131000,4131000
3374,226,1,18990000,18990000
3374,320,1,320000,320000
3375,37,1,114000,114000
3375,48,1,6490000,6490000
3375,318,1,7990000,7990000
3376,227,1,9990000,9990000
3377,162,3,18990000,56970000
3378,201,1,4990000,4990000
3379,220,1,12990000,12990000
3380,90,1,427500,427500
3381,309,1,36990000,36990000
3382,259,1,36990000,36990000
3383,243,3,17091000,51273000
3383,283,1,9490000,9490000
3384,4,1,320000,320000
3385,298,1,6490000,6490000
3385,292,1,6490000,6490000
3386,264,1,9990000,9990000
3387,161,1,18990000,18990000
3388,249,1,288000,288000
3389,130,1,7490000,7490000
3390,142,1,9490000,9490000
3391,90,1,450000,450000
3392,223,1,5990000,5990000
3393,83,1,26590500,26590500
3393,315,1,4590000,4590000
3394,22,1,4990000,4990000
3394,103,1,22990000,22990000
3395,317,1,31990000,31990000
3395,230,1,250000,250000
3396,58,1,7115500,7115500
3397,54,1,7490000,7490000
3398,262,1,675000,675000
3398,51,1,450000,450000
3399,304,1,7990000,7990000
3399,223,1,5391000,5391000
3399,308,1,22990000,22990000
3400,56,1,6490000,6490000
3401,163,1,17091000,17091000
3402,315,1,4590000,4590000
3403,1,1,1795500,1795500
3404,162,1,18040500,18040500
3405,295,1,750000,750000
3406,185,1,2990000,2990000
3407,164,1,3591000,3591000
3408,27,1,12990000,12990000
3408,83,1,27990000,27990000
3409,311,1,3990000,3990000
3409,162,1,18990000,18990000
3410,170,1,18990000,18990000
3411,17,1,320000,320000
3411,135,1,5391000,5391000
3411,214,1,27990000,27990000
3412,277,1,6165500,6165500
3412,126,1,5391000,5391000
3413,201,1,4990000,4990000
3414,239,1,6490000,6490000
3414,222,1,36990000,36990000
3415,10,1,6490000,6490000
3415,205,1,6490000,6490000
3416,92,1,250000,250000
3416,205,1,6490000,6490000
3417,209,1,9990000,9990000
3418,54,1,7490000,7490000
3419,298,1,6490000,6490000
3420,191,2,4740500,9481000
3420,161,1,17091000,17091000
3421,192,1,7990000,7990000
3422,206,1,590000,590000
3423,292,1,6490000,7139000
3424,302,1,36990000,36990000
3425,156,1,27990000,27990000
3426,8,1,1890000,1890000
3427,318,1,7990000,7990000
3427,255,1,25191000,25191000
3428,229,1,250000,250000
3428,151,1,3315500,3315500
3428,173,1,17091000,17091000
3429,225,1,26590500,26590500
3430,265,1,28791000,28791000
3431,282,3,7990000,23970000
3431,98,1,35140500,35140500
3432,122,1,4990000,4990000
3433,306,1,1890000,1890000
3434,81,1,6490000,6490000
3435,5,1,7990000,7990000
3435,308,1,21840500,21840500
3436,125,1,6490000,6490000
3436,87,1,4990000,4990000
3437,6,1,5690500,5690500
3438,49,1,2490000,2490000
3438,58,1,6741000,6741000
3438,82,1,2365500,2365500
3439,189,1,1795500,1795500
3440,129,2,2990000,5980000
3440,150,1,11691000,11691000
3440,71,3,11990000,35970000
3441,46,1,7990000,7990000
3441,313,1,2490000,2490000
3442,154,1,22990000,22990000
3443,310,1,5990000,5990000
3443,199,1,36990000,36990000
3444,83,1,27990000,27990000
3444,283,1,9490000,9490000
3445,41,3,180500,541500
3446,244,1,31990000,31990000
3447,127,1,5841000,5841000
3448,63,1,5690500,5690500
3449,121,2,171000,342000
3449,314,1,27990000,27990000
3450,13,1,27990000,27990000
3451,31,1,5841000,5841000
3452,70,1,1795500,1795500
3452,183,1,2490000,2490000
3452,137,1,3990000,3990000
3453,57,1,35140500,35140500
3454,75,1,6490000,6490000
3454,235,1,3141000,3141000
3455,207,1,3990000,3990000
3456,33,1,250000,250000
3457,105,1,9015500,9015500
3457,109,1,531000,531000
3457,9,1,304000,304000
3458,131,1,25191000,25191000
3459,299,1,3315500,3315500
3460,232,1,712500,712500
3460,93,1,7990000,7990000
3461,277,1,6490000,6490000
3462,146,1,5391000,5391000
3463,160,1,2990000,2990000
3463,306,1,1890000,1890000
3464,202,3,11990000,35970000
3465,131,2,27990000,55980000
3466,69,1,4990000,4990000
3467,10,1,6490000,6490000
3468,201,1,4990000,4990000
3469,110,1,4990000,4990000
3470,211,1,6490000,6490000
3470,307,1,3141000,3141000
3471,48,1,5841000,5841000
3472,38,1,11990000,11990000
3473,129,3,2990000,8970000
3473,14,1,250000,250000
3473,314,1,26590500,26590500
3474,120,1,3315500,3315500
3474,249,1,320000,320000
3475,202,1,11990000,11990000
3476,125,1,6490000,6490000
3477,55,1,9490500,9490500
3478,181,1,4990000,4990000
3478,193,2,36990000,73980000
3479,163,1,18990000,18990000
3480,24,1,6490000,6490000
3481,242,1,5990000,5990000
3482,33,3,250000,750000
3483,173,3,18990000,56970000
3484,246,1,750000,750000
3485,287,1,4990000,4990000
3485,293,1,2990000,2990000
3486,315,2,4590000,9180000
3486,150,1,12990000,12990000
3487,233,2,250000,500000
3488,77,1,250000,250000
3488,223,1,5990000,5990000
3489,56,1,6490000,6490000
3489,225,1,25191000,25191000
3490,16,1,27990000,27990000
3491,113,1,18990000,18990000
3492,169,1,3490000,3839000
3493,212,1,7191000,7191000
3493,24,1,6165500,6165500
3493,146,3,5690500,17071500
3494,315,1,4590000,4590000
3494,91,1,4990000,4990000
3495,88,1,7990000,7990000
3496,44,1,2691000,2691000
3497,224,1,7990000,7990000
3498,167,1,33291000,33291000
3499,83,1,27990000,27990000
3499,131,1,25191000,25191000
3500,143,1,2365500,2365500
3501,280,1,4590000,4590000
3502,300,1,1890000,1890000
3502,298,1,6490000,6490000
3503,143,3,2490000,7470000
3504,287,2,4990000,9980000
3505,150,1,12990000,12990000
3506,41,2,171000,342000
3506,219,1,7191000,7191000
3507,124,1,2990000,2990000
3508,167,1,36990000,36990000
3508,252,2,250000,500000
3509,67,3,18990000,56970000
3509,246,2,675000,1350000
3510,238,1,36990000,36990000
3510,220,1,11691000,11691000
3510,284,1,2990000,2990000
3511,92,1,250000,250000
3512,270,1,5391000,5391000
3513,254,2,7990000,15980000
3513,220,3,11691000,35073000
3514,28,1,4590000,4590000
3515,141,1,6490000,6490000
3515,197,1,675000,675000
3516,16,2,27990000,55980000
3516,212,1,7990000,7990000
3517,28,1,4590000,4590000
3518,135,1,5391000,5391000
3518,285,1,2365500,2365500
3519,253,1,1890000,1890000
3519,60,1,11990000,11990000
3520,130,1,7490000,7490000
3521,185,1,2990000,2990000
3521,304,1,7990000,7990000
3522,236,1,7590500,7590500
3523,147,1,11990000,11990000
3523,89,1,3315500,3315500
3524,115,1,31990000,31990000
3525,278,1,6490000,6490000
3526,140,1,4740500,4740500
3526,252,1,250000,250000
3527,33,1,250000,250000
3528,237,1,9015500,9015500
3529,6,1,5391000,5391000
3529,143,1,2490000,2490000
3529,88,1,7191000,7191000
3530,80,1,9490000,9490000
3530,30,1,6165500,6165500
3531,216,1,3990000,3990000
3531,88,1,7590500,7590500
3531,310,1,5391000,5391000
3532,298,1,6490000,6490000
3533,217,1,22990000,22990000
3533,71,1,11990000,11990000
3533,259,1,35140500,35140500
3534,182,1,35140500,35140500
3535,255,1,25191000,25191000
3536,109,1,590000,590000
3537,215,1,27990000,27990000
3538,135,1,5990000,5990000
3539,20,1,4590000,4590000
3540,271,3,6490000,19470000
3541,3,1,531000,531000
3542,245,1,9490000,9490000
3542,298,1,6490000,6490000
3543,49,1,2490000,2490000
3544,285,1,2490000,2490000
3545,1,1,1890000,1890000
3546,2,1,33291000,33291000
3547,280,1,4360500,4360500
3548,222,2,35140500,70281000
3549,190,1,2990000,2990000
3549,25,1,3490000,3490000
3550,165,1,6490000,6490000
3550,84,1,8541000,8541000
3550,240,1,5990000,5990000
3551,293,2,2990000,5980000
3552,180,2,2990000,5980000
3552,68,1,1701000,1701000
3552,125,1,6490000,7139000
3553,75,1,6490000,6490000
3554,253,1,1890000,1890000
3555,153,1,120000,120000
3556,183,1,2490000,2490000
3557,314,1,27990000,27990000
3558,153,1,120000,120000
3558,36,1,190000,190000
3558,318,1,7990000,7990000
3559,142,1,8541000,8541000
3560,130,1,7115500,7115500
3561,79,2,190000,380000
3562,60,1,11990000,11990000
3563,59,1,4990000,4990000
3563,70,1,1890000,1890000
3564,52,1,190000,190000
3565,38,1,11390500,11390500
3565,257,1,11990000,11990000
3565,281,1,3591000,3591000
3566,208,1,114000,114000
3567,304,1,7191000,7191000
3568,94,1,5990000,5990000
3569,48,1,6490000,6490000
3570,170,2,18040500,36081000
3571,192,1,7990000,7990000
3572,183,1,2365500,2365500
3572,141,1,6490000,6490000
3573,141,2,6490000,12980000
3574,102,1,2365500,2365500
3574,2,1,36990000,36990000
3575,129,1,2990000,2990000
3576,303,3,18990000,56970000
3577,269,1,427500,427500
3578,308,1,21840500,21840500
3579,182,2,36990000,73980000
3580,9,2,320000,640000
3581,135,2,5990000,11980000
3582,119,1,114000,114000
3582,27,1,11691000,11691000
3583,242,1,5990000,5990000
3584,30,1,6165500,6165500
3585,53,1,9490000,9490000
3586,40,1,1890000,1890000
3586,102,1,2490000,2490000
3587,113,1,18040500,18040500
3588,256,1,590000,590000
3589,308,1,22990000,22990000
3590,105,1,9490000,9490000
3590,31,1,6490000,6490000
3591,99,1,12340500,12340500
3591,173,1,18990000,18990000
3592,7,1,6490000,6490000
3592,238,1,33291000,33291000
3593,209,1,8991000,8991000
3594,65,1,18990000,18990000
3594,304,1,7990000,7990000
3595,304,1,7590500,7590500
3596,248,1,11990000,11990000
3597,296,1,20691000,20691000
3597,70,1,1890000,1890000
3598,92,1,250000,250000
3599,33,3,250000,750000
3600,283,1,9015500,9015500
3601,277,1,6165500,6165500
3602,18,1,9490000,9490000
3603,238,1,36990000,36990000
3604,93,1,7990000,7990000
3604,217,1,20691000,20691000
3604,151,1,3490000,3490000
3605,196,2,4491000,8083800
3606,203,1,27990000,27990000
3607,319,1,2990000,2990000
3607,105,1,9015500,9015500
3608,167,1,35140500,35140500
3609,289,1,10791000,10791000
3610,234,1,7590500,7590500
3610,319,1,2990000,2990000
3611,229,1,225000,225000
3612,262,1,750000,750000
3613,103,1,21840500,21840500
3613,86,1,18990000,18990000
3614,120,1,3490000,3490000
3615,172,1,3490000,3490000
3616,130,2,7490000,14980000
3617,85,1,25191000,25191000
3617,158,1,2990000,2990000
3618,213,2,18990000,37980000
3619,223,1,5990000,5990000
3620,122,2,4491000,8982000
3621,201,1,4740500,4740500
3621,134,1,6490000,6490000
3622,318,1,7590500,7590500
3623,245,3,9490000,28470000
3623,147,1,11390500,11390500
3624,59,1,4990000,4990000
3624,97,2,4590000,9180000
3625,222,1,36990000,36990000
3626,163,2,17091000,34182000
3627,45,1,9490000,9490000
3628,309,1,35140500,35140500
3629,262,1,675000,675000
3630,79,1,190000,190000
3631,183,1,2490000,2490000
3632,216,1,3990000,3990000
3633,24,1,6490000,6490000
3634,55,1,9990000,9990000
3634,295,1,750000,750000
3635,75,1,6490000,6490000
3636,237,1,9015500,9015500
3637,158,1,2990000,2990000
3638,274,1,11390500,11390500
3639,97,1,4360500,4360500
3640,306,1,1890000,1890000
3641,25,2,3315500,6631000
3642,261,1,9490000,9490000
3643,316,1,2691000,2691000
3644,154,1,22990000,22990000
3644,234,1,7990000,7990000
3645,152,2,20691000,41382000
3646,208,1,120000,120000
3646,139,1,9490000,9490000
3647,171,1,2241000,2241000
3648,284,1,2691000,2691000
3649,94,1,5990000,5990000
3650,208,1,120000,120000
3651,240,1,5690500,5690500
3652,217,1,21840500,21840500
3653,88,1,7990000,7990000
3654,71,1,11990000,11990000
3655,182,1,33291000,33291000
3655,252,1,250000,250000
3656,14,1,225000,225000
3657,77,1,250000,250000
3658,145,1,2691000,2691000
3659,107,1,320000,320000
3660,29,2,237500,475000
3660,212,1,7990000,7990000
3661,134,1,6490000,6490000
3662,115,1,31990000,31990000
3663,87,1,4990000,4990000
3663,305,1,1795500,1795500
3664,13,1,27990000,27990000
3665,290,1,18990000,18990000
3666,160,1,2990000,2990000
3667,244,1,30390500,30390500
3668,298,1,6490000,6490000
3669,194,1,6490000,6490000
3670,45,1,9490000,9490000
3671,80,1,8541000,8541000
3672,126,1,5391000,5391000
3672,89,1,3141000,3141000
3672,272,1,9015500,9015500
3673,16,1,25191000,25191000
3673,200,1,26590500,26590500
3674,219,1,7191000,7191000
3675,109,1,531000,531000
3676,245,1,9490000,9490000
3677,13,1,27990000,27990000
3678,234,1,7590500,7590500
3679,179,1,288000,288000
3679,40,1,1890000,1890000
3679,317,1,30390500,30390500
3680,187,1,4990000,4990000
3681,2,3,36990000,110970000
3682,89,2,3490000,6980000
3683,143,1,2241000,2241000
3683,185,1,2990000,2990000
3684,55,1,9990000,9990000
3684,299,1,3490000,3490000
3685,142,1,8541000,8541000
3686,269,1,450000,450000
3687,260,1,18990000,18990000
3688,171,1,2241000,2241000
3688,10,1,6490000,6490000
3689,247,1,11990000,11990000
3689,93,1,7590500,7590500
3690,129,1,2990000,2990000
3691,7,1,6165500,6165500
3692,169,1,3315500,3315500
3693,243,3,18990000,56970000
3693,22,2,4990000,10978000
3694,186,1,9490000,9490000
3695,280,1,4590000,4590000
3696,24,1,6490000,6490000
3697,288,1,3990000,3990000
3698,120,1,3315500,3315500
3698,282,1,7990000,7990000
3699,157,1,7990000,7990000
3699,33,1,250000,250000
3700,171,1,2490000,2490000
3701,36,1,180500,180500
3701,83,1,27990000,27990000
3702,124,1,2691000,2691000
3702,233,1,250000,250000
3703,258,2,5990000,11980000
3704,4,1,304000,304000
3705,309,1,36990000,36990000
3706,100,1,9990000,9990000
3707,90,1,427500,427500
3708,70,1,1890000,1890000
3708,137,1,3790500,3790500
3708,55,1,9490500,9490500
3709,110,1,4491000,4491000
3709,223,1,5391000,5391000
3710,291,1,3490000,3490000
3710,177,1,36990000,36990000
3711,180,1,2990000,2990000
3711,153,1,120000,120000
3711,54,1,7115500,7115500
3712,216,1,3990000,3990000
3712,251,3,27990000,83970000
3713,57,1,36990000,36990000
3714,311,1,3990000,3990000
3714,6,1,5690500,5690500
3715,87,1,4740500,4740500
3716,305,1,1890000,1890000
3716,288,1,3790500,3790500
3717,315,1,4590000,4590000
3717,306,1,1890000,1701000
3718,17,1,320000,320000
3719,283,1,9490000,9490000
3719,283,1,9015500,9015500
3719,223,1,5990000,5990000
3720,41,1,190000,190000
3721,223,1,5990000,5990000
3722,193,1,33291000,33291000
3723,293,1,2840500,2840500
3724,49,1,2241000,2241000
3725,305,1,1890000,1890000
3726,126,1,5990000,5990000
3727,253,1,1795500,1795500
3728,150,1,12340500,12340500
3729,226,1,18990000,18990000
3730,253,1,1701000,1701000
3730,125,1,6490000,6490000
3731,41,1,190000,190000
3732,101,1,18990000,18990000
3733,202,1,11390500,11390500
3734,257,1,11390500,11390500
3735,57,2,35140500,70281000
3735,277,1,6490000,6490000
3735,116,1,18040500,18040500
3736,135,1,5391000,5391000
3737,116,1,18990000,18990000
3737,318,1,7191000,7191000
3738,112,1,26590500,26590500
3739,203,1,27990000,27990000
3740,51,1,427500,427500
3740,134,2,6165500,12331000
3741,288,1,3990000,3990000
3742,274,2,10791000,21582000
3742,306,1,1890000,1890000
3743,59,1,4491000,4491000
3744,105,1,9015500,9015500
3745,9,1,320000,320000
3746,216,1,3591000,3591000
3747,316,1,2990000,2990000
3748,274,2,11390500,22781000
3748,256,3,590000,1770000
3749,201,1,4990000,4990000
3749,220,1,12990000,12990000
3750,224,1,7590500,7590500
3750,137,1,3790500,3790500
3751,40,1,1890000,1890000
3752,234,2,7990000,15980000
3753,220,1,11691000,11691000
3754,140,1,4990000,4990000
3754,75,1,5841000,5841000
3755,118,1,18040500,18040500
3756,209,1,9990000,9990000
3757,64,1,18990000,18990000
3757,174,1,4491000,4491000
3758,16,1,27990000,27990000
3759,309,1,33291000,33291000
3759,38,1,11390500,11390500
3760,305,1,1701000,1701000
3760,238,1,33291000,33291000
3761,19,1,11390500,11390500
3761,111,1,7490000,7490000
3762,181,1,4990000,4990000
3763,178,1,2840500,2840500
3764,147,1,11990000,11990000
3765,260,2,18990000,37980000
3766,317,1,28791000,28791000
3767,82,2,2490000,4980000
3767,299,2,3315500,6631000
3767,113,2,17091000,34182000
3768,100,1,9990000,9990000
3769,169,1,3490000,3490000
3770,56,1,6490000,6490000
3771,260,1,18990000,18990000
3772,109,1,531000,531000
3772,37,1,120000,120000
3773,319,1,2840500,2840500
3774,192,1,7990000,7990000
3774,319,1,2840500,2840500
3775,293,1,2990000,2990000
3776,234,1,7990000,7990000
3777,227,1,9490500,9490500
3777,34,3,18990000,56970000
3778,192,1,7990000,7990000
3779,97,1,4590000,4590000
3780,232,2,750000,1500000
3781,234,1,7990000,7990000
3781,174,1,4740500,4740500
3782,196,1,4740500,4740500
3783,99,1,12340500,12340500
3784,45,1,9490000,9490000
3784,215,1,27990000,27990000
3785,284,1,2840500,2840500
3786,177,1,33291000,33291000
3786,147,1,11990000,11990000
3787,207,1,3591000,3591000
3788,8,1,1890000,1890000
3789,244,1,31990000,31990000
3790,65,1,18990000,18990000
3791,176,1,30390500,30390500
3791,151,1,3490000,3490000
3791,37,2,120000,240000
3792,31,1,5841000,5841000
3792,7,1,6490000,6490000
3792,2,1,33291000,33291000
3793,301,1,3990000,3990000
3794,149,1,28791000,28791000
3795,295,1,750000,750000
3796,273,2,11990000,23980000
3797,65,1,18990000,18990000
3798,44,1,2990000,2990000
3799,85,1,27990000,27990000
3799,221,1,18990000,18990000
3800,84,2,9015500,18031000
3801,218,1,1890000,1890000
3802,122,1,4990000,4990000
3803,65,1,18990000,18990000
3804,12,1,27990000,27990000
3805,319,1,2990000,2990000
3806,313,1,2241000,2241000
3806,129,1,2990000,2990000
3807,222,1,33291000,33291000
3808,18,1,8541000,8541000
3808,159,1,11691000,11691000
3808,211,1,6165500,6165500
3809,57,1,35140500,35140500
3810,71,1,11390500,11390500
3810,160,1,2840500,2840500
3811,133,1,27990000,27990000
3812,253,1,1890000,1890000
3813,173,1,18990000,18990000
3814,209,1,9990000,9990000
3815,89,1,3490000,3490000
3815,313,2,2490000,4980000
3815,183,1,2490000,2490000
3816,315,1,4131000,4131000
3817,175,1,2241000,2241000
3818,72,1,7990000,7990000
3819,174,1,4740500,4740500
3820,140,1,4990000,4990000
3820,39,1,31990000,31990000
3821,31,1,5841000,5841000
3822,206,1,560500,560500
3822,31,1,5841000,5841000
3823,87,1,4491000,4491000
3824,42,1,9490000,9490000
3825,264,1,9990000,9990000
3826,204,1,9015500,9015500
3827,81,1,6490000,6490000
3828,265,3,31990000,95970000
3828,155,1,25191000,25191000
3828,7,1,6490000,5841000
3829,49,1,2241000,2241000
3830,94,2,5391000,10782000
3831,147,1,11990000,11990000
3832,299,1,3490000,3490000
3833,143,1,2241000,2241000
3834,311,3,3790500,11371500
3835,312,1,4491000,4491000
3836,34,1,18990000,18990000
3837,115,1,31990000,31990000
3837,155,1,25191000,25191000
3838,293,1,2990000,2990000
3839,123,1,2490000,2490000
3840,29,1,237500,237500
3841,147,1,11990000,11990000
3841,278,1,6490000,6490000
3842,162,1,17091000,17091000
3843,317,1,31990000,31990000
3844,59,1,4491000,4491000
3844,48,1,6490000,6490000
3844,184,1,6490000,5841000
3845,292,1,5841000,5841000
3846,109,2,590000,1180000
3847,17,1,304000,304000
3848,69,1,4740500,4740500
3849,57,1,36990000,36990000
3849,108,1,31990000,31990000
3850,158,2,2990000,5980000
3851,221,1,18990000,18990000
3851,117,1,11390500,11390500
3852,112,3,25191000,75573000
3853,98,1,36990000,36990000
3853,202,1,11390500,11390500
3853,97,1,4590000,4590000
3854,304,2,7990000,15980000
3855,251,1,27990000,27990000
3855,127,1,5841000,5841000
3856,266,1,120000,120000
3857,37,1,114000,114000
3857,185,1,2990000,2990000
3858,118,1,17091000,17091000
3859,299,1,3315500,3315500
3859,273,1,11990000,11990000
3860,205,1,6490000,6490000
3861,295,1,712500,712500
3862,239,1,6490000,6490000
3862,23,1,33291000,33291000
3863,140,1,4740500,4740500
3863,298,1,6490000,6490000
3864,69,1,4990000,4990000
3865,112,1,27990000,27990000
3865,166,1,3990000,3990000
3866,54,1,7490000,7490000
3867,177,1,36990000,36990000
3868,102,1,2490000,2490000
3869,73,1,11990000,11990000
3870,46,1,7990000,7990000
3871,271,1,6490000,6490000
3871,121,1,190000,190000
3872,94,1,5990000,5990000
3872,78,1,450000,450000
3872,122,1,4740500,4740500
3873,311,1,3990000,3990000
3874,172,1,3490000,3490000
3874,69,1,4990000,4990000
3874,94,1,5990000,5990000
3875,136,1,4491000,4491000
3876,194,1,6490000,6490000
3877,257,1,10791000,10791000
3878,212,1,7990000,7990000
3879,54,1,6741000,6741000
3880,65,1,18990000,18990000
3880,35,1,7990000,7990000
3881,57,1,35140500,35140500
3882,138,1,6741000,6741000
3883,112,1,27990000,27990000
3884,318,1,7590500,7590500
3885,89,1,3490000,3490000
3886,159,1,12340500,12340500
3886,91,1,4740500,4740500
3886,71,2,11990000,23980000
3887,45,1,9015500,9015500
3887,250,1,180500,180500
3888,27,1,12990000,12990000
3888,35,1,7990000,7990000
3889,223,2,5690500,11381000
3890,94,1,5990000,5990000
3891,76,1,20691000,20691000
3891,306,1,1890000,1890000
3892,104,1,18040500,18040500
3892,17,1,320000,320000
3893,275,1,5990000,5990000
3893,22,1,4740500,4740500
3894,16,1,27990000,27990000
3895,62,1,27990000,27990000
3895,146,2,5990000,11980000
3896,90,1,450000,450000
3897,233,1,250000,250000
3898,285,1,2241000,2241000
3899,150,1,12990000,12990000
3900,320,1,320000,320000
3901,235,1,3490000,3490000
3902,80,1,9490000,9490000
3902,226,1,18040500,18040500
3903,124,1,2840500,2840500
3903,158,1,2990000,2990000
3904,318,1,7990000,7990000
3905,320,1,320000,320000
3905,192,1,7990000,7990000
3905,294,1,5990000,5990000
3906,170,2,18990000,37980000
3907,218,1,1890000,1890000
3908,216,1,3990000,3990000
3909,128,1,405000,405000
3910,205,1,6490000,6490000
3911,65,2,18990000,37980000
3912,254,2,7590500,15181000
3912,181,1,4990000,4990000
3913,130,1,7490000,7490000
3914,306,1,1890000,1890000
3915,161,1,18040500,18040500
3915,190,1,2691000,2691000
3916,103,1,22990000,22990000
3917,138,1,7490000,7490000
3917,40,1,1890000,1890000
3918,173,2,18990000,37980000
3919,50,2,9490000,18980000
3920,243,1,18040500,18040500
3920,266,1,120000,120000
3921,201,1,4990000,4990000
3922,133,1,27990000,27990000
3922,149,1,31990000,31990000
3922,135,1,5391000,5391000
3923,255,1,25191000,25191000
3924,208,1,108000,108000
3925,57,1,33291000,33291000
3926,131,1,26590500,26590500
3926,19,1,11390500,11390500
3926,218,1,1890000,2079000
3927,58,1,6741000,6741000
3927,60,1,11390500,11390500
3928,230,1,237500,237500
3929,78,1,450000,450000
3930,207,1,3790500,3790500
3930,102,1,2490000,2490000
3931,222,1,36990000,36990000
3932,228,1,2490000,2490000
3933,16,1,26590500,26590500
3934,249,1,320000,320000
3935,197,1,750000,750000
3936,295,1,750000,750000
3937,251,1,26590500,26590500
3938,175,1,2490000,2490000
3939,52,1,190000,190000
3939,113,2,18040500,36081000
3940,176,1,31990000,31990000
3941,48,1,6490000,6490000
3942,231,1,33291000,33291000
3942,315,3,4590000,13770000
3943,253,1,1701000,1701000
3943,24,1,6165500,6165500
3944,202,1,11990000,11990000
3945,90,1,450000,450000
3946,265,1,30390500,30390500
3947,173,1,18990000,18990000
3947,244,1,31990000,31990000
3948,48,1,6490000,6490000
3949,194,3,6165500,18496500
3950,168,1,26590500,26590500
3951,292,1,5841000,5841000
3952,253,1,1890000,1890000
3953,30,1,6490000,6490000
3954,47,1,6490000,6490000
3955,178,1,2990000,2990000
3955,195,1,2490000,2490000
3956,237,1,9490000,9490000
3956,73,1,11990000,11990000
3957,178,1,2990000,2990000
3958,155,2,25191000,50382000
3959,33,1,237500,237500
3960,312,2,4990000,9980000
3960,77,1,250000,250000
3961,242,1,5990000,5990000
3962,135,1,5391000,5391000
3963,257,1,11390500,11390500
3964,94,1,5990000,5990000
3965,237,1,9490000,9490000
3966,109,1,560500,560500
3967,63,1,5690500,5690500
3968,10,1,6490000,6490000
3969,42,1,9490000,9490000
3969,173,1,18990000,18990000
3970,51,1,450000,450000
3971,3,1,590000,590000
3972,111,1,6741000,6741000
3973,178,1,2990000,2990000
3973,102,1,2490000,2490000
3973,79,1,180500,180500
3974,319,1,2990000,2990000
3975,150,1,12340500,12340500
3976,108,1,30390500,30390500
3977,304,3,7990000,23970000
3977,147,1,11990000,11990000
3978,279,1,4131000,4131000
3979,48,2,6490000,12980000
3980,317,1,31990000,31990000
3980,245,1,8541000,8541000
3980,279,1,4590000,4590000
3981,214,1,27990000,27990000
3982,58,1,7490000,7490000
3983,272,1,9015500,9015500
3984,62,1,26590500,26590500
3985,278,1,6490000,6490000
3985,77,1,250000,250000
3986,317,1,30390500,30390500
3986,297,1,8541000,8541000
3987,122,1,4740500,4740500
3988,177,1,36990000,33291000
3989,307,1,3490000,3490000
3990,123,1,2490000,2490000
3990,198,1,11990000,11990000
3990,136,1,4990000,4990000
3991,76,1,21840500,24024550
3992,32,2,11390500,22781000
3992,231,1,35140500,35140500
3993,3,1,590000,590000
3993,137,1,3990000,3990000
3994,73,1,11990000,11990000
3994,230,1,225000,225000
3995,192,1,7990000,7990000
3996,204,3,8541000,25623000
3997,156,2,26590500,53181000
3997,225,1,27990000,27990000
3998,78,1,450000,450000
3998,49,1,2241000,2241000
3999,38,1,11390500,11390500
3999,65,1,18040500,18040500
4000,288,1,3990000,3990000
4001,138,1,7490000,7490000
4002,83,1,27990000,27990000
4003,180,1,2990000,2990000
4003,311,1,3790500,3790500
4004,14,1,250000,250000
4005,120,1,3490000,3490000
4006,5,1,7590500,7590500
4006,189,1,1890000,1890000
4007,158,1,2840500,2840500
4007,136,1,4990000,4990000
4008,246,1,712500,712500
4008,245,1,8541000,8541000
4008,212,1,7191000,7191000
4009,160,1,2990000,2990000
4010,16,1,27990000,27990000
4011,307,1,3490000,3490000
4012,253,1,1890000,1890000
4013,67,1,18040500,18040500
4014,224,1,7990000,7990000
4015,178,1,2990000,2990000
4016,160,1,2990000,2990000
4016,45,1,8541000,8541000
4017,268,1,450000,450000
4017,266,1,114000,114000
4018,175,1,2490000,2490000
4019,223,1,5990000,5990000
4020,24,1,6165500,6165500
4021,193,1,33291000,33291000
4021,196,1,4990000,4990000
4022,75,1,6165500,6165500
4023,214,1,27990000,27990000
4024,307,1,3490000,3490000
4025,153,1,114000,114000
4025,261,2,9490000,18980000
4026,256,2,531000,1062000
4027,240,1,5990000,5990000
4028,102,1,2490000,2490000
4029,19,1,10791000,10791000
4029,205,1,5841000,5841000
4029,196,1,4990000,4990000
4030,244,1,30390500,30390500
4030,301,1,3990000,3990000
4031,242,1,5391000,5391000
4031,42,1,9490000,9490000
4032,60,1,11990000,11990000
4033,268,1,405000,405000
4034,319,1,2990000,2990000
4034,66,1,675000,675000
4035,64,1,18990000,18990000
4036,242,1,5990000,5990000
4036,15,3,4491000,13473000
4037,201,1,4491000,4491000
4037,30,1,6165500,6165500
4038,298,1,6165500,6165500
4039,15,1,4990000,4990000
4040,74,1,5990000,5990000
4041,130,1,7115500,7115500
4042,167,1,33291000,33291000
4043,56,1,6490000,6490000
4044,47,1,6490000,6490000
4045,274,1,11990000,11990000
4046,284,1,2691000,2691000
4047,109,1,590000,590000
4048,287,1,4740500,4740500
4049,253,1,1795500,1795500
4049,203,1,27990000,27990000
4050,277,1,6165500,6165500
4050,172,1,3490000,3490000
4050,155,1,27990000,27990000
4051,25,2,3490000,6980000
4052,46,2,7990000,15980000
4053,258,1,5990000,5990000
4053,246,1,750000,750000
4053,159,1,12340500,12340500
4054,258,1,5990000,5990000
4055,176,2,30390500,60781000
4056,289,1,11990000,11990000
4057,298,1,6490000,6490000
4058,162,1,18990000,18990000
4058,234,1,7990000,7990000
4059,112,2,27990000,55980000
4060,84,1,8541000,8541000
4061,76,1,21840500,21840500
4062,4,1,320000,320000
4063,229,1,237500,237500
4064,14,1,225000,225000
4064,281,1,3990000,3990000
4065,265,1,31990000,31990000
4066,181,1,4990000,4990000
4067,287,2,4740500,9481000
4068,22,2,4990000,9980000
4068,320,1,304000,304000
4069,137,1,3990000,3990000
4069,221,1,17091000,17091000
4070,116,1,18990000,18990000
4070,185,1,2990000,2990000
4071,102,1,2490000,2490000
4072,293,1,2691000,2691000
4073,113,1,17091000,17091000
4074,139,1,9490000,9490000
4074,292,1,6165500,6165500
4074,301,1,3591000,3591000
4075,71,1,11990000,11990000
4075,223,1,5990000,5990000
4075,201,1,4990000,4990000
4076,14,2,237500,475000
4077,295,1,712500,712500
4078,47,1,5841000,5841000
4078,294,1,5990000,5990000
4078,196,1,4990000,4990000
4079,145,1,2990000,2990000
4080,60,1,10791000,10791000
4080,103,1,22990000,22990000
4080,42,1,8541000,8541000
4081,270,1,5990000,6589000
4082,210,1,6490000,6490000
4082,200,1,25191000,25191000
4083,114,1,31990000,31990000
4083,260,3,18990000,56970000
4084,111,3,7490000,22470000
4085,268,1,427500,427500
4085,123,1,2490000,2490000
4086,164,1,3990000,3990000
4086,30,1,5841000,5841000
4087,83,1,25191000,25191000
4088,112,1,27990000,27990000
4089,284,1,2691000,2691000
4090,314,1,25191000,25191000
4091,117,1,11390500,11390500
4092,86,1,18990000,18990000
4093,168,1,27990000,27990000
4094,269,1,450000,450000
4094,112,1,25191000,25191000
4094,298,1,6490000,6490000
4095,15,1,4740500,4740500
4096,302,1,36990000,36990000
4097,313,1,2241000,2241000
4097,167,1,33291000,33291000
4098,97,2,4360500,8721000
4099,139,2,9490000,18980000
4100,258,2,5690500,11381000
4101,200,1,26590500,26590500
4102,73,1,11390500,11390500
4103,226,1,18990000,18990000
4104,161,1,17091000,17091000
4104,67,1,17091000,17091000
4105,90,1,450000,450000
4106,176,2,31990000,63980000
4107,52,1,190000,190000
4108,160,1,2990000,2990000
4108,107,1,288000,288000
4109,269,1,450000,450000
4110,247,1,11990000,11990000
4111,298,1,6490000,6490000
4111,266,1,120000,120000
4111,90,1,450000,450000
4112,86,1,18040500,18040500
4113,115,1,31990000,31990000
4114,135,1,5990000,5990000
4114,274,1,11990000,11990000
4115,231,1,36990000,36990000
4116,223,1,5690500,5690500
4116,30,1,6490000,6490000
4117,304,1,7990000,7990000
4117,40,1,1701000,1701000
4118,272,1,8541000,8541000
4118,272,1,9490000,9490000
4119,319,1,2990000,2990000
4119,173,2,18040500,36081000
4120,105,1,8541000,8541000
4121,304,1,7990000,7990000
4121,182,1,36990000,36990000
4121,16,1,26590500,26590500
4122,160,1,2840500,2840500
4123,115,1,31990000,31990000
4124,174,1,4740500,4740500
4125,258,2,5391000,10782000
4126,273,1,11990000,11990000
4127,26,1,31990000,31990000
4127,104,1,18990000,18990000
4128,100,1,9990000,9990000
4128,171,1,2241000,2241000
4129,249,1,288000,288000
4129,244,3,31990000,95970000
4129,293,1,2990000,2990000
4130,278,1,6165500,5548950
4130,172,1,3490000,3490000
4131,110,1,4990000,4990000
4131,59,1,4990000,4990000
4132,195,1,2490000,2490000
4133,237,2,9490000,18980000
4133,130,2,7490000,14980000
4134,302,1,36990000,36990000
4134,23,1,36990000,36990000
4135,313,1,2365500,2365500
4135,92,1,237500,237500
4135,216,2,3990000,7980000
4136,127,1,6490000,6490000
4137,208,1,120000,120000
4138,141,1,6490000,6490000
4139,291,1,3490000,3490000
4139,7,1,6490000,6490000
4140,69,1,4990000,4990000
4141,161,1,17091000,17091000
4141,160,1,2990000,2990000
4141,173,1,18990000,18990000
4142,87,2,4990000,9980000
4143,100,1,8991000,8991000
4144,196,1,4491000,4491000
4144,199,1,36990000,36990000
4145,159,1,12990000,12990000
4146,233,1,250000,250000
4146,55,1,9990000,9990000
4146,103,1,20691000,20691000
4147,5,1,7990000,7990000
4148,190,1,2691000,2691000
4149,242,1,5990000,5990000
4149,50,1,9490000,9490000
4149,203,1,25191000,25191000
4150,252,1,237500,237500
4151,279,1,4590000,4590000
4151,71,1,10791000,10791000
4152,261,1,9015500,9015500
4153,174,1,4740500,4740500
4154,241,1,4590000,4590000
4155,275,1,5690500,5690500
4156,193,1,35140500,35140500
4157,137,1,3790500,3790500
4158,66,1,750000,750000
4158,92,1,250000,250000
4159,260,3,18040500,54121500
4160,287,1,4990000,4990000
4160,302,1,36990000,36990000
4161,212,1,7990000,7990000
4162,45,2,8541000,17082000
4162,298,1,6490000,6490000
4163,210,1,6490000,6490000
4163,26,1,31990000,28791000
4163,86,1,18990000,18990000
4164,23,1,36990000,36990000
4165,150,1,12990000,12990000
4166,251,1,27990000,27990000
4167,189,1,1795500,1795500
4168,299,1,3490000,3490000
4169,228,1,2490000,2490000
4169,300,1,1890000,1890000
4170,120,1,3490000,3490000
4170,59,1,4990000,4990000
4170,304,1,7590500,7590500
4171,128,1,450000,450000
4171,137,1,3790500,3790500
4171,215,1,27990000,27990000
4172,203,2,27990000,55980000
4173,285,1,2490000,2490000
4174,284,1,2691000,2691000
4175,312,1,4491000,4491000
4176,108,1,31990000,31990000
4177,124,1,2691000,2691000
4178,99,1,12990000,12990000
4179,192,1,7990000,7990000
4179,22,1,4491000,4491000
4180,294,1,5690500,5690500
4180,3,2,590000,1180000
4181,120,1,3141000,2826900
4181,263,1,4990000,4990000
4181,264,1,9990000,9990000
4182,180,1,2990000,2990000
4183,148,1,5990000,5990000
4183,178,1,2691000,2691000
4184,174,1,4990000,4990000
4185,163,2,17091000,34182000
4186,320,1,320000,320000
4186,209,1,9990000,9990000
4186,282,1,7191000,7191000
4187,4,1,304000,304000
4188,223,1,5990000,5990000
4189,151,1,3315500,3315500
4190,63,1,5990000,5990000
4191,317,1,30390500,30390500
4192,221,2,17091000,34182000
4193,62,1,27990000,27990000
4193,286,1,3315500,3315500
4194,229,1,250000,250000
4195,188,1,9490500,9490500
4196,179,1,288000,288000
4197,315,1,4590000,4590000
4198,284,1,2990000,2990000
4199,310,1,5391000,5391000
4200,306,1,1890000,1890000
4201,75,1,6490000,6490000
4202,60,1,11990000,11990000
4203,159,1,11691000,11691000
4204,179,1,320000,320000
4205,297,1,8541000,8541000
4206,150,1,11691000,11691000
4206,177,1,36990000,36990000
4207,193,1,35140500,35140500
4208,39,1,31990000,31990000
4209,153,1,120000,120000
4210,181,1,4491000,4491000
4211,97,1,4360500,4360500
4212,187,1,4740500,4740500
4213,47,2,5841000,11682000
4213,150,1,12340500,12340500
4214,253,1,1890000,1890000
4214,82,1,2241000,2241000
4215,177,1,33291000,33291000
4215,266,1,120000,120000
4216,136,3,4990000,14970000
4216,278,1,6490000,6490000
4217,122,1,4990000,4990000
4218,4,1,288000,288000
4219,16,1,27990000,27990000
4220,307,1,3141000,2826900
4221,320,1,288000,288000
4221,233,1,250000,250000
4221,221,1,18990000,18990000
4222,130,1,7115500,7115500
4222,247,1,11990000,11990000
4223,242,1,5391000,5391000
4224,205,1,5841000,5841000
4225,28,1,4131000,4131000
4226,224,1,7990000,7990000
4227,223,1,5690500,5690500
4228,311,1,3790500,3790500
4229,253,1,1795500,1795500
4229,15,1,4491000,4491000
4229,162,1,18990000,18990000
4230,243,1,17091000,17091000
4231,141,1,5841000,5841000
4231,314,1,27990000,27990000
4231,100,2,8991000,17982000
4232,299,2,3490000,6980000
4233,222,1,35140500,35140500
4234,200,1,25191000,25191000
4235,154,2,20691000,41382000
4235,319,1,2691000,2691000
4236,69,1,4990000,4990000
4237,61,1,750000,750000
4238,160,1,2990000,2990000
4238,124,1,2691000,2691000
4239,80,1,9015500,9015500
4240,66,1,750000,750000
4241,313,1,2490000,2490000
4241,281,1,3591000,3591000
4242,297,1,8541000,8541000
4243,99,1,12340500,12340500
4244,308,1,22990000,22990000
4245,20,1,4590000,4590000
4246,247,1,10791000,10791000
4246,150,1,11691000,11691000
4246,117,1,11390500,11390500
4247,247,1,11390500,11390500
4247,149,1,31990000,31990000
4248,240,1,5990000,5990000
4249,166,1,3990000,3990000
4250,138,1,7490000,7490000
4250,63,1,5990000,5990000
4251,214,1,27990000,27990000
4251,147,1,11990000,11990000
4251,202,1,11990000,11990000
4252,281,1,3790500,3790500
4252,39,1,31990000,28791000
4253,249,1,288000,288000
4253,205,1,5841000,5841000
4254,137,1,3990000,3990000
4255,189,1,1890000,1890000
4256,29,1,250000,250000
4257,234,1,7990000,7990000
4258,218,1,1890000,1890000
4258,114,1,31990000,31990000
4258,19,1,11990000,11990000
4259,151,2,3490000,6980000
4260,211,1,6490000,6490000
4261,138,1,6741000,6741000
4261,57,2,36990000,73980000
4262,167,1,36990000,36990000
4262,225,1,27990000,27990000
4263,178,1,2691000,2691000
4263,86,1,18990000,18990000
4264,243,1,17091000,17091000
4264,291,1,3490000,3490000
4265,81,1,6490000,6490000
4266,110,1,4491000,4491000
4267,295,1,750000,750000
4268,11,1,36990000,36990000
4269,277,1,6490000,6490000
4270,238,1,36990000,36990000
4270,113,1,17091000,17091000
4270,183,1,2241000,2241000
4271,219,1,7990000,7990000
4271,71,1,11990000,11990000
4272,139,1,8541000,8541000
4272,77,2,250000,500000
4272,167,3,36990000,110970000
4273,50,1,9490000,9490000
4273,306,1,1701000,1701000
4274,10,1,6490000,6490000
4275,211,1,5841000,5841000
4276,125,1,6490000,6490000
4277,126,1,5990000,5990000
4278,287,1,4990000,4990000
4279,57,2,35140500,70281000
4280,287,1,4990000,4990000
4281,132,1,4990000,4990000
4281,212,1,7990000,7990000
4282,53,1,9490000,9490000
4283,257,1,10791000,10791000
4284,6,1,5990000,5990000
4285,62,1,27990000,27990000
4286,165,1,6490000,7139000
4287,69,1,4491000,4491000
4288,28,1,4590000,4590000
4289,3,1,560500,560500
4290,164,1,3990000,3990000
4290,243,1,18990000,18990000
4290,22,1,4491000,4491000
4291,220,1,12990000,14289000
4291,75,2,5841000,11682000
4292,83,1,27990000,27990000
4293,43,2,8541000,17082000
4294,67,1,18990000,18990000
4295,217,1,20691000,20691000
4295,19,1,10791000,10791000
4296,201,2,4990000,9980000
4297,244,1,31990000,31990000
4298,225,2,25191000,50382000
4298,178,2,2840500,5681000
4298,275,1,5990000,5990000
4299,180,1,2840500,2840500
4300,154,1,22990000,22990000
4301,141,1,6490000,6490000
4301,303,1,18990000,18990000
4302,227,1,9990000,9990000
4303,248,1,11390500,11390500
4304,267,1,9490000,9490000
4305,185,1,2990000,2990000
4306,244,2,31990000,63980000
4306,20,1,4590000,4590000
4306,257,1,11390500,11390500
4307,283,1,9490000,9490000
4308,284,1,2990000,2990000
4309,253,1,1890000,1890000
4310,140,1,4990000,4990000
4310,104,1,18990000,18990000
4310,167,1,36990000,36990000
4311,59,1,4990000,4990000
4312,281,1,3990000,3990000
4312,92,1,250000,250000
4313,172,1,3315500,3315500
4313,101,1,17091000,17091000
4313,147,1,11990000,11990000
4314,287,2,4990000,9980000
4315,3,1,531000,531000
4316,167,1,36990000,36990000
4316,114,1,28791000,28791000
4317,114,1,31990000,31990000
4318,95,2,7990000,15980000
4319,61,1,750000,750000
4320,34,1,18040500,18040500
4321,18,1,9015500,9015500
4321,83,1,27990000,27990000
4321,161,2,18990000,37980000
4322,292,1,5841000,5841000
4323,45,1,8541000,8541000
4323,172,1,3490000,3490000
4324,45,1,9015500,9015500
4325,119,2,114000,228000
4326,1,1,1795500,1795500
4327,216,1,3591000,3591000
4327,191,1,4740500,4740500
4328,309,1,36990000,36990000
4328,138,1,7490000,7490000
4329,258,1,5391000,5391000
4330,214,1,26590500,26590500
4330,43,2,9490000,18980000
4331,293,2,2990000,5980000
4331,295,1,712500,712500
4332,155,1,26590500,26590500
4333,149,2,31990000,63980000
4334,256,1,590000,590000
4335,291,1,3490000,3490000
4335,165,1,6490000,6490000
4336,172,1,3141000,3141000
4337,51,1,427500,427500
4337,318,1,7990000,7990000
4338,151,1,3141000,3141000
4339,268,1,450000,450000
4340,47,1,5841000,6425100
4341,300,1,1890000,1890000
4342,227,1,8991000,8991000
4342,313,1,2490000,2490000
4343,228,1,2490000,2490000
4344,197,1,750000,750000
4345,107,1,304000,304000
4346,119,1,120000,120000
4347,269,1,450000,450000
4348,255,2,25191000,50382000
4349,236,1,7990000,7990000
4350,73,1,11990000,11990000
4351,39,1,31990000,31990000
4352,29,1,225000,225000
4353,250,1,180500,180500
4354,221,1,18990000,18990000
4355,84,1,9490000,9490000
4356,318,1,7990000,7990000
4357,198,2,11990000,23980000
4358,76,1,20691000,20691000
4358,156,1,26590500,26590500
4359,103,1,21840500,21840500
4360,198,1,11990000,11990000
4361,271,1,5841000,5841000
4361,189,3,1890000,5670000
4362,106,1,7191000,7191000
4363,299,1,3141000,3141000
4364,38,1,11390500,11390500
4365,68,1,1890000,1890000
4366,249,3,288000,864000
4367,47,1,6165500,6165500
4368,240,1,5690500,5690500
4369,233,1,225000,225000
4370,171,2,2490000,4980000
4370,22,1,4740500,4740500
4371,48,1,6165500,6165500
4371,152,1,22990000,22990000
4372,204,1,9015500,9015500
4372,222,1,36990000,36990000
4373,265,1,31990000,31990000
4374,152,1,22990000,22990000
4374,149,1,31990000,31990000
4375,152,1,20691000,20691000
4375,222,1,36990000,36990000
4376,291,1,3315500,3315500
4377,170,1,18990000,18990000
4378,266,1,108000,108000
4379,293,1,2990000,2990000
4380,130,1,7490000,7490000
4381,240,1,5690500,5690500
4382,38,1,11990000,11990000
4383,259,1,36990000,36990000
4384,38,1,11990000,11990000
4385,211,1,5841000,5841000
4385,201,1,4740500,4740500
4386,187,1,4990000,4990000
4387,225,1,27990000,27990000
4388,54,1,7490000,7490000
4389,175,1,2490000,2490000
4389,273,2,11990000,23980000
4390,34,1,18990000,18990000
4391,125,1,6490000,6490000
4391,280,1,4590000,4590000
4392,124,1,2990000,2990000
4393,203,1,27990000,27990000
4394,275,1,5990000,5990000
4395,82,1,2490000,2490000
4396,277,1,6490000,6490000
4397,46,1,7990000,7990000
4397,276,1,6490000,6490000
4397,63,1,5690500,5690500
4398,107,1,320000,320000
4399,289,1,11390500,11390500
4399,163,1,18990000,18990000
4400,173,1,18990000,18990000
4400,232,1,750000,750000
4401,112,1,27990000,30789000
4401,221,1,18040500,18040500
4402,185,1,2840500,2840500
4403,45,1,9490000,9490000
4403,297,1,9490000,9490000
4403,92,1,225000,225000
4404,192,1,7990000,7990000
4404,5,1,7990000,7990000
4404,126,1,5391000,5391000
4405,206,1,560500,560500
4406,157,2,7590500,15181000
4407,126,1,5990000,5990000
4407,213,1,18990000,18990000
4408,60,1,11990000,11990000
4409,153,1,108000,108000
4410,163,1,18990000,18990000
4410,160,1,2990000,2990000
4411,22,1,4491000,4491000
4412,159,1,12990000,12990000
4413,154,1,21840500,21840500
4413,44,1,2691000,2691000
4414,145,1,2990000,2990000
4415,268,1,450000,450000
4415,190,1,2990000,2990000
4415,26,1,28791000,28791000
4416,32,1,10791000,10791000
4417,196,1,4491000,4491000
4417,22,1,4740500,4740500
4418,27,1,12990000,12990000
4419,170,1,18990000,18990000
4420,250,2,190000,380000
4421,175,1,2241000,2241000
4422,192,3,7191000,21573000
4423,273,1,11390500,11390500
4423,136,1,4990000,4990000
4424,15,1,4990000,4990000
4425,245,1,8541000,8541000
4426,117,1,11390500,11390500
4427,235,2,3141000,6282000
4428,220,1,12340500,12340500
4428,115,2,31990000,63980000
4429,74,1,5990000,5990000
4429,291,1,3490000,3490000
4429,36,1,180500,180500
4430,127,1,6490000,6490000
4431,133,1,26590500,26590500
4432,122,1,4990000,4990000
4433,246,1,712500,712500
4434,161,1,18990000,18990000
4435,187,1,4990000,4990000
4435,120,1,3490000,3490000
4435,161,2,18990000,37980000
4436,26,1,31990000,31990000
4437,47,1,6490000,6490000
4438,188,2,9990000,19980000
4439,191,1,4990000,4990000
4440,302,1,36990000,36990000
4440,170,1,18990000,18990000
4441,82,1,2490000,2490000
4442,114,1,28791000,28791000
4443,101,1,17091000,17091000
4444,218,1,1890000,1890000
4444,125,1,5841000,5841000
4444,166,1,3990000,3990000
4445,76,1,20691000,20691000
4446,158,2,2990000,5980000
4446,156,1,27990000,27990000
4446,82,3,2241000,6723000
4447,168,1,26590500,26590500
4447,86,1,18990000,18990000
4447,273,1,11990000,11990000
4448,31,1,5841000,5841000
4448,262,1,712500,712500
4448,277,1,6490000,6490000
4449,275,2,5391000,10782000
4449,10,1,6165500,6165500
4449,263,1,4990000,4990000
4450,77,1,250000,250000
4450,148,1,5990000,5990000
4451,180,1,2840500,2840500
4451,175,1,2490000,2490000
4451,172,1,3315500,3315500
4452,108,1,31990000,31990000
4453,202,1,11990000,11990000
4453,221,1,17091000,17091000
4454,194,1,6490000,6490000
4455,123,2,2490000,4980000
4456,172,1,3141000,3141000
4456,293,1,2840500,2840500
4457,249,1,320000,320000
4458,101,1,18990000,18990000
4459,252,3,250000,750000
4459,235,1,3141000,3141000
4459,249,1,320000,320000
4460,272,1,9015500,9015500
4461,172,1,3490000,3490000
4462,266,1,114000,114000
4463,183,1,2365500,2365500
4464,18,2,9490000,18980000
4465,149,1,31990000,31990000
4465,36,1,190000,190000
4466,304,1,7990000,7990000
4466,114,2,31990000,63980000
4467,65,1,18990000,18990000
4467,64,2,18990000,37980000
4468,15,1,4990000,4990000
4469,160,1,2840500,2840500
4470,32,1,11390500,11390500
4470,175,1,2490000,2490000
4470,145,1,2691000,2691000
4471,200,2,27990000,55980000
4471,139,1,8541000,8541000
4472,198,1,11990000,11990000
4473,112,1,27990000,27990000
4474,230,2,250000,500000
4474,14,1,225000,225000
4475,91,1,4990000,4990000
4476,145,1,2990000,2990000
4477,108,3,31990000,95970000
4478,98,1,33291000,33291000
4479,172,1,3490000,3490000
4479,164,1,3591000,3591000
4480,90,1,450000,450000
4480,297,1,8541000,8541000
4481,191,1,4740500,4740500
4481,83,1,25191000,25191000
4482,29,1,250000,250000
4482,265,2,31990000,63980000
4483,241,2,4131000,8262000
4483,317,1,31990000,31990000
4484,289,1,11990000,11990000
4484,288,1,3990000,3990000
4485,131,1,27990000,27990000
4485,243,1,17091000,17091000
4486,199,1,36990000,36990000
4486,240,1,5990000,5990000
4487,57,1,36990000,36990000
4487,83,1,27990000,27990000
4487,142,1,9490000,9490000
4488,240,1,5990000,5990000
4488,142,1,9490000,9490000
4489,92,1,237500,237500
4489,119,1,120000,120000
4490,305,1,1795500,1795500
4491,174,2,4990000,9980000
4491,126,1,5690500,5690500
4492,50,1,9490000,9490000
4492,49,1,2490000,2490000
4492,74,3,5391000,16173000
4493,107,1,320000,320000
4493,130,1,7490000,7490000
4493,183,2,2365500,4731000
4494,84,3,9490000,28470000
4495,306,1,1795500,1795500
4496,58,1,7490000,7490000
4497,224,1,7990000,7990000
4498,275,1,5391000,5391000
4498,59,1,4990000,4990000
4499,97,1,4590000,4590000
4500,179,1,320000,320000
4501,288,1,3990000,3990000
4502,164,1,3790500,3790500
4503,99,1,12340500,12340500
4504,21,1,7990000,7990000
4505,78,1,427500,427500
4506,307,1,3490000,3490000
4507,7,1,6490000,6490000
4507,312,1,4740500,4740500
4508,30,1,6490000,6490000
4509,248,1,10791000,10791000
4510,286,2,3315500,6631000
4511,154,1,22990000,22990000
4511,86,1,18990000,18990000
4512,64,1,18990000,18990000
4512,270,1,5990000,5990000
4512,238,1,36990000,36990000
4513,42,2,8541000,17082000
4514,88,1,7590500,7590500
4514,280,1,4590000,4590000
4515,313,1,2365500,2365500
4516,291,1,3490000,3490000
4517,38,1,11990000,11990000
4518,107,1,320000,320000
4518,180,1,2990000,2990000
4519,130,1,7115500,7115500
4520,118,1,18990000,20889000
4521,286,1,3490000,3490000
4521,123,1,2365500,2365500
4522,92,1,250000,250000
4522,105,1,9015500,9015500
4523,257,1,11390500,11390500
4524,134,1,6490000,6490000
4525,206,1,590000,590000
4526,104,1,17091000,17091000
4527,79,1,180500,180500
4528,285,1,2490000,2490000
4529,60,2,11990000,23980000
4530,6,1,5391000,5391000
4531,269,1,450000,450000
4532,184,1,6490000,6490000
4533,88,1,7990000,7990000
4534,308,1,22990000,22990000
4534,81,1,6490000,6490000
4535,37,1,108000,108000
4535,272,1,9015500,9015500
4536,232,2,712500,1425000
4537,158,2,2990000,5980000
4538,243,1,18990000,18990000
4538,298,1,6490000,6490000
4539,285,1,2365500,2365500
4540,150,1,12990000,12990000
4540,226,1,18990000,18990000
4541,281,1,3790500,3790500
4542,146,1,5990000,5990000
4543,297,1,9490000,9490000
4544,291,3,3490000,10470000
4545,80,1,9490000,9490000
4545,118,1,18990000,18990000
4546,318,1,7990000,7990000
4546,154,1,21840500,21840500
4547,151,1,3490000,3490000
4548,115,1,31990000,31990000
4549,130,1,7115500,7115500
4549,241,1,4360500,4360500
4550,262,1,750000,750000
4551,240,1,5990000,5990000
4552,126,2,5990000,11980000
4553,286,1,3490000,3490000
4554,92,1,250000,250000
4554,16,1,27990000,27990000
4555,223,1,5990000,5990000
4556,17,1,304000,304000
4557,118,2,18990000,37980000
4558,199,1,33291000,33291000
4559,73,1,11990000,11990000
4560,48,1,6490000,6490000
4561,109,1,531000,531000
4562,232,1,750000,750000
4563,92,1,237500,237500
4563,295,1,750000,750000
4564,82,1,2241000,2241000
4565,146,1,5391000,5391000
4565,76,1,21840500,21840500
4566,252,1,225000,225000
4567,216,1,3990000,3990000
4568,63,1,5990000,5990000
4569,2,1,36990000,36990000
4570,176,1,31990000,31990000
4571,220,1,12990000,12990000
4571,148,1,5990000,5990000
4572,4,1,320000,320000
4572,161,1,17091000,17091000
4573,246,1,712500,712500
4574,184,2,6490000,12980000
4574,206,2,560500,1121000
4575,11,1,35140500,35140500
4576,118,1,18990000,18990000
4577,119,1,120000,120000
4578,91,3,4990000,14970000
4579,19,1,11990000,11990000
4580,142,1,9490000,9490000
4581,99,1,12990000,12990000
4581,202,1,10791000,10791000
4582,278,3,5841000,17523000
4582,35,1,7590500,7590500
4583,158,1,2691000,2691000
4584,255,2,25191000,50382000
4585,20,1,4590000,4590000
4586,128,1,450000,450000
4587,225,1,27990000,27990000
4588,226,1,18990000,18990000
4589,55,1,9490500,9490500
4590,37,1,108000,108000
4591,94,2,5690500,11381000
4592,107,1,288000,288000
4593,67,1,18990000,18990000
4593,192,1,7990000,7990000
4593,99,1,12990000,12990000
4594,8,2,1890000,3780000
4595,239,1,6165500,6165500
4596,125,1,6490000,6490000
4597,18,1,9015500,9015500
4598,45,2,9490000,18980000
4599,259,1,33291000,33291000
4600,25,1,3141000,3141000
4600,125,1,6490000,6490000
4601,291,1,3490000,3490000
4602,27,1,11691000,11691000
4603,303,1,18990000,18990000
4604,117,1,10791000,10791000
4605,51,1,427500,427500
4606,3,1,560500,560500
4607,132,1,4740500,4740500
4608,279,1,4590000,4590000
4608,124,1,2840500,2840500
4609,78,1,450000,450000
4610,196,1,4740500,4740500
4611,313,1,2241000,2241000
4612,151,2,3490000,6980000
4613,66,1,750000,750000
4614,50,1,9015500,9015500
4615,48,1,6490000,6490000
4616,306,1,1890000,1890000
4616,237,1,9490000,9490000
4617,254,1,7990000,7990000
4618,245,1,9490000,9490000
4619,11,1,36990000,36990000
4620,211,1,5841000,5841000
4621,268,2,405000,810000
4622,245,1,9490000,9490000
4623,29,1,237500,237500
4623,121,1,190000,190000
4624,110,1,4740500,4740500
4625,219,1,7191000,7191000
4626,182,2,36990000,73980000
4626,318,2,7990000,15980000
4627,64,1,18990000,18990000
4628,203,1,27990000,27990000
4629,78,1,450000,450000
4630,75,1,6490000,6490000
4631,78,1,450000,450000
4632,196,1,4740500,4740500
4633,31,1,5841000,5841000
4633,135,2,5391000,10782000
4634,109,1,590000,590000
4635,67,1,18990000,18990000
4636,157,1,7990000,7990000
4637,41,1,190000,190000
4638,181,1,4990000,4990000
4639,26,1,31990000,31990000
4640,299,1,3490000,3490000
4641,107,1,320000,320000
4642,217,1,22990000,22990000
4643,181,1,4990000,4990000
4644,184,1,6165500,6165500
4645,298,1,6165500,6165500
4646,18,1,9490000,9490000
4647,234,1,7990000,7990000
4648,21,1,7191000,7191000
4649,52,1,190000,190000
4649,309,1,33291000,33291000
4650,83,1,27990000,27990000
4650,228,1,2241000,2241000
4651,31,1,6490000,6490000
4652,124,1,2691000,2691000
4652,162,1,18990000,18990000
4652,12,1,26590500,26590500
4653,32,1,11390500,11390500
4654,248,1,11390500,11390500
4655,22,1,4990000,4990000
4656,238,1,36990000,36990000
4657,177,1,33291000,33291000
4657,222,1,36990000,36990000
4658,111,1,7490000,7490000
4659,16,1,27990000,27990000
4660,20,1,4590000,4590000
4661,157,1,7990000,7990000
4662,169,1,3315500,3315500
4662,113,1,18990000,18990000
4663,146,1,5990000,5990000
4664,59,2,4990000,9980000
4665,59,1,4990000,4990000
4666,220,2,12990000,25980000
4667,180,1,2840500,2840500
4668,141,1,5841000,5841000
4668,137,1,3990000,3990000
4669,156,1,27990000,27990000
4670,174,1,4491000,4491000
4671,250,1,190000,190000
4672,141,1,6490000,6490000
4673,224,1,7191000,7191000
4674,203,1,27990000,27990000
4675,182,1,36990000,36990000
4676,120,2,3490000,6980000
4676,115,2,30390500,60781000
4677,20,1,4360500,4360500
4677,82,1,2490000,2490000
4678,163,1,18990000,18990000
4678,213,1,18990000,18990000
4679,166,1,3790500,3790500
4680,155,2,27990000,55980000
4681,195,1,2490000,2490000
4681,167,1,36990000,36990000
4682,309,1,33291000,33291000
4683,23,1,36990000,36990000
4684,153,1,114000,114000
4684,183,1,2241000,2241000
4685,197,1,675000,675000
4686,12,1,27990000,30789000
4687,299,1,3490000,3490000
4687,128,1,450000,450000
4688,54,1,7490000,7490000
4689,233,2,237500,475000
4690,40,1,1890000,1890000
4690,203,1,25191000,25191000
4690,237,1,8541000,8541000
4691,244,1,31990000,31990000
4692,305,1,1701000,1701000
4692,217,1,22990000,22990000
4693,112,1,26590500,26590500
4694,160,1,2691000,2691000
4695,1,1,1890000,1890000
4696,188,1,9490500,9490500
4697,208,1,120000,120000
4698,110,1,4740500,4740500
4698,131,1,27990000,27990000
4698,100,1,9990000,9990000
4699,170,1,18990000,18990000
4700,55,1,9990000,9990000
4701,250,2,190000,380000
4702,195,1,2241000,2241000
4703,107,2,288000,576000
4704,100,1,9490500,9490500
4705,234,1,7990000,7990000
4706,122,1,4491000,4491000
4707,290,1,18990000,18990000
4708,132,1,4990000,4990000
4709,252,1,250000,250000
4710,155,1,27990000,27990000
4711,245,1,8541000,8541000
4711,153,1,120000,120000
4712,133,1,27990000,27990000
4713,195,1,2241000,2241000
4714,209,1,9990000,9990000
4715,141,1,5841000,5841000
4715,143,2,2490000,4980000
4715,79,1,180500,180500
4716,311,1,3591000,3591000
4717,42,1,9015500,9015500
4717,107,1,320000,320000
4717,225,1,27990000,27990000
4718,14,1,250000,250000
4718,268,2,427500,855000
4719,15,1,4990000,4990000
4720,147,1,11390500,11390500
4721,265,2,31990000,63980000
4721,250,2,171000,342000
4721,189,1,1795500,1795500
4722,44,1,2840500,2840500
4723,260,2,18990000,37980000
4724,81,1,6490000,6490000
4725,106,1,7990000,7990000
4726,97,2,4590000,9180000
4727,312,1,4740500,4740500
4727,96,1,2990000,2990000
4728,244,1,28791000,28791000
4728,30,1,6490000,6490000
4728,98,1,36990000,36990000
4729,33,1,250000,250000
4729,90,1,427500,427500
4729,241,1,4590000,4590000
4730,49,1,2365500,2365500
4731,300,1,1890000,1890000
4732,172,1,3490000,3490000
4732,311,1,3990000,3990000
4733,276,3,6165500,18496500
4734,94,1,5690500,5690500
4735,179,2,320000,640000
4735,258,1,5990000,5990000
4736,93,1,7191000,7191000
4737,142,1,8541000,8541000
4738,222,1,33291000,33291000
4738,106,1,7990000,7990000
4738,67,1,18990000,18990000
4739,21,1,7990000,7990000
4740,313,2,2490000,4980000
4740,151,1,3490000,3490000
4741,98,1,36990000,36990000
4741,141,1,5841000,5841000
4741,14,1,237500,237500
4742,108,1,30390500,30390500
4742,258,3,5391000,16173000
4743,185,1,2691000,2691000
4743,192,1,7990000,7990000
4743,194,3,6165500,18496500
4744,169,1,3490000,3490000
4745,107,1,320000,320000
4746,71,1,11990000,11990000
4747,154,1,20691000,20691000
4748,93,1,7590500,7590500
4749,207,1,3990000,3990000
4750,299,1,3490000,3490000
4750,278,2,6490000,12980000
4751,154,1,21840500,21840500
4752,208,1,114000,114000
4753,73,1,10791000,10791000
4753,278,1,5841000,5841000
4754,305,2,1890000,3780000
4754,270,1,5990000,5990000
4755,187,1,4740500,4740500
4756,297,1,9490000,9490000
4757,147,1,11990000,11990000
4758,166,1,3790500,3790500
4759,75,1,6490000,6490000
4759,30,1,5841000,5841000
4760,227,1,9490500,9490500
4761,21,1,7990000,7990000
4762,225,1,25191000,25191000
4763,131,1,27990000,27990000
4763,96,1,2691000,2691000
4763,86,3,18990000,56970000
4764,296,1,22990000,22990000
4765,232,1,750000,750000
4766,139,1,9490000,9490000
4767,212,1,7990000,7990000
4768,188,1,9990000,9990000
4769,96,1,2990000,2990000
4769,132,1,4990000,4990000
4769,18,1,9490000,9490000
4770,299,1,3141000,3141000
4771,177,1,33291000,33291000
4771,263,1,4990000,4990000
4771,182,2,35140500,70281000
4772,103,1,20691000,20691000
4772,306,1,1795500,1795500
4773,233,2,250000,500000
4774,114,1,28791000,28791000
4774,240,1,5990000,5990000
4775,318,1,7191000,7191000
4775,78,1,450000,450000
4776,122,1,4491000,4491000
4777,221,1,18990000,18990000
4778,145,1,2691000,2691000
4779,276,1,6490000,6490000
4779,215,1,27990000,27990000
4779,309,2,35140500,70281000
4780,127,1,6490000,6490000
4780,200,3,26590500,79771500
4781,258,1,5690500,5690500
4782,93,1,7990000,7990000
4782,311,1,3790500,3790500
4783,94,1,5990000,5990000
4784,161,1,17091000,17091000
4785,154,1,22990000,22990000
4785,313,1,2241000,2241000
4786,63,1,5990000,5990000
4787,154,1,20691000,20691000
4788,291,3,3315500,9946500
4789,124,1,2990000,2990000
4790,1,1,1890000,1890000
4791,129,1,2840500,2840500
4792,66,1,712500,712500
4793,316,1,2990000,2990000
4794,243,1,18990000,18990000
4795,198,1,11390500,11390500
4796,183,1,2241000,2241000
4796,142,1,9490000,9490000
4796,176,1,30390500,30390500
4797,165,1,6490000,6490000
4798,302,1,33291000,33291000
4798,99,1,11691000,11691000
4798,287,1,4990000,4990000
4799,261,1,8541000,8541000
4800,105,1,9490000,9490000
4801,230,1,225000,225000
4802,22,1,4990000,4990000
4803,26,1,31990000,31990000
4804,196,1,4990000,4990000
4805,38,1,11990000,11990000
4806,64,1,17091000,17091000
4806,230,1,237500,237500
4807,250,3,190000,570000
4808,17,1,320000,320000
4808,174,1,4990000,4990000
4808,37,1,114000,114000
4809,72,2,7191000,14382000
4810,265,1,31990000,31990000
4810,307,1,3141000,3141000
4810,86,1,18040500,18040500
4811,31,1,5841000,5841000
4811,254,1,7590500,7590500
4812,208,1,120000,120000
4813,219,1,7990000,7990000
4813,90,1,450000,450000
4814,124,1,2691000,2691000
4815,200,1,26590500,26590500
4816,297,1,9490000,9490000
4816,268,1,450000,450000
4817,130,1,7115500,7115500
4818,89,1,3490000,3490000
4819,112,1,26590500,26590500
4820,82,1,2241000,2241000
4820,3,1,590000,590000
4821,131,1,27990000,27990000
4822,58,1,7115500,7115500
4823,136,1,4740500,4740500
4824,160,1,2840500,2840500
4824,35,1,7990000,7990000
4824,22,1,4990000,4990000
4825,155,1,27990000,27990000
4825,31,2,6165500,12331000
4825,152,2,22990000,45980000
4826,21,1,7590500,7590500
4827,78,2,450000,900000
4828,104,1,18990000,18990000
4829,263,1,4990000,4990000
4829,305,1,1890000,1890000
4830,302,1,36990000,36990000
4831,4,1,320000,320000
4832,267,1,8541000,8541000
4833,280,1,4590000,4590000
4834,116,1,18990000,18990000
4834,88,1,7990000,7990000
4835,161,1,17091000,17091000
4835,255,1,26590500,26590500
4836,133,1,26590500,26590500
4836,277,1,5841000,5841000
4836,240,1,5990000,5990000
4837,14,1,250000,250000
4838,287,2,4491000,8982000
4838,15,1,4990000,4990000
4839,25,2,3490000,6980000
4839,19,1,11390500,11390500
4840,171,1,2241000,2241000
4841,316,1,2990000,2990000
4841,221,1,18990000,18990000
4842,301,1,3990000,3990000
4843,191,1,4491000,4491000
4844,313,1,2490000,2490000
4844,225,1,26590500,26590500
4845,100,1,9990000,9990000
4845,82,1,2241000,2241000
4846,291,1,3490000,3490000
4847,97,1,4360500,4360500
4848,120,1,3315500,3315500
4849,171,1,2490000,2490000
4849,6,1,5990000,5990000
4850,142,1,9015500,9015500
4851,76,1,21840500,21840500
4852,258,1,5391000,5391000
4853,97,1,4590000,4590000
4854,244,1,31990000,31990000
4854,301,1,3990000,3990000
4854,123,1,2490000,2490000
4855,240,1,5990000,5990000
4856,16,1,25191000,25191000
4857,85,1,25191000,25191000
4858,177,1,33291000,33291000
4859,46,1,7590500,7590500
4860,297,1,9490000,9490000
4861,226,1,18990000,18990000
4862,170,1,18990000,18990000
4862,310,1,5990000,5990000
4863,2,1,33291000,33291000
4863,189,1,1701000,1701000
4864,212,1,7590500,7590500
4865,223,1,5990000,5990000
4865,178,2,2691000,5382000
4866,62,1,27990000,27990000
4866,288,2,3990000,7980000
4867,247,1,11990000,11990000
4868,116,1,17091000,17091000
4868,86,1,18990000,18990000
4869,272,1,9490000,9490000
4870,221,1,18990000,18990000
4871,276,1,5841000,5841000
4871,257,1,11990000,11990000
4872,274,1,11990000,11990000
4873,61,1,750000,750000
4874,119,3,120000,360000
4875,168,1,27990000,27990000
4876,58,2,7115500,14231000
4876,130,2,7490000,14980000
4877,100,1,9990000,9990000
4878,116,1,18990000,18990000
4879,109,2,560500,1121000
4880,32,1,10791000,10791000
4881,234,2,7990000,15980000
4882,154,1,22990000,22990000
4882,254,1,7590500,7590500
4882,131,3,27990000,83970000
4883,82,1,2490000,2490000
4884,217,1,22990000,22990000
4885,115,1,31990000,31990000
4886,56,1,6490000,6490000
4887,175,1,2365500,2365500
4888,313,1,2490000,2490000
4889,299,1,3141000,3141000
4890,83,1,27990000,27990000
4891,259,1,33291000,36620100
4891,238,3,36990000,110970000
4892,54,1,7490000,7490000
4893,21,1,7990000,7990000
4894,203,2,25191000,50382000
4894,81,1,6490000,6490000
4894,245,1,8541000,8541000
4895,202,1,11990000,11990000
4896,69,1,4990000,4990000
4897,269,2,427500,855000
4898,64,1,18040500,18040500
4898,138,1,7490000,7490000
4899,173,1,18040500,18040500
4900,236,1,7990000,7990000
4901,223,1,5990000,5990000
4902,224,1,7990000,7990000
4902,276,1,6490000,6490000
4903,240,2,5990000,11980000
4903,191,1,4990000,4491000
4904,291,3,3490000,10470000
4905,213,1,18990000,18990000
4906,247,1,11990000,11990000
4907,60,1,11990000,11990000
4908,30,1,6490000,6490000
4909,270,1,5990000,5990000
4910,67,3,18990000,56970000
4911,154,1,20691000,20691000
4912,6,1,5990000,5990000
4913,187,1,4990000,4491000
4914,207,1,3990000,3990000
4915,175,1,2241000,2241000
4916,19,1,11990000,11990000
4917,165,1,6490000,6490000
4917,150,1,11691000,11691000
4917,76,1,22990000,22990000
4918,76,1,22990000,22990000
4918,266,1,120000,120000
4919,315,1,4590000,4590000
4920,135,1,5990000,5990000
4921,278,1,6490000,6490000
4922,173,1,18990000,18990000
4922,104,1,18990000,18990000
4923,110,3,4990000,14970000
4923,83,1,25191000,25191000
4924,313,1,2241000,2241000
4925,78,1,450000,450000
4926,302,1,36990000,36990000
4927,181,1,4990000,4990000
4928,285,1,2490000,2490000
4929,91,1,4990000,4990000
4929,82,1,2365500,2365500
4930,8,1,1701000,1701000
4931,86,2,17091000,34182000
4931,196,1,4990000,4990000
4931,20,1,4590000,4590000
4932,264,1,9990000,9990000
4933,303,1,17091000,17091000
4934,215,1,27990000,27990000
4935,228,1,2490000,2490000
4935,119,1,120000,120000
4936,69,1,4990000,4491000
4936,32,2,11990000,23980000
4936,90,1,427500,427500
4937,197,1,675000,675000
4938,61,1,750000,750000
4939,42,1,9015500,9015500
4939,317,1,28791000,31670100
4940,315,1,4590000,4590000
4941,276,1,5841000,5841000
4942,44,1,2990000,2990000
4943,72,1,7590500,7590500
4944,197,1,750000,750000
4945,67,3,18990000,56970000
4946,191,2,4990000,9980000
4947,306,1,1701000,1701000
4948,12,1,27990000,27990000
4949,48,1,6165500,6165500
4949,243,1,18990000,18990000
4950,222,1,36990000,36990000
4951,155,1,25191000,25191000
4951,59,1,4740500,4740500
4952,317,1,30390500,30390500
4953,319,1,2691000,2691000
4954,161,1,17091000,17091000
4955,2,1,35140500,35140500
4956,274,2,11990000,23980000
4957,146,1,5690500,5690500
4958,28,1,4590000,4590000
4958,9,1,288000,288000
4959,148,1,5690500,5690500
4960,177,1,33291000,33291000
4961,137,1,3990000,3990000
4962,257,1,10791000,10791000
4963,160,1,2990000,2990000
4964,164,1,3990000,3990000
4965,256,1,590000,590000
4966,300,1,1890000,1890000
4967,112,1,27990000,27990000
4967,164,3,3591000,10773000
4967,48,1,5841000,5841000
4968,183,1,2490000,2490000
4969,154,1,22990000,22990000
4970,139,1,9490000,9490000
4970,245,1,9490000,9490000
4970,77,1,250000,250000
4971,244,1,28791000,28791000
4972,315,1,4131000,4131000
4972,298,1,6490000,6490000
4973,290,2,18040500,36081000
4974,36,1,180500,180500
4975,59,1,4990000,4990000
4976,81,1,6490000,6490000
4977,17,1,288000,288000
4978,13,1,27990000,27990000
4979,46,1,7191000,7191000
4980,228,1,2365500,2365500
4981,175,2,2490000,4980000
4981,24,1,6490000,6490000
4982,196,1,4990000,4990000
4983,46,1,7191000,7191000
4984,99,1,12340500,12340500
4984,132,1,4990000,4990000
4985,229,1,225000,225000
4986,297,1,9015500,9015500
4987,86,1,18040500,18040500
4987,32,1,10791000,10791000
4988,40,1,1890000,1890000
4989,246,1,750000,750000
4989,27,2,12990000,25980000
4990,222,1,36990000,36990000
4991,123,1,2365500,2365500
4991,40,1,1890000,1890000
4992,134,1,6490000,6490000
4993,244,1,31990000,31990000
4994,301,1,3591000,3591000
4994,212,1,7990000,7990000
4995,11,1,35140500,35140500
4996,90,1,450000,450000
4996,312,1,4491000,4491000
4997,138,1,7490000,7490000
4997,290,1,18990000,18990000
4998,108,1,28791000,28791000
4998,265,1,31990000,31990000
4999,244,1,31990000,31990000
5000,133,3,25191000,75573000
5001,126,1,5690500,5690500
5001,274,1,11990000,11990000
5002,226,2,18990000,37980000
5002,280,1,4590000,4590000
5003,252,1,225000,225000
5004,195,1,2490000,2490000
5005,225,2,25191000,50382000
5006,172,1,3315500,3315500
5007,176,1,31990000,31990000
5008,5,1,7590500,7590500
5009,249,3,320000,960000
5009,92,1,250000,250000
5009,48,1,6490000,6490000
5010,21,2,7191000,14382000
5011,304,1,7990000,7990000
5012,91,1,4491000,4491000
5013,86,1,18990000,18990000
5014,250,1,190000,190000
5015,275,2,5990000,11980000
5015,143,1,2365500,2365500
5016,299,1,3490000,3490000
5017,245,1,9490000,9490000
5018,268,1,450000,450000
5018,124,1,2990000,2990000
5019,217,1,22990000,22990000
5020,259,1,36990000,36990000
5021,319,3,2990000,8970000
5021,228,1,2490000,2490000
5022,17,1,288000,288000
5022,253,1,1795500,1795500
5023,19,1,10791000,10791000
5024,55,1,9490500,9490500
5024,160,1,2990000,2990000
5025,69,1,4990000,4990000
5026,185,1,2990000,2990000
5026,227,1,9990000,9990000
5026,26,1,31990000,31990000
5027,134,1,6490000,6490000
5028,244,1,31990000,31990000
5029,63,1,5990000,5990000
5030,144,1,4990000,4990000
5030,198,1,10791000,10791000
5030,265,1,31990000,31990000
5031,102,1,2490000,2490000
5032,207,1,3990000,3990000
5033,129,2,2990000,5980000
5034,240,1,5391000,5391000
5035,288,1,3591000,3591000
5035,119,1,108000,108000
5035,249,1,320000,320000
5036,192,1,7990000,7990000
5037,100,1,9990000,9990000
5038,120,1,3490000,3490000
5039,242,1,5391000,5391000
5039,97,1,4360500,4360500
5040,266,1,120000,120000
5041,260,1,17091000,17091000
5041,144,1,4740500,4740500
5042,264,1,9490500,9490500
5043,299,1,3490000,3490000
5044,254,1,7590500,7590500
5045,119,1,114000,114000
5046,9,1,320000,320000
5046,80,2,8541000,17082000
5047,247,1,11390500,11390500
5047,143,1,2490000,2490000
5047,38,1,11990000,11990000
5048,166,1,3990000,3990000
5048,55,1,9490500,9490500
5049,311,1,3990000,3990000
5050,262,1,750000,750000
5051,179,1,320000,320000
5052,202,1,11990000,11990000
5052,247,1,11390500,11390500
5053,200,1,26590500,26590500
5054,14,1,250000,250000
5054,158,3,2990000,8970000
5054,155,1,27990000,27990000
5055,198,1,11390500,11390500
5056,39,1,28791000,28791000
5057,190,1,2840500,2840500
5058,272,1,9490000,9490000
5059,242,3,5690500,17071500
5059,232,1,712500,712500
5059,92,1,225000,225000
5060,171,1,2490000,2490000
5061,35,1,7990000,7990000
5062,319,1,2990000,2990000
5062,48,1,6490000,6490000
5063,167,2,33291000,66582000
5064,285,1,2241000,2241000
5065,264,1,9990000,9990000
5066,307,3,3490000,10470000
5067,306,1,1795500,1795500
5067,188,1,9490500,9490500
5067,88,1,7191000,7191000
5068,122,1,4990000,4990000
5069,159,1,12990000,12990000
5069,138,1,6741000,6741000
5070,132,1,4990000,4990000
5070,86,2,17091000,34182000
5071,267,1,9490000,9490000
5072,77,1,237500,237500
5073,278,1,6490000,6490000
5074,147,2,11990000,23980000
5075,30,1,6490000,6490000
5076,29,1,250000,250000
5077,177,1,36990000,36990000
5078,189,1,1701000,1701000
5079,228,1,2490000,2490000
5080,15,1,4990000,4990000
5081,37,1,108000,108000
5082,83,1,27990000,27990000
5083,311,1,3990000,3990000
5084,208,1,108000,108000
5085,294,1,5990000,5990000
5086,115,1,31990000,31990000
5086,48,2,6490000,12980000
5087,301,1,3790500,3790500
5088,171,1,2490000,2490000
5089,297,1,9490000,9490000
5090,158,1,2990000,2990000
5091,295,1,712500,712500
5091,147,1,11990000,11990000
5092,15,2,4740500,9481000
5093,9,1,320000,320000
5094,112,1,27990000,27990000
5095,59,1,4990000,4990000
5096,97,1,4131000,4131000
5096,111,1,7490000,7490000
5097,259,3,33291000,99873000
5097,270,1,5391000,5391000
5098,220,1,12990000,12990000
5099,191,1,4990000,4990000
5100,47,1,6165500,6165500
5100,229,1,250000,250000
5100,216,3,3990000,11970000
5101,248,1,11390500,11390500
5101,85,1,27990000,27990000
5102,224,1,7990000,7990000
5102,162,1,18990000,18990000
5103,35,2,7990000,15980000
5103,242,1,5990000,5990000
5104,255,1,27990000,27990000
5105,218,1,1795500,1795500
5105,85,1,25191000,25191000
5106,302,2,36990000,73980000
5106,187,1,4491000,4491000
5107,315,1,4360500,4360500
5108,204,1,9490000,9490000
5109,149,1,31990000,31990000
5109,225,1,27990000,27990000
5110,155,1,27990000,27990000
5110,57,1,36990000,36990000
5111,215,1,25191000,25191000
5112,298,1,6490000,6490000
5113,2,1,36990000,36990000
5113,286,2,3490000,6980000
5114,1,1,1890000,1890000
5115,113,1,18990000,18990000
5116,176,1,30390500,30390500
5116,244,2,31990000,63980000
5117,288,2,3990000,7980000
5117,238,1,36990000,36990000
5118,308,1,20691000,20691000
5118,157,1,7191000,7191000
5119,303,1,17091000,17091000
5120,264,1,9990000,9990000
5121,108,1,30390500,30390500
5121,175,1,2365500,2365500
5122,51,1,450000,450000
5122,176,1,31990000,31990000
5123,255,2,26590500,53181000
5124,312,1,4491000,4491000
5125,109,1,590000,590000
5125,159,1,12990000,12990000
5125,45,1,9490000,9490000
5126,19,1,11390500,11390500
5126,256,1,590000,590000
5127,101,1,17091000,17091000
5128,147,1,11990000,11990000
5128,53,2,9490000,18980000
5129,37,1,120000,120000
5129,120,1,3141000,3141000
5130,124,2,2840500,5681000
5131,74,1,5690500,5690500
5131,310,1,5990000,5990000
5132,179,1,320000,320000
5132,21,1,7990000,7990000
5133,10,1,5841000,5841000
5133,283,1,9490000,9490000
5134,280,1,4590000,4590000
5135,280,1,4590000,4590000
5136,309,2,36990000,73980000
5137,168,1,27990000,27990000
5137,16,1,27990000,27990000
5138,59,2,4990000,9980000
5138,284,1,2990000,2990000
5138,25,1,3315500,3315500
5139,57,1,35140500,35140500
5140,165,1,5841000,5841000
5140,304,2,7191000,14382000
5141,89,2,3490000,6980000
5142,223,1,5990000,5990000
5142,1,1,1795500,1795500
5143,88,1,7590500,7590500
5144,203,1,27990000,27990000
5144,234,2,7990000,15980000
5144,82,1,2490000,2490000
5145,205,1,6490000,6490000
5146,261,1,9490000,9490000
5147,51,1,450000,450000
5148,166,1,3990000,3990000
5149,42,1,9490000,9490000
5150,110,1,4740500,4740500
5151,36,1,180500,180500
5152,206,1,590000,590000
5153,42,1,9015500,9015500
5153,60,2,11390500,22781000
5154,130,1,7490000,7490000
5155,58,1,7115500,7115500
5156,299,1,3490000,3490000
5157,177,1,36990000,36990000
5158,60,1,10791000,10791000
5158,179,1,320000,320000
5158,125,1,5841000,5841000
5159,262,1,750000,750000
5159,20,1,4590000,4590000
5160,48,1,6490000,6490000
5161,124,1,2990000,2990000
5162,261,1,9015500,9015500
5163,162,1,18990000,18990000
5164,137,2,3591000,7182000
5165,73,1,11990000,11990000
5166,183,1,2490000,2490000
5167,301,3,3990000,11970000
5168,319,1,2691000,2691000
5169,219,1,7990000,7990000
5169,251,1,25191000,25191000
5170,94,1,5990000,5990000
5171,116,1,17091000,17091000
5172,162,1,18990000,18990000
5173,189,1,1890000,1890000
5174,289,1,10791000,10791000
5174,15,1,4740500,4740500
5174,268,1,450000,450000
5175,154,2,22990000,45980000
5176,145,1,2990000,2990000
5177,100,1,9990000,9990000
5178,302,1,36990000,36990000
5179,293,1,2990000,2990000
5180,209,2,9990000,19980000
5180,3,1,560500,560500
5181,161,3,18990000,56970000
5181,212,1,7590500,7590500
5181,202,1,11990000,11990000
5182,238,1,36990000,36990000
5183,186,1,9015500,9015500
5183,152,1,22990000,22990000
5184,46,1,7191000,7191000
5184,181,1,4990000,4990000
5185,154,1,22990000,22990000
5186,298,1,6490000,6490000
5187,158,1,2990000,2990000
5188,118,1,18040500,18040500
5189,312,1,4990000,4990000
5190,168,1,27990000,27990000
5191,235,1,3315500,3315500
5192,186,1,9490000,9490000
5193,93,1,7590500,7590500
5193,242,1,5391000,5391000
5194,112,1,27990000,27990000
5195,303,1,18990000,18990000
5195,269,1,450000,450000
5196,7,1,6490000,6490000
5197,182,1,36990000,36990000
5198,290,2,18990000,37980000
5199,55,1,9990000,9990000
5200,64,3,17091000,51273000
5200,143,1,2241000,2241000
5200,92,2,250000,500000
5201,170,1,18040500,18040500
5202,293,2,2990000,5980000
5202,205,1,5841000,5841000
5203,126,1,5990000,5990000
5204,8,1,1890000,1890000
5205,43,1,9490000,9490000
5206,132,1,4491000,4491000
5207,212,1,7990000,7990000
5207,306,1,1890000,1890000
5208,24,1,6490000,6490000
5209,151,1,3141000,3141000
5210,121,1,180500,180500
5211,81,1,6165500,6165500
5212,31,3,6490000,19470000
5212,7,1,6165500,6165500
5213,2,1,36990000,36990000
5214,175,1,2490000,2490000
5215,105,1,9490000,9490000
5215,261,1,9015500,9015500
5215,238,1,36990000,36990000
5216,70,1,1890000,1890000
5216,77,1,250000,250000
5216,37,3,120000,360000
5217,66,1,712500,712500
5217,189,1,1890000,1890000
5217,175,1,2490000,2490000
5218,279,1,4590000,4590000
5219,236,1,7990000,7990000
5220,84,1,9490000,9490000
5221,73,1,11990000,11990000
5222,277,1,6165500,6165500
5223,232,2,750000,1500000
5224,85,1,27990000,27990000
5224,57,1,33291000,33291000
5224,103,1,20691000,20691000
5225,293,1,2990000,2990000
5226,90,1,427500,427500
5227,131,1,27990000,27990000
5228,217,1,21840500,21840500
5229,64,1,17091000,17091000
5229,142,2,8541000,17082000
5229,273,1,11990000,11990000
5230,155,1,27990000,27990000
5231,139,1,9490000,9490000
5232,177,1,35140500,35140500
5233,274,1,10791000,10791000
5234,202,1,11990000,11990000
5234,15,3,4990000,14970000
5234,307,1,3490000,3490000
5235,317,1,30390500,30390500
5236,249,1,304000,304000
5236,73,1,11990000,11990000
5237,299,1,3141000,3141000
5238,136,2,4740500,9481000
5239,133,1,27990000,27990000
5240,258,1,5990000,5990000
5241,258,1,5990000,5990000
5241,12,1,25191000,25191000
5242,249,1,320000,320000
5243,237,1,9490000,9490000
5244,19,1,11990000,11990000
5245,70,1,1890000,2079000
5246,220,1,12990000,12990000
5246,195,1,2365500,2365500
5247,223,1,5990000,5990000
5248,135,1,5990000,5990000
5248,26,1,31990000,31990000
5249,246,1,750000,750000
5249,78,1,450000,450000
5249,304,1,7191000,7191000
5250,85,1,26590500,26590500
5251,186,1,9015500,9015500
5251,99,1,12340500,12340500
5252,92,1,250000,250000
5253,80,1,8541000,8541000
5254,299,2,3141000,6282000
5255,67,1,17091000,17091000
5255,317,1,31990000,31990000
5256,28,2,4131000,8262000
5257,226,1,18990000,18990000
5258,182,1,33291000,33291000
5259,96,3,2691000,8073000
5259,133,1,27990000,27990000
5260,212,1,7191000,7191000
5261,99,1,12990000,12990000
5262,187,1,4990000,4990000
5262,320,1,304000,304000
5263,93,1,7990000,7990000
5264,101,1,18990000,18990000
5264,54,1,7490000,7490000
5264,109,1,560500,560500
5265,111,3,7115500,21346500
5266,105,2,9490000,18980000
5266,72,1,7590500,7590500
5267,295,1,750000,750000
5268,45,2,9490000,18980000
5269,205,1,6490000,6490000
5269,75,1,6490000,6490000
5270,29,1,225000,225000
5271,305,1,1890000,1890000
5271,83,1,26590500,26590500
5272,300,2,1890000,3780000
5273,217,1,22990000,22990000
5274,320,1,320000,320000
5275,6,1,5990000,5990000
5275,142,1,9490000,9490000
5275,30,1,5841000,5841000
5276,277,1,6490000,6490000
5277,243,1,18990000,18990000
5278,100,1,9990000,9990000
5279,6,1,5990000,5990000
5280,52,3,180500,541500
5281,27,1,12340500,12340500
5281,259,1,36990000,36990000
5282,201,1,4990000,4990000
5283,162,2,18990000,34182000
5284,91,1,4990000,4990000
5285,144,1,4990000,4990000
5286,264,1,8991000,8991000
5287,23,1,36990000,36990000
5287,45,1,9015500,9015500
5288,202,1,11990000,11990000
5288,8,1,1701000,1701000
5289,2,1,33291000,33291000
5290,296,1,22990000,22990000
5291,214,1,25191000,25191000
5291,112,1,27990000,27990000
5291,316,1,2990000,2990000
5292,95,1,7990000,7990000
5292,226,1,17091000,17091000
5292,286,1,3141000,3141000
5293,40,1,1890000,1890000
5293,132,1,4740500,4740500
5294,11,1,36990000,36990000
5295,48,1,6490000,6490000
5295,231,1,33291000,33291000
5296,224,1,7990000,7990000
5297,273,1,11990000,11990000
5297,17,1,320000,320000
5298,180,1,2691000,2691000
5298,90,2,450000,900000
5299,290,1,18990000,18990000
5300,114,1,31990000,31990000
5301,255,1,27990000,27990000
5302,54,1,7115500,7115500
5302,272,1,9015500,9015500
5302,127,1,6490000,6490000
5303,271,1,6490000,6490000
5304,8,1,1890000,1890000
5305,222,3,33291000,99873000
5306,85,1,27990000,27990000
5307,231,1,36990000,36990000
5307,107,1,320000,320000
5308,183,1,2365500,2365500
5309,132,1,4740500,4740500
5309,14,1,250000,250000
5310,256,2,531000,1062000
5311,16,1,27990000,27990000
5311,202,1,10791000,10791000
5312,263,1,4491000,4491000
5313,290,1,18990000,18990000
5314,307,1,3490000,3490000
5314,67,3,18990000,56970000
5315,97,1,4360500,4360500
5316,146,1,5690500,5690500
5316,44,1,2990000,3289000
5317,154,1,22990000,22990000
5317,94,1,5690500,5690500
5318,307,1,3490000,3490000
5319,214,2,27990000,55980000
5320,118,1,18990000,18990000
5320,8,1,1701000,1701000
5321,284,1,2990000,2990000
5322,54,1,7490000,7490000
5322,143,2,2490000,4980000
5323,289,1,11390500,11390500
5323,5,1,7590500,7590500
5324,147,1,11990000,11990000
5324,312,2,4990000,9980000
5325,312,1,4740500,4740500
5325,105,2,9490000,18980000
5325,49,2,2490000,4980000
5326,9,1,320000,320000
5327,113,1,17091000,17091000
5328,106,1,7590500,7590500
5329,5,1,7990000,7990000
5330,294,1,5990000,5990000
5331,35,1,7191000,7191000
5332,91,1,4491000,4491000
5332,28,3,4131000,12393000
5333,77,1,250000,250000
5333,71,1,11990000,11990000
5334,133,1,26590500,26590500
5335,44,2,2691000,5382000
5336,54,1,7490000,7490000
5336,17,2,288000,576000
5337,105,2,9490000,18980000
5337,12,1,26590500,26590500
5338,279,1,4360500,4360500
5338,237,1,8541000,8541000
5339,24,1,6490000,6490000
5340,224,1,7590500,7590500
5341,16,1,27990000,27990000
5342,84,1,9015500,9015500
5343,267,1,9490000,9490000
5344,65,1,18990000,18990000
5345,204,1,9490000,9490000
5345,267,1,9490000,9490000
5346,249,1,320000,320000
5347,78,1,450000,450000
5348,189,1,1795500,1795500
5348,246,1,750000,750000
5348,52,1,180500,180500
5349,56,1,6490000,6490000
5350,173,1,18040500,18040500
5351,41,1,190000,190000
5352,298,1,6165500,6165500
5353,303,1,17091000,17091000
5354,188,1,8991000,8991000
5355,179,1,320000,320000
5356,184,1,6490000,6490000
5356,201,1,4990000,4990000
5357,201,1,4990000,4990000
5358,82,1,2490000,2490000
5359,79,1,190000,190000
5360,49,1,2241000,2241000
5361,26,1,31990000,31990000
5361,293,1,2990000,2990000
5362,259,1,33291000,33291000
5363,181,1,4740500,4740500
5364,312,1,4990000,4990000
5364,205,1,6490000,6490000
5365,58,1,7490000,7490000
5365,164,1,3990000,3990000
5366,95,1,7590500,7590500
5367,319,1,2990000,2990000
5368,228,2,2241000,4482000
5369,177,1,36990000,36990000
5370,22,1,4491000,4491000
5371,242,1,5990000,5990000
5372,113,3,17091000,51273000
5372,61,1,750000,750000
5373,155,1,25191000,25191000
5374,293,1,2990000,2990000
5375,87,1,4990000,4990000
5375,223,1,5990000,5990000
5376,164,1,3990000,3990000
5377,112,1,27990000,27990000
5378,162,1,18990000,18990000
5379,216,3,3790500,11371500
5380,208,1,120000,120000
5381,110,1,4990000,4990000
5382,3,1,590000,590000
5383,36,1,190000,190000
5384,128,1,450000,450000
5385,315,1,4590000,4590000
5385,214,2,27990000,55980000
5385,27,3,12340500,37021500
5386,179,1,304000,304000
5387,255,1,27990000,27990000
5387,109,1,590000,590000
5388,90,1,450000,450000
5389,117,1,11390500,11390500
5390,164,2,3990000,7980000
5391,290,1,18990000,18990000
5392,3,1,560500,560500
5393,268,1,405000,405000
5394,62,1,27990000,27990000
5395,49,1,2490000,2490000
5396,289,1,10791000,10791000
5397,252,1,250000,250000
5397,39,1,31990000,31990000
5397,135,1,5391000,5391000
5398,235,2,3490000,6980000
5399,127,1,6165500,6165500
5400,123,1,2490000,2490000
5401,110,1,4740500,4740500
5402,120,1,3490000,3490000
5403,199,2,36990000,73980000
5404,222,1,36990000,36990000
5405,62,2,26590500,53181000
5406,297,1,9015500,9015500
5407,256,1,531000,531000
5408,82,1,2365500,2365500
5409,62,2,25191000,50382000
5409,155,1,27990000,27990000
5410,288,1,3990000,3990000
5411,11,1,33291000,33291000
5412,273,2,11990000,23980000
5412,282,1,7590500,7590500
5413,297,2,8541000,17082000
5414,4,1,320000,320000
5414,181,1,4990000,4990000
5415,173,1,18040500,18040500
5416,34,1,17091000,17091000
5417,218,1,1701000,1701000
5418,58,1,7490000,7490000
5419,168,1,27990000,27990000
5420,211,1,6490000,6490000
5421,244,1,28791000,28791000
5422,291,3,3315500,9946500
5422,251,1,27990000,27990000
5422,138,1,7490000,8239000
5423,182,1,36990000,36990000
5423,59,1,4491000,4491000
5424,32,1,11390500,11390500
5425,304,1,7191000,7191000
5426,23,1,33291000,33291000
5427,287,1,4740500,4740500
5427,137,1,3790500,3790500
5428,25,1,3490000,3490000
5428,114,1,31990000,31990000
5429,292,1,6490000,6490000
5430,159,1,12340500,12340500
5431,3,1,531000,531000
5431,6,1,5690500,5690500
5432,278,1,6490000,6490000
5433,317,1,28791000,28791000
5433,197,1,675000,675000
5434,223,1,5690500,5690500
5435,158,1,2990000,2990000
5436,253,1,1701000,1701000
5437,171,1,2490000,2490000
5438,252,1,250000,250000
5439,224,1,7590500,7590500
5440,127,2,6490000,12980000
5440,185,2,2990000,5980000
5441,27,1,12990000,12990000
5441,9,1,320000,320000
5442,96,1,2990000,2990000
5442,142,1,9490000,9490000
5443,141,1,5841000,5841000
5444,194,1,5841000,5841000
5445,171,2,2365500,4731000
5445,224,1,7191000,6471900
5446,46,1,7191000,7191000
5447,83,1,27990000,27990000
5447,31,1,6490000,6490000
5448,236,1,7990000,7990000
5449,299,1,3490000,3490000
5450,170,1,18040500,18040500
5451,61,1,750000,750000
5452,264,1,8991000,8991000
5452,275,2,5990000,11980000
5453,215,1,26590500,26590500
5453,100,1,9490500,9490500
5453,119,1,120000,120000
5454,102,1,2490000,2490000
5454,204,1,9490000,9490000
5455,314,2,26590500,53181000
5456,10,3,6490000,19470000
5457,79,1,190000,190000
5458,160,1,2691000,2691000
5459,126,1,5990000,5990000
5460,169,1,3315500,3315500
5460,158,1,2990000,2990000
5461,258,2,5990000,11980000
5461,149,1,31990000,31990000
5461,63,1,5990000,5990000
5462,298,1,6165500,6165500
5463,133,1,26590500,26590500
5463,181,1,4990000,4990000
5463,32,1,11990000,11990000
5464,51,2,405000,810000
5465,236,1,7191000,7191000
5466,180,1,2691000,2691000
5466,125,1,6165500,6165500
5467,247,1,11390500,11390500
5468,294,1,5990000,5990000
5468,7,1,6165500,6165500
5469,42,1,9490000,9490000
5469,47,1,6490000,6490000
5469,18,1,9490000,9490000
5470,189,1,1701000,1701000
5470,273,1,10791000,10791000
5471,264,1,9490500,9490500
5472,184,1,6490000,6490000
5472,138,1,7115500,7115500
5473,138,2,7490000,14980000
5473,34,1,18990000,18990000
5474,64,1,17091000,17091000
5475,54,1,7115500,7115500
5476,15,1,4990000,4990000
5477,103,1,22990000,22990000
5478,212,2,7990000,15980000
5479,156,1,27990000,27990000
5480,85,1,27990000,27990000
5481,246,1,675000,675000
5481,29,1,250000,250000
5481,199,1,36990000,36990000
5482,227,1,9990000,9990000
5483,255,1,26590500,26590500
5484,242,1,5990000,5990000
5485,193,1,36990000,36990000
5486,73,1,11990000,11990000
5487,18,1,9015500,9015500
5487,201,1,4740500,4740500
5487,183,1,2490000,2490000
5488,147,1,11390500,11390500
5488,146,1,5990000,5990000
5489,307,1,3490000,3490000
5490,194,1,6490000,6490000
5491,167,1,33291000,33291000
5492,249,1,320000,320000
5493,143,1,2490000,2490000
5494,229,1,250000,250000
5495,149,1,31990000,31990000
5495,166,1,3990000,3990000
5495,168,1,25191000,25191000
5496,250,1,180500,180500
5497,275,1,5990000,5990000
5498,255,1,27990000,27990000
5499,45,1,8541000,8541000
5500,211,1,5841000,5841000
5501,34,1,18990000,18990000
5502,115,1,31990000,31990000
5503,58,1,7490000,7490000
5503,209,1,8991000,8991000
5504,6,1,5690500,5690500
5504,215,1,27990000,27990000
5505,258,1,5990000,5990000
5506,219,1,7990000,7990000
5507,317,1,31990000,31990000
5508,142,1,8541000,8541000
5509,57,1,36990000,36990000
5510,157,1,7990000,7990000
5511,93,1,7191000,7191000
5511,206,2,531000,1062000
5511,99,1,12990000,12990000
5512,129,1,2691000,2691000
5512,15,1,4990000,4990000
5513,314,1,27990000,27990000
5514,172,1,3490000,3490000
5514,247,1,11990000,11990000
5515,312,1,4740500,4740500
5516,216,1,3591000,3591000
5517,174,2,4990000,9980000
5518,60,1,11990000,11990000
5519,160,1,2990000,2990000
5520,49,1,2365500,2365500
5520,170,2,18990000,37980000
5521,162,1,18990000,18990000
5521,107,1,304000,304000
5521,232,1,750000,750000
5522,207,1,3591000,3591000
5523,297,1,9015500,9015500
5524,100,1,8991000,8991000
5525,259,1,35140500,35140500
5526,282,1,7990000,7990000
5527,244,1,30390500,30390500
5528,319,1,2691000,2691000
5529,123,1,2365500,2365500
5529,184,3,6165500,18496500
5530,150,1,11691000,11691000
5531,60,1,11390500,11390500
5532,109,1,590000,590000
5532,187,1,4990000,4990000
5533,264,1,9490500,9490500
5534,101,1,18040500,18040500
5535,272,3,9490000,28470000
5536,104,1,18990000,18990000
5536,276,1,5841000,5841000
5536,21,2,7990000,15980000
5537,164,3,3790500,11371500
5538,2,1,36990000,36990000
5539,268,1,450000,450000
5540,283,1,9015500,9015500
5541,77,1,237500,237500
5542,299,2,3315500,6631000
5542,94,1,5990000,5990000
5543,168,1,27990000,27990000
5543,222,1,35140500,35140500
5543,235,1,3141000,3141000
5544,142,1,9490000,9490000
5544,316,1,2840500,2840500
5545,157,1,7191000,7191000
5546,193,1,36990000,36990000
5547,93,3,7990000,23970000
5548,245,2,9015500,18031000
5548,71,1,10791000,10791000
5549,30,1,6490000,6490000
5550,58,2,7490000,14980000
5551,50,1,9015500,9015500
5552,239,2,6490000,12980000
5553,199,1,35140500,35140500
5553,39,1,31990000,31990000
5554,66,1,675000,675000
5555,290,1,18990000,18990000
5555,70,1,1890000,1890000
5555,103,1,22990000,22990000
5556,235,1,3141000,3141000
5557,141,1,6490000,6490000
5558,186,3,8541000,25623000
5559,154,1,22990000,25289000
5560,69,1,4990000,4990000
5561,317,1,30390500,30390500
5562,86,1,17091000,17091000
5562,25,1,3490000,3490000
5563,142,2,8541000,17082000
5564,309,2,33291000,66582000
5564,275,1,5990000,5990000
5565,52,1,190000,190000
5565,105,1,9490000,10439000
5566,145,1,2990000,2990000
5567,272,1,9015500,9015500
5567,124,1,2990000,2990000
5568,319,1,2840500,2840500
5569,4,1,304000,304000
5570,87,1,4740500,4740500
5571,267,1,9490000,9490000
5572,202,1,11990000,11990000
5573,35,1,7590500,7590500
5574,137,1,3990000,3990000
5574,165,3,6490000,19470000
5575,141,1,5841000,5841000
5576,250,2,190000,380000
5576,82,1,2490000,2490000
5577,312,1,4990000,4990000
5577,141,1,6490000,6490000
5578,256,1,560500,560500
5579,166,1,3990000,3990000
5580,29,1,225000,225000
5581,134,1,6490000,6490000
5582,300,1,1890000,1890000
5583,235,1,3315500,3315500
5584,300,1,1795500,1795500
5584,172,1,3141000,3141000
5585,152,1,22990000,22990000
5586,125,2,6490000,12980000
5587,76,1,20691000,20691000
5587,45,1,9015500,9015500
5588,292,1,6490000,6490000
5589,64,1,17091000,17091000
5590,174,2,4990000,9980000
5591,296,1,22990000,22990000
5592,131,1,27990000,27990000
5592,298,2,6490000,12980000
5593,56,1,6165500,6165500
5594,19,1,11990000,11990000
5595,313,1,2490000,2490000
5595,248,1,11990000,11990000
5596,118,1,18040500,18040500
5597,257,1,11990000,11990000
5597,205,1,6490000,6490000
5598,108,1,28791000,28791000
5599,254,1,7990000,7990000
5600,19,1,11990000,11990000
5600,219,1,7990000,7990000
5600,227,1,8991000,8991000
5601,119,1,120000,120000
5602,204,1,9490000,9490000
5603,199,3,36990000,110970000
5604,8,1,1890000,1890000
5604,196,1,4740500,4740500
5605,104,2,18990000,37980000
5606,195,1,2490000,2490000
5606,52,1,171000,171000
5606,61,1,712500,712500
5607,64,2,18990000,37980000
5607,309,1,36990000,36990000
5608,41,1,171000,171000
5609,18,1,8541000,8541000
5610,298,1,6165500,6165500
5611,230,1,250000,250000
5612,39,1,28791000,28791000
5613,21,1,7590500,7590500
5613,156,1,25191000,25191000
5614,136,2,4491000,8982000
5614,80,1,9015500,9015500
5615,115,1,30390500,30390500
5615,269,1,427500,427500
5616,163,1,18990000,18990000
5617,85,1,27990000,27990000
5617,161,1,18040500,18040500
5618,160,1,2840500,2840500
5619,292,1,6490000,6490000
5619,297,1,9490000,9490000
5619,4,1,320000,320000
5620,242,2,5990000,11980000
5621,17,1,288000,288000
5621,32,1,11990000,11990000
5622,164,1,3990000,3990000
5623,53,1,9490000,9490000
5624,102,1,2365500,2365500
5625,81,1,5841000,5841000
5626,307,2,3141000,6282000
5627,78,1,427500,427500
5628,297,1,9015500,9015500
5628,39,1,30390500,30390500
5628,310,1,5990000,5990000
5629,153,1,120000,120000
5630,57,3,36990000,110970000
5631,68,1,1701000,1701000
5632,41,1,190000,190000
5632,247,1,11990000,11990000
5633,239,1,5841000,5841000
5633,281,1,3990000,3990000
5633,203,1,27990000,27990000
5634,299,1,3490000,3490000
5635,1,1,1890000,1890000
5636,161,1,18990000,18990000
5636,241,1,4590000,4590000
5637,268,1,450000,450000
5638,320,1,320000,320000
5638,42,1,9490000,9490000
5638,106,1,7990000,7990000
5639,79,1,171000,171000
5640,246,1,750000,750000
5640,313,1,2490000,2490000
5641,243,1,17091000,17091000
5642,213,1,18990000,18990000
5643,220,1,12990000,12990000
5644,310,1,5990000,5990000
5645,177,2,36990000,73980000
5645,62,1,25191000,25191000
5646,231,1,36990000,36990000
5647,227,2,8991000,17982000
5648,71,1,10791000,10791000
5649,18,1,9490000,9490000
5650,8,1,1890000,1890000
5651,179,2,320000,640000
5651,315,1,4590000,4590000
5652,58,1,6741000,6741000
5652,178,1,2990000,2990000
5653,234,1,7590500,7590500
5654,33,1,250000,250000
5655,196,1,4990000,4990000
5656,95,1,7990000,7990000
5657,170,1,18990000,18990000
5658,23,1,33291000,33291000
5659,45,1,8541000,8541000
5660,8,1,1795500,1795500
5661,71,1,10791000,10791000
5662,267,1,9490000,9490000
5663,270,1,5391000,5391000
5664,123,1,2241000,2241000
5665,294,1,5690500,5690500
5665,254,1,7990000,7990000
5666,81,1,6490000,6490000
5667,162,1,18990000,18990000
5667,85,1,26590500,26590500
5668,111,1,7490000,7490000
5668,126,1,5990000,5990000
5668,215,2,27990000,55980000
5669,83,1,27990000,27990000
5670,163,1,18990000,18990000
5671,65,1,18990000,18990000
5671,66,1,750000,750000
5672,280,2,4131000,8262000
5673,238,1,35140500,35140500
5673,74,1,5990000,5990000
5673,21,1,7990000,7990000
5674,292,1,6165500,6165500
5674,119,2,120000,240000
5674,161,1,17091000,17091000
5675,320,2,320000,640000
5675,258,1,5990000,5990000
5676,87,1,4990000,4990000
5677,184,1,6490000,6490000
5678,250,1,171000,171000
5679,192,2,7990000,15980000
5680,13,1,27990000,27990000
5681,33,1,237500,237500
5681,215,1,27990000,27990000
5682,147,1,10791000,10791000
5683,90,1,427500,427500
5684,308,3,22990000,68970000
5685,57,1,36990000,36990000
5685,305,1,1890000,1890000
5686,140,1,4990000,4990000
5686,94,1,5990000,5990000
5687,167,1,35140500,35140500
5688,88,1,7191000,7191000
5689,168,1,27990000,27990000
5690,32,1,11390500,11390500
5691,285,1,2241000,2241000
5691,200,1,27990000,27990000
5691,143,1,2490000,2490000
5692,138,3,7490000,22470000
5693,243,1,18040500,18040500
5693,41,1,190000,190000
5693,203,1,27990000,27990000
5694,35,1,7990000,7990000
5694,68,1,1890000,1890000
5695,94,1,5990000,5990000
5696,148,3,5990000,17970000
5696,279,1,4131000,4131000
5697,117,2,11990000,23980000
5698,179,1,320000,320000
5699,4,2,288000,576000
5699,301,1,3990000,3990000
5700,79,2,190000,380000
5701,236,1,7191000,7191000
5702,74,2,5990000,11980000
5703,47,1,6490000,6490000
5704,127,1,6490000,6490000
5705,49,1,2241000,2241000
5705,20,1,4590000,4590000
5705,227,2,9990000,19980000
5706,30,1,5841000,5841000
5707,7,1,6165500,6165500
5708,17,1,288000,288000
5709,58,1,7490000,7490000
5709,144,1,4491000,4491000
5710,214,1,27990000,27990000
5710,268,1,450000,450000
5711,93,1,7590500,7590500
5712,311,1,3990000,3990000
5713,314,1,27990000,27990000
5714,87,1,4491000,4491000
5714,117,1,11990000,11990000
5714,257,1,11390500,11390500
5715,291,3,3141000,9423000
5716,81,1,6490000,6490000
5717,249,1,304000,304000
5717,268,1,427500,427500
5718,258,1,5990000,5990000
5719,141,1,5841000,5841000
5720,73,1,11990000,11990000
5721,216,1,3990000,3990000
5722,318,1,7990000,7990000
5723,112,1,25191000,25191000
5724,129,1,2990000,2990000
5724,10,1,6165500,6165500
5724,311,1,3591000,3591000
5725,47,1,5841000,5841000
5726,102,1,2241000,2241000
5727,278,1,6490000,6490000
5728,313,1,2490000,2490000
5728,192,1,7191000,7191000
5728,59,1,4740500,4740500
5729,240,1,5990000,5990000
5730,271,2,6490000,12980000
5731,292,2,6490000,12980000
5732,215,1,27990000,27990000
5733,48,1,5841000,5841000
5734,100,2,9990000,19980000
5735,291,1,3490000,3490000
5736,5,1,7990000,7990000
5737,145,1,2990000,2990000
5738,271,1,6490000,6490000
5739,19,1,11390500,11390500
5739,49,1,2490000,2490000
5740,244,1,30390500,30390500
5741,72,1,7191000,7191000
5742,302,1,35140500,35140500
5743,144,1,4990000,5489000
5744,276,1,5841000,5841000
5744,320,1,304000,304000
5745,278,1,6165500,6165500
5745,283,1,9490000,9490000
5746,305,1,1890000,1890000
5747,161,1,17091000,17091000
5747,212,1,7590500,7590500
5748,167,1,36990000,36990000
5749,259,1,36990000,36990000
5750,50,1,9490000,9490000
5751,283,1,9490000,9490000
5751,75,1,6165500,6165500
5751,204,1,9490000,9490000
5752,20,1,4590000,4590000
5753,217,1,21840500,21840500
5754,127,1,6490000,6490000
5755,94,1,5690500,5690500
5756,108,1,31990000,31990000
5757,80,1,9015500,9015500
5758,229,1,250000,250000
5759,188,1,9990000,9990000
5760,228,1,2490000,2490000
5760,297,1,9490000,9490000
5761,38,1,11390500,11390500
5761,302,1,36990000,36990000
5761,165,1,6490000,6490000
5762,284,1,2990000,2990000
5763,109,1,531000,531000
5764,212,1,7990000,7990000
5765,193,1,35140500,35140500
5766,225,1,27990000,27990000
5766,19,1,11990000,11990000
5767,173,1,18990000,18990000
5767,64,1,17091000,17091000
5768,110,2,4990000,9980000
5769,202,1,11990000,11990000
5770,193,1,36990000,36990000
5770,116,1,17091000,17091000
5771,223,1,5990000,5990000
5772,123,1,2365500,2365500
5773,92,1,250000,250000
5773,285,2,2490000,4980000
5774,228,1,2490000,2490000
5775,155,3,25191000,75573000
5776,150,1,12990000,12990000
5776,297,1,9490000,9490000
5777,35,1,7191000,7191000
5778,318,1,7191000,7191000
5778,305,2,1890000,3780000
5779,251,1,27990000,27990000
5780,148,1,5690500,5690500
5781,248,1,11990000,11990000
5782,263,1,4990000,4990000
5783,120,1,3315500,3315500
5784,108,1,31990000,31990000
5785,187,1,4740500,4740500
5785,140,1,4990000,4990000
5786,238,1,36990000,36990000
5787,215,1,27990000,27990000
5787,222,1,36990000,36990000
5788,311,1,3990000,3990000
5789,208,1,108000,108000
5790,258,1,5990000,5990000
5791,155,1,27990000,27990000
5791,242,1,5391000,5391000
5792,295,1,750000,750000
5792,14,1,250000,250000
5793,212,3,7990000,23970000
5794,107,1,320000,320000
5795,68,1,1890000,1890000
5795,85,1,27990000,27990000
5796,154,1,22990000,22990000
5797,235,1,3490000,3490000
5798,63,2,5990000,11980000
5799,199,1,36990000,36990000
5800,319,1,2840500,2840500
5801,63,1,5690500,5690500
5802,320,1,320000,320000
5803,191,1,4740500,4740500
5803,29,1,250000,250000
5803,11,1,36990000,36990000
5804,67,1,18040500,18040500
5805,182,1,35140500,35140500
5805,197,1,750000,750000
5806,101,1,18990000,18990000
5807,222,1,36990000,36990000
5807,37,1,120000,120000
5808,201,1,4990000,4990000
5808,40,1,1890000,1890000
5809,208,1,108000,108000
5810,9,1,288000,288000
5810,259,1,36990000,36990000
5811,58,1,7490000,7490000
5812,10,1,5841000,5841000
5812,129,1,2691000,2691000
5813,120,1,3490000,3490000
5814,33,1,225000,225000
5814,209,2,9990000,19980000
5815,118,1,17091000,17091000
5816,46,1,7590500,7590500
5816,86,1,18990000,18990000
5817,31,1,6165500,6165500
5818,154,3,21840500,65521500
5819,4,1,320000,320000
5819,211,1,6490000,6490000
5819,224,1,7990000,7990000
5820,256,1,560500,560500
5820,232,1,675000,675000
5821,261,3,8541000,25623000
5821,313,3,2490000,7470000
5822,71,1,11390500,11390500
5823,85,1,27990000,27990000
5824,301,1,3990000,3990000
5825,38,1,11990000,11990000
5826,69,1,4740500,4740500
5827,98,1,36990000,36990000
5827,195,1,2490000,2490000
5828,241,1,4590000,4590000
5829,231,1,33291000,33291000
5829,10,2,6490000,12980000
5829,81,1,6490000,6490000
5830,185,1,2840500,2840500
5831,152,1,22990000,22990000
5831,193,1,36990000,36990000
5831,171,1,2490000,2490000
5832,272,1,8541000,8541000
5833,105,1,9490000,9490000
5834,1,1,1701000,1701000
5835,198,1,10791000,10791000
5836,242,1,5990000,5990000
5837,312,3,4740500,14221500
5838,100,3,9990000,29970000
5839,269,1,450000,450000
5840,121,1,190000,190000
5841,172,1,3315500,3315500
5842,10,3,6490000,19470000
5843,135,2,5990000,11980000
5844,25,1,3315500,3315500
5844,118,1,18040500,18040500
5845,241,2,4131000,8262000
5846,314,1,27990000,27990000
5847,254,1,7990000,7990000
5847,273,1,11390500,11390500
5848,123,2,2241000,4482000
5849,170,1,18990000,18990000
5850,220,1,12990000,12990000
5850,129,1,2990000,2990000
5851,119,1,120000,120000
5852,278,1,6490000,6490000
5853,56,1,6490000,6490000
5853,239,2,6165500,12331000
5854,23,1,36990000,36990000
5854,169,1,3490000,3490000
5855,204,1,9490000,9490000
5856,275,1,5990000,5990000
5857,259,1,36990000,36990000
5858,58,1,7115500,7115500
5859,162,1,18990000,18990000
5860,6,1,5690500,5690500
5861,177,1,36990000,36990000
5862,285,1,2490000,2490000
5862,35,1,7191000,7191000
5863,148,3,5990000,17970000
5864,250,1,190000,190000
5864,33,1,225000,225000
5865,93,1,7590500,7590500
5865,218,2,1890000,3780000
5866,129,1,2691000,2691000
5867,210,1,5841000,5841000
5867,235,1,3490000,3490000
5868,156,1,27990000,27990000
5869,164,1,3990000,3990000
5869,179,1,304000,304000
5870,151,1,3141000,3141000
5870,6,1,5990000,5990000
5870,193,1,36990000,36990000
5871,189,1,1890000,1890000
5871,290,2,17091000,34182000
5872,10,1,6490000,6490000
5872,309,2,36990000,73980000
5872,275,1,5690500,5690500
5873,288,2,3990000,7980000
5874,285,1,2490000,2490000
5875,68,1,1795500,1795500
5876,278,1,5841000,5841000
5877,8,2,1701000,3402000
5878,110,1,4990000,4990000
5879,210,1,6490000,6490000
5879,307,1,3141000,3141000
5880,246,1,750000,750000
5881,38,2,10791000,21582000
5881,277,1,6165500,6165500
5882,248,1,11390500,11390500
5882,69,1,4990000,4990000
5883,90,1,450000,450000
5884,39,1,31990000,31990000
5884,178,1,2990000,2990000
5885,231,1,33291000,33291000
5885,119,1,120000,120000
5886,103,1,22990000,22990000
5887,235,1,3490000,3490000
5888,24,1,6165500,6165500
5889,129,1,2990000,2990000
5890,178,1,2691000,2691000
5890,40,1,1890000,1890000
5890,170,1,18040500,18040500
5891,157,1,7191000,7191000
5892,222,1,36990000,36990000
5893,96,1,2990000,2990000
5893,78,1,405000,405000
5894,121,2,190000,380000
5894,261,2,9490000,18980000
5895,149,1,31990000,31990000
5895,61,1,675000,675000
5896,300,1,1890000,1890000
5897,260,1,18990000,18990000
5898,247,1,11990000,11990000
5899,55,1,9990000,9990000
5900,131,2,27990000,55980000
5901,231,1,36990000,36990000
5901,250,1,190000,190000
5902,32,1,11990000,11990000
5902,38,1,11390500,11390500
5903,132,1,4990000,4990000
5904,103,1,22990000,22990000
5904,87,1,4990000,4990000
5905,20,1,4590000,4590000
5906,164,1,3790500,3790500
5907,232,1,750000,750000
5907,267,1,8541000,8541000
5908,234,1,7990000,7990000
5909,57,1,36990000,36990000
5910,49,1,2490000,2490000
5911,109,1,590000,590000
5912,88,1,7990000,7990000
5913,100,1,8991000,8991000
5914,197,1,750000,750000
5914,315,1,4131000,4131000
5915,260,1,18040500,18040500
5915,33,2,250000,500000
5915,109,1,560500,560500
5916,306,2,1701000,3402000
5917,100,1,9990000,9990000
5918,290,1,18990000,18990000
5919,318,1,7990000,7990000
5919,242,1,5990000,5990000
5919,72,1,7191000,7191000
5920,95,1,7990000,7990000
5921,295,1,750000,750000
5922,54,1,7490000,7490000
5923,301,1,3990000,3990000
5923,143,1,2490000,2490000
5924,197,1,750000,750000
5925,306,1,1795500,1795500
5926,284,1,2691000,2691000
5927,298,1,6490000,6490000
5927,249,2,320000,640000
5927,13,1,27990000,27990000
5928,53,1,9490000,9490000
5929,123,1,2490000,2490000
5930,25,1,3490000,3490000
5931,252,1,250000,250000
5931,246,1,750000,750000
5931,227,1,9990000,9990000
5932,85,1,27990000,27990000
5932,317,1,31990000,31990000
5933,286,1,3490000,3490000
5933,21,1,7990000,7990000
5933,245,1,9490000,9490000
5934,233,1,250000,250000
5935,314,1,27990000,27990000
5935,207,1,3990000,3990000
5936,211,1,6490000,6490000
5936,277,1,6490000,6490000
5937,271,1,6490000,6490000
5938,125,1,6165500,6165500
5939,158,1,2990000,2990000
5940,236,1,7990000,7990000
5941,205,1,5841000,5841000
5941,230,1,250000,250000
5942,315,1,4590000,4590000
5942,226,1,18990000,18990000
5942,166,1,3990000,3990000
5943,240,1,5990000,5990000
5944,209,1,9990000,9990000
5945,189,1,1701000,1701000
5946,66,1,712500,712500
5946,115,1,31990000,31990000
5947,65,1,18040500,18040500
5948,54,1,7115500,7115500
5948,183,1,2490000,2490000
5949,282,1,7990000,7990000
5950,63,2,5391000,9703800
5951,163,1,17091000,17091000
5952,199,1,35140500,35140500
5952,165,1,6490000,6490000
5953,85,2,27990000,55980000
5954,91,2,4990000,9980000
5955,259,1,33291000,33291000
5956,175,1,2241000,2241000
5956,13,1,27990000,27990000
5957,78,1,427500,427500
5958,136,1,4740500,4740500
5958,317,2,30390500,60781000
5959,314,1,25191000,25191000
5959,158,1,2990000,2990000
5960,183,1,2490000,2490000
5960,244,2,31990000,63980000
5961,264,1,9990000,9990000
5962,153,1,108000,108000
5963,201,1,4990000,4990000
5963,44,1,2990000,2990000
5963,236,1,7990000,7990000
5964,251,2,27990000,55980000
5965,191,1,4740500,4740500
5966,205,1,6490000,6490000
5967,22,1,4990000,4990000
5968,301,1,3591000,3591000
5968,95,1,7590500,7590500
5969,19,1,11990000,11990000
5969,166,1,3790500,3790500
5970,33,1,225000,225000
5971,265,1,28791000,28791000
5971,190,1,2840500,2840500
5972,180,2,2840500,5681000
5973,125,1,6490000,6490000
5974,23,2,35140500,70281000
5974,176,1,31990000,31990000
5975,306,1,1890000,1890000
5976,128,1,450000,450000
5977,73,2,10791000,21582000
5977,189,1,1701000,1701000
5978,33,1,225000,225000
5978,286,1,3490000,3490000
5979,184,1,5841000,6425100
5980,264,1,9990000,9990000
5980,253,2,1701000,3402000
5981,62,3,27990000,83970000
5982,39,1,28791000,28791000
5982,180,1,2990000,2990000
5983,235,1,3490000,3490000
5983,154,1,22990000,22990000
5983,284,1,2990000,2990000
5984,242,1,5690500,5121450
5985,70,1,1890000,1890000
5986,244,1,31990000,31990000
5987,277,1,6165500,6165500
5988,65,1,17091000,18800100
5989,243,1,18990000,18990000
5990,101,1,17091000,17091000
5990,6,1,5990000,5990000
5990,130,1,7490000,7490000
5991,235,2,3490000,6980000
5991,250,1,190000,190000
5992,64,1,17091000,17091000
5993,142,1,8541000,8541000
5994,201,1,4990000,4990000
5995,216,1,3990000,3990000
5995,275,1,5391000,5391000
5996,218,1,1890000,1890000
5997,308,1,20691000,20691000
5998,278,1,6490000,6490000
5999,69,1,4491000,4491000
6000,88,1,7990000,7990000
6001,235,3,3490000,10470000
6002,291,1,3490000,3490000
6003,101,1,18990000,18990000
6003,292,1,5841000,5841000
6004,29,1,250000,250000
6005,99,1,11691000,11691000
6005,262,1,750000,750000
6006,112,1,27990000,27990000
6007,7,1,6490000,6490000
6008,248,1,11990000,11990000
6008,157,1,7990000,7990000
6009,272,1,9490000,9490000
6009,179,1,320000,320000
6010,22,1,4990000,4990000
6011,246,2,712500,1425000
6011,221,1,18040500,16236450
6011,194,1,5841000,5841000
6012,32,1,11990000,11990000
6012,64,1,18040500,18040500
6013,281,1,3990000,3990000
6013,244,2,30390500,60781000
6014,88,1,7191000,7191000
6015,145,1,2840500,2840500
6016,24,1,6490000,6490000
6017,320,1,288000,288000
6018,190,2,2990000,5980000
6019,39,1,31990000,31990000
6020,113,1,18040500,18040500
6020,65,1,18990000,18990000
6021,171,1,2490000,2490000
6021,180,1,2990000,2990000
6022,300,2,1890000,3780000
6023,118,1,18990000,18990000
6023,98,1,36990000,36990000
6024,76,1,22990000,22990000
6025,313,1,2241000,2241000
6025,307,2,3315500,6631000
6026,135,2,5990000,11980000
6027,85,1,27990000,27990000
6028,12,1,27990000,27990000
6028,177,1,36990000,36990000
6028,68,1,1701000,1701000
6029,199,1,36990000,36990000
6029,38,1,10791000,10791000
6030,267,1,8541000,8541000
6031,84,2,9490000,18980000
6032,18,2,9490000,18980000
6032,169,1,3490000,3490000
6033,64,1,17091000,17091000
6034,38,1,11990000,11990000
6035,253,1,1701000,1701000
6035,58,1,7490000,7490000
6036,60,1,10791000,10791000
6036,269,1,450000,450000
6036,262,1,712500,712500
6037,155,1,27990000,27990000
6038,22,2,4740500,9481000
6039,69,1,4990000,4990000
6040,281,1,3990000,3990000
6041,269,1,450000,450000
6041,219,1,7590500,7590500
6041,187,1,4491000,4491000
6042,145,1,2990000,2990000
6043,35,1,7590500,7590500
6044,208,1,120000,120000
6044,164,1,3990000,3990000
6045,129,1,2840500,2840500
6046,200,1,26590500,26590500
6046,208,1,120000,120000
6047,2,1,36990000,36990000
6047,92,1,237500,237500
6048,31,1,6490000,6490000
6049,21,1,7191000,7191000
6050,260,2,18990000,37980000
6050,255,1,27990000,27990000
6051,117,1,11990000,11990000
6051,116,1,18040500,18040500
6052,200,1,26590500,26590500
6053,143,1,2490000,2739000
6054,245,1,9490000,9490000
6055,141,1,6490000,6490000
6056,13,1,26590500,26590500
6056,278,1,6490000,6490000
6056,224,1,7990000,7990000
6057,54,3,7490000,22470000
6057,174,3,4990000,14970000
6058,26,2,28791000,57582000
6058,164,1,3990000,3990000
6059,132,2,4990000,9980000
6060,130,1,7490000,7490000
6061,214,1,25191000,25191000
6061,246,1,750000,750000
6062,171,1,2490000,2490000
6063,149,1,31990000,31990000
6064,33,1,250000,250000
6064,147,1,10791000,10791000
6065,126,1,5990000,5990000
6065,104,1,18990000,18990000
6066,147,1,11390500,11390500
6066,97,1,4360500,4360500
6066,14,1,250000,250000
6067,317,1,31990000,31990000
6068,253,1,1890000,1890000
6068,11,1,35140500,35140500
6069,109,2,590000,1180000
6070,268,1,450000,450000
6071,269,1,450000,450000
6072,29,1,250000,250000
6073,166,1,3990000,3990000
6073,175,1,2490000,2490000
6074,61,1,750000,750000
6074,87,1,4990000,4990000
6075,195,1,2490000,2490000
6076,171,1,2490000,2490000
6077,108,1,31990000,31990000
6077,145,1,2990000,2990000
6077,224,1,7590500,7590500
6078,86,1,18990000,18990000
6078,190,1,2990000,2990000
6079,304,1,7990000,7990000
6080,83,1,26590500,26590500
6080,92,2,250000,500000
6081,197,1,750000,750000
6081,46,1,7590500,7590500
6081,32,1,11390500,11390500
6082,34,1,18040500,18040500
6083,267,1,9490000,9490000
6083,33,1,237500,237500
6083,267,1,9015500,9015500
6084,97,1,4590000,4590000
6084,154,1,20691000,20691000
6085,237,1,9015500,9015500
6086,97,1,4360500,4360500
6087,169,1,3141000,3141000
6088,120,1,3490000,3490000
6088,302,1,35140500,35140500
6089,270,1,5690500,5690500
6090,85,1,27990000,30789000
6090,200,1,27990000,27990000
6091,178,1,2990000,2990000
6092,130,1,7490000,7490000
6093,102,1,2365500,2365500
6093,64,1,18990000,18990000
6093,248,1,11990000,11990000
6094,42,1,8541000,8541000
6095,26,1,31990000,31990000
6095,253,1,1890000,1890000
6096,320,1,320000,320000
6097,82,1,2490000,2490000
6097,165,1,6165500,6165500
6098,9,1,304000,304000
6098,157,1,7990000,7990000
6098,100,1,8991000,8991000
6099,29,1,250000,250000
6099,101,1,18990000,18990000
6100,320,1,320000,320000
6100,169,3,3490000,10470000
6101,252,1,225000,225000
6102,275,1,5990000,5990000
6102,81,1,6490000,6490000
6103,176,1,31990000,31990000
6104,36,1,190000,190000
6105,62,1,25191000,25191000
6105,53,1,9490000,9490000
6105,24,1,6490000,6490000
6106,80,1,9490000,9490000
6107,265,1,31990000,31990000
6107,46,1,7590500,7590500
6108,106,1,7990000,7990000
6109,282,1,7990000,7990000
6109,129,1,2691000,2691000
6110,189,1,1890000,1890000
6110,147,1,10791000,10791000
6110,231,1,36990000,36990000
6111,79,1,190000,190000
6112,283,1,9490000,9490000
6113,53,1,9490000,9490000
6113,206,1,531000,531000
6114,118,2,17091000,34182000
6115,219,1,7990000,7990000
6116,207,1,3790500,3790500
6117,57,1,33291000,33291000
6117,136,1,4990000,4990000
6118,82,1,2241000,2241000
6118,62,1,27990000,27990000
6119,275,1,5690500,5690500
6120,225,1,27990000,27990000
6120,32,1,11990000,11990000
6121,310,1,5990000,5990000
6121,40,1,1890000,1890000
6122,195,1,2241000,2241000
6123,32,1,11390500,11390500
6124,213,3,17091000,51273000
6125,145,1,2691000,2691000
6125,254,1,7590500,7590500
6126,294,1,5990000,5990000
6127,142,1,9490000,9490000
6128,113,1,18040500,16236450
6128,144,1,4990000,4990000
6129,245,1,9490000,9490000
6130,252,1,250000,250000
6131,247,1,10791000,10791000
6131,300,1,1890000,1890000
6132,95,1,7191000,7191000
6132,282,1,7990000,7990000
6133,128,1,405000,405000
6134,182,1,33291000,33291000
6134,13,1,26590500,29249550
6134,114,1,31990000,31990000
6135,312,1,4990000,4990000
6135,15,1,4491000,4491000
6136,220,1,12340500,12340500
6137,262,1,750000,750000
6138,264,1,9990000,9990000
6139,267,1,9490000,9490000
6140,290,2,18990000,37980000
6141,254,1,7990000,7990000
6141,185,1,2990000,2990000
6142,236,2,7191000,14382000
6143,139,1,8541000,8541000
6144,121,1,190000,190000
6145,170,2,17091000,34182000
6146,287,1,4740500,4740500
6147,111,2,7490000,14980000
6148,97,1,4590000,4590000
6149,222,1,36990000,36990000
6150,106,1,7990000,7990000
6151,308,1,22990000,22990000
6152,92,1,250000,250000
6153,87,1,4491000,4491000
6154,210,1,6490000,6490000
6155,264,1,9490500,9490500
6156,47,1,6490000,6490000
6157,119,1,108000,108000
6158,258,1,5990000,5990000
6159,281,1,3790500,3790500
6160,230,1,250000,250000
6161,81,1,6490000,6490000
6162,160,1,2990000,2990000
6163,8,2,1890000,3780000
6163,190,1,2990000,2990000
6164,293,1,2990000,2990000
6165,269,2,405000,810000
6165,203,1,27990000,27990000
6166,100,1,9990000,9990000
6167,168,1,25191000,25191000
6167,214,1,27990000,27990000
6167,153,1,120000,120000
6168,271,1,5841000,5841000
6169,157,1,7990000,7990000
6170,7,1,6165500,6165500
6170,80,3,9490000,28470000
6171,146,1,5391000,5391000
6171,221,1,18990000,18990000
6172,310,3,5990000,17970000
6173,224,1,7990000,7990000
6174,16,1,25191000,25191000
6175,240,2,5990000,11980000
6176,187,1,4990000,4990000
6176,196,1,4990000,4990000
6177,284,1,2691000,2691000
6178,156,3,27990000,83970000
6179,135,2,5990000,11980000
6180,213,2,17091000,30763800
6181,229,1,237500,237500
6181,180,2,2840500,5681000
6182,181,1,4990000,4990000
6182,265,1,28791000,28791000
6182,298,1,6490000,6490000
6183,81,1,6490000,6490000
6184,92,1,237500,237500
6184,87,1,4990000,4990000
6185,103,1,21840500,21840500
6186,293,1,2990000,2990000
6187,235,1,3141000,3141000
6188,90,1,405000,405000
6189,206,1,590000,590000
6190,270,1,5990000,5990000
6190,123,1,2490000,2490000
6191,109,1,590000,590000
6192,178,1,2990000,2990000
6192,214,1,25191000,25191000
6193,168,1,27990000,27990000
6194,97,2,4590000,9180000
6195,145,1,2990000,2990000
6195,117,1,10791000,10791000
6196,17,1,304000,304000
6197,204,1,9490000,9490000
6197,258,1,5391000,5391000
6198,129,1,2691000,2421900
6199,151,1,3490000,3490000
6199,105,1,9490000,9490000
6200,249,2,320000,640000
6201,261,1,9490000,9490000
6201,141,2,6490000,12980000
6202,242,1,5990000,5990000
6203,123,1,2490000,2490000
6204,108,1,31990000,31990000
6205,301,1,3591000,3591000
6206,36,1,190000,190000
6207,107,1,304000,304000
6208,143,1,2490000,2490000
6208,97,1,4131000,4131000
6209,118,1,18990000,18990000
6210,146,1,5690500,5690500
6210,29,1,250000,250000
6211,49,1,2490000,2490000
6212,51,1,450000,450000
6212,265,2,31990000,63980000
6213,4,1,288000,288000
6213,229,1,250000,250000
6214,190,1,2840500,2840500
6215,289,1,11990000,11990000
6216,12,1,26590500,26590500
6217,239,1,6490000,6490000
6218,132,1,4990000,4990000
6218,117,1,11390500,11390500
6218,129,1,2840500,2840500
6219,186,1,9490000,9490000
6219,6,1,5391000,5391000
6220,127,1,6490000,6490000
6220,205,1,6165500,6165500
6221,177,1,35140500,35140500
6222,101,1,18990000,18990000
6223,78,1,427500,427500
6224,287,1,4990000,4990000
6225,133,1,27990000,27990000
6226,289,1,10791000,10791000
6227,265,3,30390500,91171500
6228,141,1,6165500,6165500
6228,308,1,22990000,22990000
6229,303,1,18990000,18990000
6230,257,3,11990000,35970000
6231,248,1,10791000,10791000
6232,157,1,7191000,7191000
6233,249,1,288000,288000
6234,200,1,27990000,27990000
6235,158,1,2840500,2840500
6236,280,2,4590000,9180000
6236,116,1,18990000,18990000
6237,79,2,171000,342000
6237,4,2,304000,608000
6237,106,1,7990000,7990000
6238,135,1,5690500,5690500
6239,266,1,108000,108000
6240,163,2,18040500,36081000
6241,261,1,9490000,9490000
6242,244,1,31990000,31990000
6243,1,1,1890000,1890000
6243,224,1,7990000,7990000
6243,90,1,450000,450000
6244,234,1,7990000,7990000
6245,72,1,7990000,7990000
6246,226,1,18040500,18040500
6247,65,1,18040500,18040500
6248,156,1,25191000,25191000
6249,56,1,6490000,6490000
6250,15,1,4491000,4491000
6250,273,1,11990000,11990000
6251,174,1,4990000,4990000
6252,152,1,22990000,22990000
6252,4,1,320000,320000
6252,273,1,10791000,10791000
6253,72,2,7990000,15980000
6254,269,1,450000,450000
6254,180,1,2691000,2691000
6254,186,1,9490000,9490000
6255,198,1,11990000,11990000
6256,104,1,18040500,18040500
6257,140,1,4990000,4990000
6258,316,1,2840500,2840500
6259,204,1,9490000,9490000
6260,30,1,6490000,6490000
6261,34,1,18990000,18990000
6262,84,1,9015500,9015500
6262,284,1,2990000,2990000
6263,20,1,4360500,4360500
6264,169,1,3315500,3315500
6265,182,1,36990000,36990000
6266,46,1,7590500,7590500
6266,50,1,9490000,9490000
6267,39,1,28791000,28791000
6268,205,1,6165500,6165500
6269,98,1,35140500,35140500
6270,69,1,4990000,4990000
6271,50,1,9015500,9015500
6271,170,1,18040500,18040500
6271,298,1,6490000,6490000
6272,234,1,7191000,7191000
6273,95,1,7990000,7990000
6274,308,1,22990000,22990000
6275,233,1,250000,250000
6276,33,1,250000,225000
6277,187,1,4990000,4990000
6278,281,1,3990000,3990000
6278,250,1,180500,180500
6279,18,1,9015500,9015500
6279,226,1,18990000,18990000
6280,319,1,2840500,2840500
6281,85,1,27990000,27990000
6282,78,2,427500,855000
6283,171,2,2365500,4257900
6283,103,1,22990000,22990000
6284,148,1,5990000,5990000
6285,161,1,18990000,18990000
6286,103,1,22990000,22990000
6286,108,3,30390500,91171500
6287,42,1,9490000,9490000
6287,298,1,6490000,6490000
6288,48,1,6165500,6165500
6289,102,1,2490000,2490000
6290,262,1,712500,712500
6291,226,3,18040500,54121500
6292,133,1,27990000,27990000
6292,176,1,28791000,28791000
6293,291,1,3490000,3490000
6293,280,1,4131000,4131000
6294,264,1,9490500,9490500
6295,231,3,36990000,110970000
6295,214,2,27990000,55980000
6296,124,1,2990000,2990000
6297,102,1,2490000,2490000
6298,317,3,31990000,95970000
6298,101,1,18990000,18990000
6299,12,1,27990000,27990000
6300,286,1,3141000,3141000
6301,230,1,250000,250000
6302,5,1,7990000,7990000
6303,122,1,4491000,4491000
6303,105,1,9015500,9015500
6304,121,1,190000,190000
6304,153,1,114000,114000
6304,164,3,3790500,11371500
6305,55,1,9990000,9990000
6306,4,1,320000,320000
6306,215,1,25191000,25191000
6307,176,3,31990000,95970000
6308,256,1,560500,560500
6309,219,1,7590500,7590500
6309,124,1,2990000,2990000
6310,202,1,11990000,11990000
6311,151,1,3490000,3490000
6312,41,1,180500,180500
6313,41,1,190000,190000
6314,26,1,30390500,30390500
6315,36,1,171000,171000
6316,211,1,6165500,6165500
6316,247,1,11990000,11990000
6317,75,1,6490000,6490000
6318,134,1,6490000,6490000
6319,115,1,28791000,28791000
6319,314,1,27990000,27990000
6320,123,1,2490000,2490000
6321,180,1,2990000,2990000
6322,216,1,3990000,3990000
6322,217,1,22990000,22990000
6323,177,1,36990000,36990000
6323,177,1,36990000,36990000
6324,145,1,2840500,2840500
6324,312,1,4990000,4990000
6324,86,1,17091000,17091000
6325,114,1,28791000,28791000
6326,164,1,3990000,3990000
6327,201,1,4990000,4990000
6327,54,1,6741000,6741000
6328,88,1,7990000,7990000
6329,229,1,250000,250000
6329,193,1,36990000,36990000
6329,21,1,7990000,8789000
6330,289,1,11990000,11990000
6331,208,1,120000,120000
6332,57,1,33291000,33291000
6332,151,1,3490000,3490000
6333,56,1,5841000,5841000
6333,3,1,590000,590000
6334,241,1,4590000,4590000
6334,305,1,1890000,1890000
6335,24,3,6165500,18496500
6336,194,1,6490000,6490000
6337,39,1,31990000,31990000
6338,236,1,7191000,7191000
6338,34,2,18040500,36081000
6339,80,1,9015500,9015500
6340,210,1,6490000,6490000
6341,96,1,2840500,2840500
6342,143,1,2365500,2365500
6342,142,1,8541000,8541000
6342,144,1,4990000,4990000
6343,152,1,22990000,22990000
6344,2,1,36990000,36990000
6345,45,1,9490000,9490000
6345,173,1,18990000,18990000
6345,214,1,27990000,27990000
6346,87,1,4491000,4491000
6347,197,1,712500,712500
6347,27,2,12990000,25980000
6348,248,1,11990000,11990000
6348,126,1,5990000,5990000
6349,100,1,8991000,8991000
6350,235,1,3490000,3490000
6351,288,1,3990000,3990000
6352,205,1,6165500,6165500
6353,121,1,190000,190000
6353,51,1,405000,405000
6354,173,1,18990000,18990000
6355,220,1,12990000,12990000
6356,291,1,3490000,3490000
6357,238,1,36990000,36990000
6358,223,1,5690500,5690500
6359,186,1,9015500,9015500
6359,170,1,18990000,18990000
6360,261,1,9490000,9490000
6361,156,1,27990000,27990000
6362,126,1,5990000,5990000
6362,251,1,27990000,27990000
6363,33,2,237500,475000
6364,190,3,2990000,8970000
6364,302,1,33291000,33291000
6365,90,1,450000,450000
6366,242,1,5391000,5391000
6367,204,1,9490000,9490000
6368,230,1,225000,225000
6369,166,1,3990000,3990000
6369,148,1,5690500,5690500
6370,85,1,27990000,27990000
6371,109,1,590000,590000
6371,75,1,6490000,6490000
6372,236,1,7990000,7990000
6373,290,1,18990000,18990000
6374,260,1,18990000,18990000
6375,309,1,36990000,36990000
6376,124,1,2691000,2691000
6377,163,1,18990000,18990000
6377,39,1,28791000,28791000
6377,114,1,31990000,31990000
6378,243,1,18990000,18990000
6379,94,1,5690500,5690500
6380,110,1,4491000,4491000
6380,150,1,12340500,12340500
6381,204,1,9490000,9490000
6382,185,1,2840500,2840500
6383,63,1,5690500,5690500
6384,90,2,405000,810000
6385,80,1,9490000,9490000
6385,289,2,11990000,23980000
6385,240,1,5990000,5990000
6386,105,1,9490000,9490000
6386,106,1,7191000,7191000
6387,71,1,11990000,11990000
6387,109,1,590000,590000
6388,252,3,250000,750000
6389,246,1,675000,675000
6390,2,1,36990000,36990000
6391,319,1,2990000,2990000
6392,57,1,35140500,35140500
6392,163,1,18990000,18990000
6393,109,1,590000,590000
6394,267,1,9490000,9490000
6395,31,1,6490000,6490000
6396,315,1,4590000,4590000
6397,289,1,11990000,11990000
6398,116,1,18040500,18040500
6399,117,3,11990000,35970000
6399,244,1,31990000,31990000
6399,264,1,9990000,9990000
6400,141,1,5841000,5841000
6400,185,1,2840500,2840500
6401,31,1,6490000,6490000
6402,67,1,18990000,18990000
6403,142,1,9490000,9490000
6404,280,2,4590000,9180000
6405,217,1,20691000,20691000
6405,233,1,250000,250000
6406,273,1,11390500,11390500
6407,235,1,3141000,3141000
6408,54,1,7490000,7490000
6409,26,1,31990000,31990000
6409,156,1,25191000,25191000
6410,53,1,8541000,8541000
6411,6,2,5990000,11980000
6411,219,1,7990000,7990000
6412,25,1,3490000,3490000
6413,241,2,4360500,8721000
6414,105,1,9490000,9490000
6415,99,2,12340500,24681000
6416,268,1,427500,427500
6417,192,1,7990000,7990000
6418,31,1,6490000,6490000
6419,185,1,2990000,2990000
6420,130,2,7115500,14231000
6421,105,1,9015500,9015500
6422,215,1,25191000,25191000
6422,273,1,11990000,11990000
6423,131,1,26590500,26590500
6423,121,1,171000,171000
6424,285,1,2490000,2490000
6425,24,1,6490000,6490000
6426,28,1,4131000,4131000
6427,306,1,1890000,1890000
6428,317,1,30390500,30390500
6429,173,1,18040500,18040500
6430,189,1,1795500,1795500
6431,92,1,225000,225000
6431,200,1,27990000,27990000
6432,27,1,11691000,11691000
6433,115,1,31990000,31990000
6433,242,1,5990000,5990000
6434,11,1,36990000,36990000
6434,179,1,320000,320000
6435,280,1,4131000,4131000
6435,121,1,190000,190000
6436,108,1,31990000,31990000
6437,172,1,3315500,3315500
6437,232,1,750000,750000
6438,148,1,5990000,5990000
6439,82,1,2490000,2490000
6440,304,1,7590500,7590500
6440,213,1,18990000,18990000
6441,163,1,18040500,18040500
6441,317,1,30390500,30390500
6442,301,1,3591000,3591000
6442,142,1,9490000,9490000
6443,104,2,18990000,37980000
6444,14,1,237500,237500
6444,213,1,18990000,18990000
6444,225,1,27990000,27990000
6445,47,1,6165500,6165500
6446,125,1,6165500,6165500
6447,300,1,1795500,1795500
6447,55,1,9490500,9490500
6448,306,1,1890000,1890000
6449,81,1,5841000,5841000
6450,61,2,712500,1425000
6451,132,1,4990000,4990000
6451,290,1,18990000,18990000
6452,168,1,27990000,27990000
6453,203,1,25191000,25191000
6454,228,1,2490000,2490000
6454,146,1,5990000,5990000
6455,18,3,9015500,27046500
6455,250,1,180500,180500
6455,150,1,12990000,12990000
6456,119,1,120000,120000
6456,42,3,9490000,28470000
6456,273,1,11990000,11990000
6457,68,1,1701000,1701000
6458,27,1,12990000,12990000
6459,46,1,7191000,7910100
6459,90,1,405000,405000
6460,86,1,18040500,18040500
6461,177,1,33291000,33291000
6462,158,1,2990000,2691000
6462,18,1,9490000,9490000
6462,185,3,2990000,8970000
6463,298,1,6490000,6490000
6463,84,1,9490000,9490000
6464,51,1,405000,405000
6465,263,1,4740500,4740500
6466,108,1,31990000,31990000
6466,84,1,8541000,8541000
6467,29,1,225000,225000
6467,240,1,5990000,5990000
6467,237,1,9490000,9490000
6468,45,1,9490000,9490000
6469,146,1,5990000,5990000
6469,99,1,12340500,12340500
6470,306,1,1701000,1701000
6471,181,1,4990000,4990000
6472,219,1,7990000,7990000
6473,105,1,8541000,8541000
6474,316,1,2691000,2691000
6474,233,2,250000,500000
6475,230,1,237500,237500
6475,92,1,250000,250000
6476,260,1,18990000,18990000
6476,264,1,9990000,9990000
6477,267,1,9490000,9490000
6478,252,1,225000,225000
6479,316,1,2990000,2990000
6480,209,1,9990000,8991000
6481,124,1,2990000,2990000
6482,301,1,3990000,3990000
6483,194,1,6165500,6165500
6483,312,1,4990000,4990000
6484,9,1,320000,320000
6485,214,1,27990000,27990000
6486,165,1,6490000,6490000
6487,115,1,31990000,31990000
6488,210,3,6490000,19470000
6489,172,1,3141000,3141000
6489,191,1,4990000,4990000
6490,140,1,4990000,4990000
6490,260,1,18990000,18990000
6491,83,1,27990000,27990000
6492,248,1,11990000,11990000
6492,5,1,7990000,7990000
6493,309,1,35140500,35140500
6494,10,1,6490000,6490000
6494,261,1,8541000,8541000
6495,260,1,18990000,18990000
6496,269,1,450000,450000
6496,126,1,5990000,5990000
6496,277,3,6490000,19470000
6497,99,1,12990000,12990000
6498,43,1,9490000,9490000
6499,248,1,11990000,11990000
6500,24,1,6490000,7139000
6500,217,2,22990000,41382000
6501,286,1,3490000,3490000
6501,66,1,712500,712500
6501,14,1,250000,250000
6502,105,1,9490000,9490000
6503,111,1,6741000,6741000
6503,44,2,2990000,5980000
6504,167,1,35140500,35140500
6504,43,1,9015500,9015500
6505,9,1,304000,304000
6506,18,1,9015500,9015500
6507,63,1,5990000,5990000
6507,184,1,6490000,6490000
6508,245,1,9490000,9490000
6508,88,1,7990000,7990000
6508,169,1,3490000,3490000
6509,107,1,320000,320000
6510,69,2,4740500,9481000
6511,298,1,5841000,5841000
6511,61,1,675000,675000
6511,163,1,18990000,18990000
6512,254,1,7990000,7990000
6513,235,1,3490000,3490000
6514,147,1,11390500,11390500
6514,9,1,320000,320000
6515,318,1,7990000,7990000
6516,242,3,5990000,17970000
6517,244,1,31990000,31990000
6517,56,2,6165500,12331000
6518,319,1,2990000,2990000
6519,43,1,9015500,9015500
6520,300,1,1890000,1890000
6521,32,1,10791000,10791000
6521,226,1,18040500,18040500
6522,238,1,36990000,36990000
6522,292,1,6490000,6490000
6523,205,1,6490000,6490000
6524,100,3,9490500,28471500
6525,194,1,6490000,6490000
6525,123,1,2365500,2365500
6526,111,1,7490000,7490000
6527,134,2,6490000,12980000
6528,100,1,9990000,9990000
6529,225,1,27990000,27990000
6529,13,1,27990000,27990000
6530,46,1,7990000,7990000
6530,208,1,120000,120000
6531,32,1,11990000,11990000
6532,231,1,35140500,35140500
6533,230,1,250000,250000
6533,117,1,10791000,10791000
6533,223,1,5391000,5391000
6534,291,1,3490000,3490000
6535,138,1,7490000,7490000
6536,121,1,190000,190000
6537,1,1,1890000,1890000
6538,64,1,18990000,18990000
6539,25,1,3490000,3490000
6540,140,1,4990000,4990000
6540,158,1,2840500,2840500
6541,92,1,225000,225000
6542,41,1,190000,190000
6543,84,1,9490000,9490000
6543,266,1,120000,120000
6544,202,3,11990000,35970000
6545,205,1,6490000,6490000
6545,71,1,11390500,11390500
6546,238,1,36990000,36990000
6547,166,1,3990000,3990000
6548,302,1,36990000,36990000
6549,150,1,12990000,12990000
6549,236,1,7990000,7990000
6549,287,1,4990000,4990000
6550,189,1,1890000,1890000
6551,56,1,6165500,6165500
6552,41,1,190000,190000
6552,308,1,22990000,22990000
6553,115,1,31990000,31990000
6553,69,1,4491000,4491000
6554,206,1,531000,531000
6554,88,1,7990000,7990000
6555,250,1,190000,190000
6556,248,1,11990000,11990000
6557,195,2,2490000,4980000
6558,104,1,17091000,17091000
6559,184,1,6165500,6165500
6560,45,1,9015500,9015500
6561,251,1,27990000,27990000
6562,79,1,171000,171000
6563,78,1,427500,427500
6564,314,1,25191000,25191000
6565,91,1,4491000,4491000
6566,92,1,250000,250000
6566,107,1,288000,288000
6567,99,3,12990000,38970000
6567,44,1,2840500,2840500
6568,112,2,26590500,53181000
6569,233,1,250000,250000
6569,294,2,5990000,11980000
6570,258,1,5990000,5990000
6571,94,1,5990000,5990000
6572,118,1,18990000,18990000
6573,104,1,17091000,17091000
6574,81,1,6165500,6165500
6574,243,1,18040500,18040500
6574,241,2,4131000,8262000
6575,187,3,4990000,14970000
6576,25,1,3141000,3141000
6577,3,1,590000,590000
6578,15,1,4740500,4740500
6579,289,1,11390500,11390500
6579,165,1,6490000,6490000
6580,194,1,6490000,6490000
6581,319,2,2990000,5980000
6582,76,1,22990000,22990000
6583,177,1,33291000,33291000
6584,115,1,31990000,31990000
6584,312,1,4990000,4990000
6585,228,1,2490000,2490000
6586,146,1,5990000,5990000
6587,135,1,5990000,5990000
6588,274,1,10791000,10791000
6588,175,1,2490000,2490000
6589,305,1,1795500,1795500
6590,319,1,2990000,2990000
6590,282,1,7191000,7191000
6590,15,1,4491000,4491000
6591,160,1,2990000,2990000
6592,70,1,1795500,1795500
6593,95,2,7990000,15980000
6593,121,1,190000,190000
6593,146,1,5990000,5990000
6594,137,1,3591000,3591000
6594,279,1,4590000,4590000
6595,316,1,2840500,2840500
6595,153,1,114000,114000
6596,83,1,27990000,27990000
6597,90,1,405000,405000
6598,85,1,27990000,27990000
6599,152,1,22990000,22990000
6599,115,1,30390500,30390500
6600,15,1,4491000,4491000
6600,153,1,114000,114000
6600,304,1,7990000,7990000
6601,90,1,427500,427500
6602,48,1,6490000,6490000
6603,19,1,11990000,11990000
6604,24,1,6490000,6490000
6605,56,1,6490000,6490000
6606,312,1,4990000,4990000
6606,280,1,4590000,4590000
6607,313,1,2490000,2490000
6607,226,1,17091000,17091000
6608,14,1,237500,237500
6609,197,1,750000,750000
6610,17,1,288000,288000
6611,194,1,6490000,6490000
6612,317,1,31990000,31990000
6613,280,1,4590000,4590000
6614,133,1,27990000,27990000
6614,61,1,675000,675000
6615,201,1,4491000,4491000
6615,259,1,35140500,35140500
6615,261,1,9490000,9490000
6616,197,1,675000,675000
6617,295,1,750000,750000
6618,91,1,4990000,4990000
6619,9,1,320000,320000
6620,91,1,4740500,4740500
6620,80,1,9490000,9490000
6620,203,1,27990000,27990000
6621,5,1,7990000,7990000
6621,140,2,4990000,9980000
6622,157,1,7990000,7990000
6622,120,1,3490000,3490000
6623,276,1,6490000,6490000
6623,119,1,114000,114000
6624,279,2,4131000,8262000
6624,233,1,225000,225000
6625,64,1,18990000,18990000
6626,173,1,18990000,18990000
6627,115,1,28791000,28791000
6628,7,1,6490000,6490000
6629,50,1,9490000,8541000
6630,166,1,3790500,3790500
6631,141,1,6490000,6490000
6631,88,1,7191000,7191000
6632,246,1,675000,675000
6633,143,1,2490000,2490000
6634,229,2,225000,450000
6634,139,1,9015500,9015500
6635,140,1,4990000,4990000
6635,81,1,6490000,6490000
6636,163,1,18990000,17091000
6637,296,1,21840500,21840500
6637,76,1,22990000,22990000
6638,228,1,2490000,2490000
6639,196,1,4990000,4990000
6640,26,1,31990000,31990000
6641,265,1,30390500,30390500
6642,1,1,1701000,1701000
6643,306,1,1890000,1890000
6644,252,1,225000,225000
6645,111,1,7490000,7490000
6646,171,1,2365500,2365500
6647,59,1,4990000,4990000
6648,8,1,1890000,1890000
6649,118,1,17091000,17091000
6650,288,1,3591000,3591000
6650,249,1,304000,304000
6651,175,1,2241000,2241000
6652,141,2,6490000,12980000
6652,218,2,1890000,3780000
6653,319,1,2990000,2990000
6653,252,1,250000,250000
6653,135,2,5990000,11980000
6654,297,1,9490000,9490000
6655,259,1,36990000,36990000
6656,129,1,2840500,2840500
6656,104,1,18990000,18990000
6657,154,2,21840500,43681000
6658,164,1,3990000,3990000
6659,320,1,320000,320000
6660,223,1,5990000,5990000
6661,169,1,3315500,3315500
6662,75,1,6490000,6490000
6663,18,1,9490000,9490000
6664,228,1,2490000,2490000
6664,59,1,4491000,4491000
6665,19,2,11990000,23980000
6666,37,1,120000,120000
6667,249,1,288000,288000
6667,194,1,5841000,5841000
6668,159,1,12340500,12340500
6668,148,1,5990000,5990000
6669,195,2,2365500,4731000
6670,170,1,17091000,17091000
6671,2,1,36990000,36990000
6672,265,1,31990000,31990000
6672,286,1,3490000,3490000
6672,112,1,25191000,25191000
6673,312,1,4990000,4990000
6674,253,1,1890000,1890000
6675,49,1,2490000,2490000
6676,194,1,6490000,6490000
6676,84,1,9490000,9490000
6677,132,1,4990000,4990000
6677,250,1,190000,190000
6678,147,1,10791000,10791000
6679,206,1,560500,560500
6679,289,1,11990000,11990000
6680,145,1,2691000,2691000
6680,162,1,18040500,18040500
6680,27,1,11691000,10521900
6681,54,1,7115500,7115500
6682,6,1,5990000,5990000
6682,172,1,3315500,3315500
6683,307,1,3490000,3490000
6684,145,1,2691000,2691000
6685,52,1,190000,190000
6686,108,1,31990000,31990000
6687,202,1,11390500,11390500
6688,98,1,36990000,36990000
6689,309,1,36990000,36990000
6689,210,1,6490000,6490000
6690,166,1,3990000,3990000
6690,97,1,4131000,4131000
6691,240,1,5990000,5990000
6692,102,1,2241000,2241000
6693,242,1,5990000,5990000
6694,16,1,26590500,26590500
6694,267,1,9015500,9015500
6694,217,2,22990000,45980000
6695,153,1,120000,120000
6696,277,1,5841000,5841000
6697,63,1,5391000,5391000
6698,193,1,35140500,35140500
6699,296,1,20691000,20691000
6699,168,1,27990000,27990000
6700,167,1,36990000,36990000
6701,118,1,18990000,18990000
6702,32,1,10791000,9711900
6703,140,1,4740500,4740500
6704,236,1,7990000,7990000
6704,320,1,320000,320000
6705,7,2,6490000,12980000
6706,175,1,2490000,2490000
6706,106,1,7990000,7990000
6706,76,1,21840500,21840500
6707,69,1,4491000,4491000
6708,123,1,2490000,2490000
6709,43,1,9490000,9490000
6710,113,1,18990000,18990000
6711,72,1,7191000,7191000
6712,276,1,6490000,6490000
6713,68,2,1701000,3402000
6714,278,1,6490000,6490000
6714,51,1,450000,450000
6714,143,1,2365500,2365500
6715,279,1,4360500,4360500
6716,263,1,4990000,4990000
6717,284,1,2840500,2840500
6717,110,1,4990000,4990000
6717,134,1,6490000,6490000
6718,264,1,9490500,9490500
6719,286,1,3490000,3490000
6720,83,1,27990000,27990000
6720,257,1,11390500,11390500
6721,175,1,2241000,2241000
6722,127,1,6490000,6490000
6723,192,1,7590500,7590500
6724,147,1,10791000,10791000
6725,44,1,2990000,2990000
6726,196,1,4491000,4491000
6727,224,3,7990000,23970000
6728,234,1,7590500,7590500
6729,146,3,5990000,17970000
6730,161,1,17091000,17091000
6731,310,1,5990000,5990000
6732,53,1,9490000,9490000
6733,256,1,590000,590000
6734,271,1,6490000,6490000
6735,109,1,590000,590000
6735,248,1,11990000,10791000
6736,261,1,9490000,9490000
6737,18,1,9490000,9490000
6738,79,1,180500,180500
6739,311,1,3591000,3591000
6739,219,1,7990000,7990000
6740,18,1,8541000,8541000
6740,54,1,7490000,7490000
6741,244,2,28791000,57582000
6742,162,1,17091000,17091000
6743,158,1,2840500,2840500
6744,98,1,36990000,36990000
6745,232,1,750000,750000
6746,56,1,6490000,6490000
6747,200,2,27990000,55980000
6747,40,1,1701000,1701000
6748,148,1,5990000,5990000
6749,242,1,5990000,5990000
6750,138,2,7490000,14980000
6751,175,2,2490000,4980000
6752,203,1,27990000,27990000
6752,81,1,5841000,5841000
6753,215,2,27990000,55980000
6754,107,1,320000,320000
6755,284,1,2691000,2691000
6756,104,1,18990000,18990000
6757,200,1,25191000,25191000
6758,235,1,3315500,2983950
6759,39,1,31990000,31990000
6759,238,2,36990000,73980000
6760,257,1,11990000,11990000
6761,77,1,237500,237500
6762,49,1,2365500,2365500
6763,154,1,22990000,22990000
6763,18,1,8541000,8541000
6764,68,1,1701000,1701000
6765,249,1,304000,304000
6766,102,2,2490000,4980000
6767,251,1,27990000,27990000
6768,127,2,6490000,12980000
6769,285,1,2490000,2490000
6769,139,1,9015500,9015500
6770,191,1,4740500,4740500
6770,64,1,18990000,18990000
6770,304,1,7191000,7191000
6771,306,1,1890000,1890000
6771,252,1,225000,225000
6771,293,1,2990000,2990000
6772,310,1,5690500,5690500
6773,86,1,18990000,18990000
6774,129,1,2840500,2840500
6775,144,1,4990000,4990000
6776,28,1,4360500,4360500
6777,221,1,18990000,18990000
6778,98,1,36990000,36990000
6779,34,1,18990000,18990000
6780,47,1,6490000,6490000
6781,57,1,36990000,36990000
6782,74,1,5690500,5690500
6783,286,1,3141000,3141000
6784,72,1,7990000,7990000
6785,6,1,5690500,5690500
6786,29,1,250000,250000
6787,238,2,35140500,70281000
6788,22,3,4990000,14970000
6789,304,1,7990000,7990000
6789,202,1,11990000,11990000
6790,132,1,4491000,4491000
6790,69,1,4990000,4990000
6791,127,1,5841000,5841000
6792,140,1,4990000,4990000
6792,121,1,190000,190000
6793,308,1,22990000,22990000
6794,270,1,5690500,5690500
6795,288,1,3591000,3591000
6796,48,1,6165500,6165500
6796,286,1,3490000,3490000
6797,179,1,320000,352000
6798,19,1,11390500,11390500
6798,20,1,4590000,4590000
6798,159,1,12990000,12990000
6799,69,1,4990000,4990000
6800,272,1,9015500,9015500
6801,244,1,31990000,31990000
6801,114,1,31990000,31990000
6801,20,1,4590000,4590000
6802,299,1,3141000,3141000
6803,170,1,18990000,18990000
6803,190,1,2840500,2840500
6804,293,1,2990000,2990000
6805,123,1,2490000,2490000
6805,290,1,18990000,18990000
6806,121,1,190000,190000
6807,76,1,20691000,20691000
6807,178,1,2990000,2990000
6808,83,1,26590500,26590500
6808,267,1,8541000,8541000
6809,287,1,4990000,4990000
6810,200,1,27990000,27990000
6810,294,1,5690500,5690500
6810,92,1,250000,250000
6811,139,1,9490000,9490000
6812,62,1,27990000,27990000
6812,2,1,33291000,33291000
6813,66,1,675000,675000
6814,315,1,4131000,4131000
6815,14,1,225000,225000
6816,307,1,3141000,3141000
6817,6,1,5391000,5391000
6818,320,1,320000,320000
6819,60,1,11990000,11990000
6820,230,1,250000,250000
6821,114,2,30390500,60781000
6821,151,1,3490000,3490000
6822,312,1,4990000,4990000
6822,296,1,22990000,22990000
6823,162,1,18040500,18040500
6824,290,1,17091000,17091000
6825,165,1,5841000,5841000
6825,244,1,31990000,31990000
6826,165,1,5841000,5841000
6826,41,1,190000,190000
6826,174,1,4990000,4990000
6827,289,1,11990000,11990000
6828,124,1,2691000,2691000
6829,202,1,11390500,11390500
6829,79,1,190000,190000
6829,227,3,9990000,29970000
6830,250,1,180500,180500
6831,10,1,6490000,6490000
6832,29,1,225000,225000
6833,231,1,36990000,36990000
6834,106,1,7990000,7990000
6834,224,1,7990000,7990000
6835,18,1,9490000,9490000
6836,47,1,6490000,6490000
6837,31,1,5841000,5841000
6837,151,1,3490000,3490000
6838,290,1,17091000,17091000
6839,184,1,6490000,6490000
6839,23,1,36990000,36990000
6840,277,1,6165500,6165500
6841,154,1,22990000,22990000
6842,44,1,2990000,2990000
6843,51,1,450000,450000
6843,209,1,8991000,8991000
6844,164,2,3990000,7980000
6845,196,1,4990000,4990000
6846,295,1,750000,750000
6846,258,1,5990000,5990000
6847,169,1,3490000,3490000
6848,303,1,18990000,18990000
6849,296,1,22990000,22990000
6850,196,1,4740500,4740500
6850,302,1,33291000,33291000
6851,203,1,27990000,27990000
6852,275,1,5990000,5990000
6853,47,1,6165500,6165500
6854,93,1,7990000,7990000
6854,305,3,1890000,5670000
6855,102,2,2490000,4980000
6856,85,1,27990000,27990000
6857,241,1,4590000,4590000
6858,306,1,1890000,1890000
6859,63,1,5391000,5391000
6859,49,1,2365500,2365500
6860,255,1,27990000,27990000
6861,217,1,22990000,22990000
6862,273,2,11390500,22781000
6862,286,1,3490000,3490000
6863,314,1,25191000,25191000
6864,61,1,712500,712500
6865,67,1,18990000,18990000
6866,54,1,7490000,7490000
6867,285,1,2490000,2490000
6868,230,1,237500,237500
6869,316,3,2691000,8073000
6870,54,1,7490000,7490000
6870,17,1,304000,304000
6871,169,1,3490000,3490000
6871,29,1,237500,237500
6871,280,1,4360500,4360500
6872,16,1,26590500,26590500
6873,29,1,237500,237500
6874,243,1,18990000,18990000
6875,161,1,18990000,18990000
6876,118,2,18990000,37980000
6877,242,1,5690500,5690500
6878,227,1,9490500,9490500
6879,257,2,10791000,21582000
6880,26,1,28791000,28791000
6881,204,1,9490000,9490000
6882,124,3,2990000,8970000
6883,147,1,10791000,10791000
6883,166,1,3990000,3990000
6884,248,1,11990000,11990000
6885,14,1,250000,250000
6886,74,1,5990000,5990000
6887,166,1,3990000,3990000
6888,93,1,7590500,7590500
6889,210,1,6490000,6490000
6890,21,1,7990000,7990000
6891,169,2,3490000,6980000
6891,40,1,1890000,1890000
6892,133,1,27990000,27990000
6892,181,1,4740500,4740500
6892,49,1,2490000,2490000
6893,249,1,288000,288000
6894,273,1,11390500,11390500
6895,206,1,590000,590000
6895,102,3,2490000,7470000
6896,147,1,11990000,11990000
6897,109,1,531000,531000
6898,26,1,31990000,31990000
6899,68,1,1795500,1795500
6900,124,1,2990000,2990000
6901,124,1,2990000,2990000
6902,88,1,7590500,7590500
6903,214,1,26590500,26590500
6904,315,1,4360500,4360500
6905,316,1,2990000,2990000
6906,283,1,9490000,9490000
6907,43,1,9490000,9490000
6908,203,1,27990000,27990000
6909,2,1,33291000,33291000
6909,269,1,405000,405000
6909,126,1,5391000,5391000
6910,199,1,36990000,36990000
6911,207,2,3990000,7980000
6912,283,1,9015500,9015500
6912,258,1,5990000,5990000
6913,19,1,10791000,10791000
6914,136,1,4740500,4740500
6915,123,1,2365500,2365500
6915,112,1,26590500,26590500
6915,170,1,18040500,18040500
6916,39,1,31990000,31990000
6917,253,1,1795500,1795500
6918,130,1,7490000,7490000
6918,282,2,7990000,15980000
6918,239,1,6490000,6490000
6919,259,1,36990000,36990000
6920,28,1,4360500,4360500
6920,73,1,11390500,11390500
6921,163,1,18990000,18990000
6921,218,1,1890000,1890000
6921,58,1,7490000,7490000
6922,76,1,22990000,22990000
6923,232,1,675000,675000
6924,312,1,4990000,4990000
6924,161,1,17091000,17091000
6924,206,1,560500,560500
6925,185,1,2840500,2840500
6926,272,1,9490000,9490000
6927,252,1,250000,250000
6927,256,1,590000,590000
6928,215,1,27990000,27990000
6928,81,1,6490000,6490000
6929,120,1,3315500,3315500
6930,135,1,5990000,5990000
6931,41,1,171000,171000
6931,142,1,9490000,9490000
6931,244,1,31990000,31990000
6932,216,2,3591000,7182000
6933,54,1,6741000,6741000
6933,296,1,20691000,20691000
6934,71,2,11990000,23980000
6935,59,3,4990000,14970000
6935,280,1,4590000,4590000
6936,82,1,2365500,2365500
6937,63,1,5391000,5391000
6938,170,1,18990000,18990000
6939,194,2,6490000,12980000
6940,183,2,2241000,4482000
6940,266,1,108000,108000
6940,53,2,9490000,18980000
6941,312,1,4990000,4990000
6942,144,1,4990000,4990000
6942,91,1,4990000,4990000
6943,184,1,6490000,6490000
6944,245,1,9490000,9490000
6945,268,1,450000,450000
6945,98,1,36990000,36990000
6945,179,2,304000,608000
6946,20,1,4590000,4590000
6946,69,1,4990000,4990000
6947,39,1,28791000,28791000
6948,117,1,10791000,10791000
6948,17,1,304000,304000
6948,72,1,7590500,7590500
6949,108,1,31990000,31990000
6950,5,1,7990000,7990000
6950,168,1,27990000,27990000
6950,140,1,4990000,4990000
6951,66,1,712500,712500
6952,60,1,10791000,10791000
6952,221,1,18990000,18990000
6953,26,1,28791000,28791000
6953,196,1,4990000,4990000
6954,56,1,5841000,5841000
6955,312,1,4990000,4990000
6956,10,1,6490000,6490000
6957,91,1,4990000,4990000
6958,213,1,18990000,18990000
6959,237,1,9490000,9490000
6960,21,1,7590500,7590500
6961,223,1,5690500,5690500
6961,121,1,171000,171000
6962,42,1,8541000,8541000
6963,26,1,30390500,30390500
6964,269,1,427500,427500
6965,162,1,18990000,18990000
6966,82,1,2241000,2241000
6967,74,1,5990000,5990000
6968,36,1,190000,190000
6968,179,1,320000,320000
6969,178,1,2990000,2990000
6970,23,1,36990000,36990000
6971,109,1,590000,590000
6972,244,1,31990000,31990000
6972,5,2,7990000,15980000
6973,159,1,12990000,12990000
6974,109,1,590000,590000
6975,71,3,10791000,32373000
6976,316,1,2990000,2990000
6977,283,1,9490000,9490000
6978,243,2,18990000,37980000
6979,6,1,5990000,5990000
6979,96,1,2990000,2990000
6979,140,1,4990000,4990000
6980,217,1,22990000,22990000
6981,309,2,33291000,66582000
6982,154,1,22990000,22990000
6983,111,1,7490000,7490000
6984,255,1,27990000,27990000
6985,169,1,3490000,3490000
6986,298,1,6490000,6490000
6986,211,1,6490000,6490000
6987,129,1,2990000,2990000
6988,3,1,590000,590000
6988,243,2,18040500,36081000
6989,178,1,2990000,2990000
6989,117,1,10791000,10791000
6989,190,2,2990000,5980000
6990,194,1,6165500,6165500
6991,291,1,3315500,3315500
6992,151,1,3490000,3490000
6993,195,1,2365500,2365500
6994,134,1,5841000,5841000
6995,310,1,5990000,5990000
6996,161,1,18990000,18990000
6997,309,2,33291000,66582000
6998,267,1,9490000,9490000
6999,228,1,2490000,2490000
7000,300,1,1890000,1890000
7000,261,1,9490000,9490000
7001,61,1,675000,675000
7002,276,1,6490000,6490000
7002,314,1,26590500,26590500
7003,176,1,31990000,31990000
7004,88,1,7990000,7990000
7004,48,1,5841000,5841000
7005,259,1,35140500,35140500
7006,223,1,5990000,5990000
7007,12,2,27990000,55980000
7008,7,1,5841000,5841000
7008,106,1,7990000,7990000
7009,264,1,9990000,9990000
7010,81,1,6490000,6490000
7011,85,1,25191000,25191000
7012,183,2,2490000,4980000
7013,258,1,5990000,5990000
7014,14,1,225000,225000
7015,256,1,560500,560500
7015,140,1,4491000,4491000
7015,10,1,6490000,6490000
7016,79,1,180500,180500
7017,66,2,750000,1500000
7018,270,1,5690500,5690500
7018,22,1,4990000,4990000
7019,138,1,7490000,7490000
7019,310,1,5990000,5990000
7020,148,2,5990000,11980000
7021,212,2,7990000,15980000
7022,88,1,7990000,7990000
7023,239,1,5841000,5841000
7023,256,1,590000,590000
7024,111,1,6741000,6741000
7024,276,3,5841000,17523000
7025,101,1,18990000,18990000
7026,313,1,2365500,2365500
7027,130,1,7115500,7115500
7027,290,1,17091000,17091000
7028,284,1,2990000,2990000
7029,279,1,4590000,4590000
7030,136,1,4990000,4990000
7030,165,1,6490000,6490000
7031,241,1,4590000,4590000
7032,179,3,320000,960000
7033,131,1,27990000,27990000
7033,182,1,36990000,36990000
7034,115,1,30390500,30390500
7034,50,1,9015500,9015500
7035,194,2,6165500,12331000
7035,209,1,9990000,9990000
7035,223,1,5990000,5990000
7036,194,1,6490000,6490000
7036,264,1,9990000,9990000
7037,3,1,590000,590000
7038,312,1,4740500,4740500
7038,18,1,9015500,9015500
7039,315,1,4590000,4590000
7040,154,1,22990000,22990000
7041,218,1,1890000,1890000
7042,317,1,28791000,28791000
7042,299,1,3490000,3490000
7042,14,2,225000,450000
7043,47,1,6490000,6490000
7043,44,1,2990000,2990000
7044,108,1,31990000,31990000
7045,276,1,6490000,6490000
7046,60,1,10791000,10791000
7047,163,1,18990000,18990000
7048,127,1,5841000,5841000
7049,309,1,36990000,36990000
7050,182,1,36990000,36990000
7051,48,1,6490000,6490000
7052,12,2,27990000,55980000
7053,313,1,2490000,2490000
7053,221,1,18040500,18040500
7054,318,1,7990000,7990000
7055,212,1,7990000,7990000
7056,31,2,5841000,11682000
7057,280,1,4360500,4360500
7057,19,3,11390500,34171500
7058,285,1,2365500,2365500
7059,262,1,750000,750000
7060,217,1,21840500,24024550
7060,246,1,712500,712500
7060,209,1,8991000,8991000
7061,184,1,6490000,6490000
7061,19,1,10791000,10791000
7062,151,1,3141000,3141000
7063,296,1,22990000,22990000
7064,36,1,190000,190000
7065,182,1,36990000,36990000
7066,157,1,7590500,7590500
7066,198,3,11990000,35970000
7067,115,1,31990000,31990000
7068,128,1,450000,450000
7068,128,2,450000,900000
7069,43,1,9015500,9015500
7070,147,1,11990000,11990000
7071,152,1,22990000,22990000
7072,19,1,10791000,10791000
7073,108,1,30390500,30390500
7073,184,1,6490000,6490000
7074,295,1,675000,675000
7075,266,1,120000,120000
7076,46,2,7990000,15980000
7077,225,1,27990000,27990000
7077,318,1,7590500,7590500
7078,123,2,2490000,4980000
7078,53,2,9490000,18980000
7079,293,1,2990000,2990000
7079,38,1,11390500,11390500
7080,70,1,1795500,1795500
7081,97,1,4131000,4131000
7081,12,1,26590500,26590500
7081,281,1,3990000,3990000
7082,296,1,22990000,22990000
7083,264,1,9990000,9990000
7084,119,1,108000,108000
7085,278,3,6490000,19470000
7085,2,3,33291000,99873000
7086,217,1,22990000,22990000
7087,205,1,6490000,6490000
7088,146,1,5990000,5990000
7089,135,1,5391000,5391000
7090,275,1,5690500,5690500
7091,29,1,250000,250000
7092,12,1,26590500,26590500
7092,188,1,9990000,9990000
7093,239,1,6165500,6165500
7094,128,1,450000,450000
7094,289,3,11990000,35970000
7094,170,1,18990000,18990000
7095,268,1,405000,405000
7096,175,1,2490000,2490000
7097,230,1,237500,237500
7098,12,1,25191000,25191000
7098,177,1,36990000,36990000
7099,317,1,31990000,31990000
7099,43,1,9015500,9015500
7099,246,1,675000,675000
7100,128,1,450000,450000
7101,55,1,9990000,9990000
7102,182,1,36990000,36990000
7103,158,1,2691000,2691000
7104,114,3,31990000,95970000
7105,73,1,11390500,11390500
7106,97,1,4360500,4360500
7106,129,2,2990000,5980000
7107,32,1,11990000,11990000
7108,177,1,36990000,36990000
7109,225,1,27990000,27990000
7109,181,1,4990000,4990000
7110,138,1,7490000,7490000
7111,186,1,9015500,9015500
7112,202,1,11990000,11990000
7113,220,1,12340500,12340500
7113,247,3,11990000,35970000
7114,222,1,36990000,36990000
7115,305,1,1890000,1890000
7116,215,1,27990000,27990000
7117,306,1,1890000,1890000
7118,129,1,2990000,2990000
7118,65,1,18990000,18990000
7119,204,1,8541000,8541000
7120,283,1,9490000,9490000
7121,205,1,5841000,5841000
7122,213,1,17091000,17091000
7123,166,1,3990000,3990000
7124,104,1,17091000,17091000
7125,65,1,18040500,18040500
7126,193,1,36990000,36990000
7126,135,1,5990000,5990000
7126,144,1,4990000,4990000
7127,59,1,4990000,4990000
7128,234,1,7990000,7990000
7129,282,1,7191000,7191000
7130,12,1,27990000,27990000
7131,149,1,31990000,31990000
7132,304,1,7990000,7990000
7133,196,1,4990000,4990000
7134,120,3,3490000,10470000
7134,96,1,2990000,2990000
7135,278,1,6490000,6490000
7136,125,1,6490000,6490000
7137,12,1,27990000,27990000
7137,240,1,5990000,5990000
7137,136,1,4990000,4990000
7138,65,1,18990000,18990000
7139,183,1,2490000,2490000
7140,250,1,190000,190000
7140,150,1,12990000,12990000
7141,170,1,18990000,18990000
7141,101,1,18990000,18990000
7142,243,2,18040500,36081000
7142,169,1,3490000,3490000
7143,313,1,2490000,2490000
7144,21,2,7990000,15980000
7145,224,1,7990000,7990000
7145,83,1,25191000,25191000
7146,215,1,27990000,27990000
7146,29,1,250000,250000
7146,7,1,6490000,6490000
7147,319,1,2990000,2990000
7147,193,1,36990000,36990000
7147,130,1,7490000,7490000
7148,148,2,5690500,11381000
7149,222,2,36990000,73980000
7150,156,1,26590500,26590500
7151,229,1,250000,250000
7152,143,3,2490000,7470000
7153,130,1,7490000,7490000
7154,86,1,18040500,18040500
7155,192,1,7590500,7590500
7155,208,1,120000,120000
7156,292,1,6165500,6165500
7156,76,1,22990000,22990000
7156,238,1,35140500,35140500
7157,98,1,35140500,35140500
7158,160,1,2990000,2990000
7159,66,1,750000,750000
7160,54,1,7490000,7490000
7161,260,1,18990000,18990000
7162,143,2,2490000,4980000
7162,320,1,304000,304000
7163,4,1,304000,304000
7163,276,1,6490000,6490000
7163,119,2,114000,228000
7164,50,1,8541000,8541000
7164,261,1,9490000,9490000
7165,287,1,4990000,4990000
7165,290,1,18990000,18990000
7166,173,2,18990000,37980000
7167,33,1,250000,250000
7167,118,1,18990000,18990000
7168,306,1,1890000,1890000
7169,307,1,3141000,3141000
7169,304,1,7590500,7590500
7169,36,1,180500,180500
7170,21,1,7990000,7990000
7171,310,1,5990000,5990000
7171,170,2,18990000,37980000
7172,196,1,4491000,4491000
7173,280,1,4590000,4590000
7174,45,1,8541000,8541000
7174,81,1,6490000,6490000
7175,298,1,6490000,6490000
7176,253,1,1890000,1890000
7176,120,1,3490000,3490000
7177,147,1,11990000,11990000
7177,294,1,5690500,5690500
7178,278,1,6165500,6165500
7179,57,1,36990000,36990000
7180,136,1,4990000,4990000
7180,251,3,26590500,79771500
7181,6,1,5990000,5391000
7182,140,2,4990000,9980000
7183,10,1,6490000,6490000
7184,319,1,2691000,2691000
7184,111,1,6741000,6741000
7184,187,1,4740500,4740500
7185,1,1,1890000,1890000
7186,126,3,5990000,17970000
7187,247,1,10791000,10791000
7188,68,3,1890000,5670000
7188,221,1,17091000,17091000
7189,112,1,27990000,27990000
7189,170,1,18990000,18990000
7190,166,1,3990000,3990000
7191,132,1,4990000,4990000
7192,59,2,4990000,9980000
7193,99,1,12990000,12990000
7193,99,1,12990000,12990000
7194,104,1,17091000,17091000
7195,100,1,8991000,8991000
7195,115,1,31990000,31990000
7196,126,1,5391000,5391000
7196,249,1,320000,320000
7197,164,1,3790500,3790500
7198,287,1,4990000,4990000
7199,151,1,3141000,3141000
7199,91,2,4990000,9980000
7200,160,1,2691000,2691000
7201,11,1,36990000,36990000
7202,309,2,35140500,70281000
7203,42,1,8541000,8541000
7204,18,1,9490000,9490000
7205,258,1,5391000,5391000
7206,295,1,712500,712500
7207,255,1,25191000,25191000
7208,157,1,7990000,7990000
7208,224,1,7590500,7590500
7209,141,3,5841000,17523000
7210,201,1,4491000,4491000
7211,80,1,9490000,9490000
7211,84,1,9015500,9015500
7212,7,1,6490000,6490000
7212,236,1,7590500,7590500
7213,211,1,5841000,5841000
7213,86,1,18990000,18990000
7214,65,1,17091000,17091000
7214,269,1,405000,405000
7214,138,1,7490000,7490000
7215,70,1,1890000,1890000
7216,71,1,11390500,11390500
7217,66,1,675000,675000
7218,99,1,11691000,11691000
7219,312,1,4491000,4491000
7220,60,1,11390500,11390500
7221,65,1,17091000,17091000
7222,264,1,9990000,9990000
7223,104,1,18040500,18040500
7223,105,1,9490000,9490000
7223,96,1,2691000,2691000
7224,291,1,3490000,3490000
7225,211,1,6165500,6165500
7226,155,1,27990000,27990000
7227,66,1,750000,750000
7228,231,1,33291000,33291000
7229,168,1,25191000,25191000
7230,139,1,9490000,9490000
7231,100,1,9990000,9990000
7232,178,1,2990000,2990000
7232,288,2,3790500,7581000
7233,17,1,320000,320000
7233,267,1,9490000,9490000
7234,154,1,22990000,22990000
7235,88,1,7191000,7191000
7235,121,1,180500,180500
7236,140,1,4990000,4990000
7236,149,1,31990000,31990000
7236,17,1,320000,320000
7237,72,1,7990000,7990000
7238,76,1,22990000,22990000
7239,146,1,5990000,5990000
7239,203,1,26590500,26590500
7240,143,1,2490000,2490000
7241,236,2,7191000,14382000
7242,308,1,22990000,22990000
7243,173,1,17091000,17091000
7244,189,1,1890000,1890000
7245,24,1,5841000,5841000
7245,247,1,10791000,10791000
7246,190,1,2840500,2840500
7247,279,1,4590000,4590000
7247,223,1,5990000,5990000
7248,211,1,6490000,6490000
7249,77,1,250000,250000
7250,184,1,5841000,5841000
7251,177,1,36990000,36990000
7251,278,3,6165500,18496500
7252,275,1,5990000,5990000
7253,14,1,225000,225000
7254,78,2,450000,900000
7255,296,1,22990000,22990000
7255,175,2,2490000,4980000
7256,177,1,35140500,35140500
7257,286,1,3141000,3141000
7258,25,1,3490000,3490000
7258,162,1,18990000,18990000
7259,186,1,9015500,9015500
7260,264,1,9990000,9990000
7260,95,1,7990000,7990000
7261,47,2,6490000,12980000
7262,40,1,1795500,1795500
7263,121,1,190000,190000
7264,117,1,11990000,11990000
7265,22,1,4990000,4990000
7266,75,1,6490000,6490000
7267,159,1,12990000,12990000
7268,69,1,4990000,4990000
7269,227,1,9990000,9990000
7270,295,2,712500,1425000
7271,40,1,1890000,1890000
7272,244,1,31990000,31990000
7273,53,1,8541000,8541000
7274,124,1,2990000,2990000
7275,187,1,4990000,4990000
7276,191,1,4990000,4990000
7277,243,1,17091000,17091000
7278,316,1,2990000,2990000
7279,283,1,9015500,9917050
7280,56,1,6165500,6165500
7281,175,1,2490000,2490000
7282,83,1,27990000,27990000
7282,26,2,31990000,63980000
7283,297,2,9490000,18980000
7283,11,1,36990000,36990000
7283,300,1,1795500,1795500
7284,183,2,2490000,4980000
7285,197,1,750000,750000
7286,233,1,225000,225000
7287,78,1,450000,450000
7288,159,1,12990000,12990000
7289,242,1,5990000,5990000
7290,252,1,250000,250000
7290,308,1,21840500,21840500
7290,141,3,6490000,19470000
7291,239,1,6165500,6165500
7292,15,1,4740500,4740500
7293,3,1,531000,531000
7293,70,1,1701000,1701000
7294,88,1,7990000,7990000
7294,185,1,2691000,2960100
7295,298,1,5841000,5841000
7295,184,1,6490000,6490000
7295,125,1,6490000,6490000
7296,267,1,8541000,8541000
7296,244,1,31990000,31990000
7297,192,1,7990000,7990000
7298,188,1,9490500,9490500
7299,7,1,6490000,6490000
7300,15,1,4990000,4990000
7301,56,1,5841000,5841000
7302,123,1,2241000,2241000
7302,11,1,35140500,35140500
7303,216,3,3790500,11371500
7303,216,1,3990000,3990000
7303,252,1,250000,250000
7304,255,1,27990000,27990000
7305,265,1,31990000,31990000
7306,206,1,590000,590000
7307,221,1,18990000,18990000
7308,297,1,9490000,9490000
7309,242,1,5990000,5990000
7310,179,1,320000,320000
7311,130,1,6741000,6741000
7312,313,1,2241000,2241000
7313,96,1,2990000,2990000
7313,196,1,4990000,4990000
7314,124,1,2990000,2990000
7314,261,3,9490000,28470000
7314,279,1,4590000,4590000
7315,265,1,28791000,28791000
7316,149,1,31990000,31990000
7316,175,1,2490000,2490000
7316,179,1,320000,320000
7317,119,1,120000,120000
7318,71,1,11990000,11990000
7319,267,1,9490000,9490000
7320,132,2,4740500,9481000
7320,212,1,7590500,7590500
7321,203,1,27990000,27990000
7322,133,1,26590500,26590500
7323,168,1,27990000,30789000
7324,288,2,3990000,7980000
7325,270,1,5990000,5990000
7326,197,1,750000,750000
7327,77,1,225000,225000
7327,301,1,3591000,3591000
7328,11,1,35140500,35140500
7329,74,2,5990000,11980000
7330,126,1,5990000,5391000
7330,300,1,1890000,1890000
7330,202,1,11990000,11990000
7331,292,1,6490000,6490000
7332,286,1,3490000,3490000
7333,59,1,4990000,4990000
7334,74,2,5990000,11980000
7335,119,1,114000,114000
7336,166,1,3990000,3990000
7336,311,1,3790500,3790500
7337,255,1,27990000,27990000
7338,62,1,27990000,27990000
7339,101,1,18990000,18990000
7339,105,1,9490000,9490000
7340,265,1,31990000,31990000
7341,191,1,4740500,4740500
7341,38,1,11390500,11390500
7342,56,1,5841000,5841000
7342,4,1,304000,304000
7343,228,1,2490000,2490000
7344,20,1,4590000,4590000
7344,288,1,3591000,3591000
7344,219,1,7990000,7990000
7345,299,1,3490000,3490000
7345,134,1,6165500,6165500
7346,182,1,35140500,35140500
7347,190,1,2691000,2691000
7348,31,1,6490000,7139000
7349,308,1,20691000,20691000
7350,239,1,6490000,6490000
7350,304,1,7990000,7990000
7351,143,1,2365500,2365500
7352,300,1,1890000,1890000
7353,54,1,7490000,7490000
7353,21,1,7590500,7590500
7354,156,1,27990000,27990000
7355,170,1,17091000,17091000
7356,152,1,22990000,22990000
7356,52,1,171000,171000
7356,89,1,3315500,3315500
7357,280,1,4131000,4131000
7358,17,1,320000,320000
7359,238,1,36990000,36990000
7360,231,1,33291000,33291000
7360,245,1,9490000,9490000
7361,8,1,1890000,1890000
7361,254,1,7990000,7990000
7362,303,1,18990000,18990000
7363,211,1,5841000,5841000
7364,226,1,18040500,18040500
7364,87,1,4990000,4990000
7365,315,1,4590000,4590000
7365,126,1,5391000,5391000
7365,266,1,120000,120000
7366,181,1,4740500,4740500
7367,189,1,1890000,1890000
7368,282,1,7990000,7990000
7369,184,1,6490000,6490000
7370,242,1,5990000,5990000
7371,5,3,7990000,23970000
7372,248,1,11390500,11390500
7373,119,1,114000,114000
7374,15,1,4990000,4990000
7375,298,1,6490000,6490000
7376,274,1,11990000,11990000
7376,98,1,35140500,35140500
7377,227,1,9990000,9990000
7378,32,1,11990000,11990000
7379,33,1,250000,250000
7380,164,1,3591000,3591000
7381,38,1,10791000,10791000
7382,130,1,6741000,6066900
7383,196,1,4990000,4990000
7384,253,1,1890000,1890000
7384,5,1,7990000,7990000
7384,46,1,7990000,7990000
7385,240,1,5690500,5690500
7386,204,1,8541000,8541000
7386,82,1,2490000,2490000
7387,129,1,2990000,2990000
7388,320,1,320000,320000
7389,63,1,5391000,5391000
7390,216,1,3990000,3990000
7391,261,1,8541000,8541000
7392,76,1,22990000,22990000
7393,3,1,560500,560500
7394,265,1,28791000,28791000
7394,292,1,6490000,6490000
7395,313,1,2490000,2490000
7396,282,1,7990000,7990000
7397,306,1,1701000,1701000
7398,180,1,2990000,2990000
7399,206,1,590000,590000
7400,74,1,5391000,5391000
7400,162,1,18040500,18040500
7401,319,1,2691000,2691000
7402,101,1,17091000,17091000
7402,103,1,22990000,22990000
7403,11,1,36990000,36990000
7404,100,1,9990000,9990000
7405,28,1,4360500,4360500
7406,74,1,5990000,5990000
7407,12,1,26590500,26590500
7407,116,1,18040500,18040500
7407,56,1,6490000,6490000
7408,211,1,6165500,6165500
7409,125,1,5841000,5841000
7410,263,1,4990000,4990000
7411,103,1,21840500,21840500
7411,104,1,18990000,18990000
7412,247,1,10791000,10791000
7412,189,1,1890000,1890000
7413,180,1,2990000,2990000
7414,236,1,7990000,7990000
7414,41,1,190000,190000
7415,233,1,250000,250000
7416,86,1,18990000,18990000
7417,302,1,36990000,36990000
7418,44,1,2990000,2990000
7419,171,1,2490000,2490000
7419,13,1,27990000,27990000
7419,92,1,250000,250000
7420,14,1,250000,250000
7420,170,1,17091000,17091000
7421,272,1,8541000,8541000
7422,80,1,9490000,9490000
7422,270,1,5990000,5990000
7423,249,1,320000,320000
7424,225,2,25191000,50382000
7424,178,2,2691000,5382000
7425,179,1,320000,320000
7426,299,1,3315500,3315500
7427,186,1,9490000,9490000
7428,60,1,11990000,11990000
7429,273,1,11990000,11990000
7430,157,2,7191000,14382000
7430,18,1,9490000,9490000
7431,54,1,6741000,6741000
7431,171,1,2490000,2490000
7432,156,1,27990000,27990000
7433,121,1,171000,171000
7433,17,1,320000,320000
7434,5,2,7590500,15181000
7435,20,1,4360500,4360500
7436,26,1,31990000,31990000
7436,120,1,3490000,3490000
7437,238,1,36990000,36990000
7438,201,1,4990000,4990000
7438,94,1,5990000,5990000
7439,166,1,3790500,3790500
7440,175,1,2490000,2490000
7441,66,1,712500,712500
7442,68,1,1701000,1701000
7442,86,1,17091000,17091000
7443,115,1,28791000,28791000
7444,145,1,2990000,2990000
7445,109,1,560500,560500
7445,165,1,5841000,5841000
7446,52,2,190000,380000
7446,287,1,4990000,4990000
7446,180,1,2990000,2990000
7447,126,3,5990000,17970000
7447,217,1,22990000,22990000
7448,262,1,675000,675000
7449,126,1,5990000,5990000
7450,56,1,6165500,6165500
7450,296,3,22990000,68970000
7451,70,2,1890000,3780000
7451,311,2,3990000,7980000
7452,51,1,450000,450000
7453,238,2,33291000,66582000
7454,114,1,31990000,31990000
7455,62,1,27990000,27990000
7456,180,1,2840500,2840500
7457,28,1,4590000,4590000
7458,297,1,9490000,9490000
7459,205,2,6490000,12980000
7460,143,1,2365500,2365500
7461,212,1,7990000,7191000
7461,189,1,1795500,1795500
7462,313,1,2490000,2490000
7463,67,2,17091000,34182000
7464,47,1,6490000,6490000
7464,79,1,190000,190000
7465,33,1,250000,250000
7465,254,1,7990000,7990000
7465,31,1,6165500,6165500
7466,270,1,5990000,5990000
7467,217,1,22990000,22990000
7468,60,1,11990000,11990000
7469,23,1,36990000,36990000
7470,25,1,3490000,3490000
7471,7,1,6490000,6490000
7472,124,1,2691000,2691000
7473,110,1,4990000,4990000
7474,270,1,5391000,5391000
7475,210,1,6490000,6490000
7475,269,1,405000,405000
7476,86,1,18040500,18040500
7477,53,1,8541000,8541000
7478,53,2,9015500,18031000
7478,206,1,560500,560500
7479,27,1,12990000,12990000
7480,167,1,35140500,35140500
7481,231,1,33291000,33291000
7482,96,1,2840500,2840500
7482,221,1,17091000,17091000
7482,269,1,450000,450000
7483,215,1,27990000,27990000
7484,204,1,8541000,8541000
7485,218,1,1890000,1890000
7486,292,1,6490000,6490000
7486,317,1,31990000,31990000
7486,158,1,2990000,2990000
7487,214,1,26590500,26590500
7488,101,1,18040500,18040500
7489,249,1,304000,304000
7490,19,1,11390500,11390500
7491,107,2,288000,576000
7492,100,1,9990000,9990000
7493,95,1,7990000,7990000
7494,89,1,3315500,3315500
7495,289,2,11990000,23980000
7496,201,1,4491000,4491000
7496,200,1,27990000,27990000
7496,176,1,31990000,31990000
7497,274,1,11990000,11990000
7497,84,3,9490000,28470000
7498,86,1,18990000,18990000
7499,72,2,7990000,15980000
7500,119,1,120000,132000
7501,103,1,22990000,22990000
7501,183,1,2490000,2490000
7502,179,1,320000,320000
7502,113,2,18990000,37980000
7503,74,1,5990000,5990000
7504,83,1,27990000,27990000
7505,125,1,6165500,6165500
7505,302,1,35140500,35140500
7506,178,1,2990000,2990000
7507,259,1,36990000,36990000
7508,135,2,5391000,10782000
7508,226,1,18040500,18040500
7509,231,1,33291000,33291000
7510,271,1,6165500,6165500
7511,139,1,8541000,8541000
7511,238,1,36990000,36990000
7511,88,1,7990000,7990000
7512,106,1,7590500,7590500
7513,200,1,26590500,26590500
7514,190,1,2990000,2990000
7515,72,1,7191000,7191000
7516,191,1,4491000,4491000
7517,208,3,108000,324000
7518,248,1,11990000,11990000
7519,201,1,4491000,4491000
7520,111,1,7115500,7115500
7521,180,3,2840500,8521500
7521,13,1,26590500,26590500
7522,285,1,2241000,2241000
7523,11,1,36990000,36990000
7523,5,1,7191000,7191000
7524,147,1,11990000,11990000
7525,41,1,190000,190000
7526,99,1,12990000,12990000
7527,231,1,36990000,36990000
7527,209,2,9490500,18981000
7528,85,1,25191000,25191000
7529,112,1,25191000,25191000
7530,101,1,18990000,18990000
7531,206,1,531000,531000
7532,238,3,35140500,105421500
7533,191,1,4740500,4740500
7534,223,1,5391000,5391000
7535,64,1,18990000,18990000
7535,191,1,4990000,4990000
7536,33,1,225000,225000
7536,20,1,4590000,4590000
7537,172,1,3490000,3490000
7538,293,1,2990000,2990000
7539,294,2,5990000,11980000
7540,251,2,25191000,50382000
7541,24,1,6490000,6490000
7541,189,1,1795500,1795500
7542,209,1,9990000,9990000
7542,16,1,25191000,25191000
7543,113,1,17091000,17091000
7544,149,1,28791000,28791000
7545,114,2,30390500,60781000
7545,33,1,225000,225000
7546,197,1,712500,712500
7547,83,1,26590500,26590500
7547,115,1,28791000,28791000
7548,161,1,18990000,18990000
7549,311,1,3790500,3790500
7549,167,1,35140500,35140500
7550,277,1,6165500,6165500
7551,112,1,25191000,25191000
7552,316,1,2691000,2691000
7553,124,1,2691000,2691000
7554,257,1,11390500,11390500
7555,106,1,7990000,7990000
7556,5,1,7990000,7990000
7557,100,1,9990000,9990000
7558,5,1,7990000,7990000
7558,155,1,26590500,26590500
7559,29,1,250000,250000
7560,189,1,1795500,1795500
7560,132,1,4491000,4491000
7561,68,2,1701000,3402000
7562,161,1,18990000,18990000
7563,136,1,4990000,4990000
7564,224,1,7990000,7990000
7565,260,1,18990000,18990000
7565,51,1,405000,405000
7565,4,2,288000,576000
7566,61,1,750000,750000
7567,273,1,11990000,11990000
7567,122,1,4990000,4990000
7568,196,2,4990000,9980000
7569,131,1,25191000,25191000
7570,112,2,27990000,55980000
7571,18,1,9015500,9015500
7572,214,1,26590500,26590500
7573,6,1,5690500,5690500
7574,316,1,2691000,2691000
7574,231,1,35140500,35140500
7575,119,1,120000,120000
7576,89,1,3490000,3490000
7576,132,2,4990000,9980000
7577,51,1,450000,450000
7578,285,1,2490000,2490000
7579,150,1,12340500,12340500
7580,2,1,36990000,36990000
7580,318,1,7990000,7990000
7581,114,1,28791000,28791000
7582,237,1,9015500,9015500
7583,82,2,2241000,4482000
7583,241,1,4131000,4131000
7584,203,1,27990000,27990000
7585,246,1,750000,750000
7585,219,1,7590500,7590500
7586,23,1,36990000,36990000
7587,46,1,7990000,7990000
7588,90,1,405000,405000
7589,254,1,7590500,7590500
7590,137,1,3990000,3990000
7591,252,1,237500,237500
7592,269,1,450000,450000
7593,309,1,36990000,36990000
7594,12,1,27990000,27990000
7595,243,1,18990000,18990000
7595,301,1,3990000,3990000
7595,240,1,5990000,5990000
7596,271,1,6490000,6490000
7596,97,1,4590000,4590000
7597,206,1,590000,590000
7597,216,1,3790500,3790500
7597,5,1,7590500,7590500
7598,238,1,36990000,36990000
7598,88,1,7990000,7990000
7599,291,1,3490000,3490000
7600,181,1,4990000,4990000
7601,87,1,4990000,4990000
7601,290,2,18040500,36081000
7601,240,1,5990000,5990000
7602,233,1,225000,225000
7603,277,3,6490000,19470000
7604,142,1,9015500,9015500
7604,150,1,11691000,11691000
7604,13,1,27990000,27990000
7605,318,1,7990000,7990000
7605,204,1,9015500,9015500
7605,39,2,31990000,63980000
7606,183,1,2490000,2490000
7606,97,3,4590000,13770000
7606,317,1,31990000,31990000
7607,162,1,18040500,18040500
7608,116,2,17091000,34182000
7609,102,1,2490000,2490000
7609,162,1,17091000,17091000
7610,126,1,5990000,5990000
7611,213,1,17091000,17091000
7612,278,3,5841000,17523000
7613,256,1,590000,590000
7614,319,1,2990000,2990000
7614,51,2,450000,900000
7614,56,1,6165500,6165500
7615,98,1,36990000,36990000
7616,133,1,27990000,27990000
7616,174,3,4990000,14970000
7616,183,2,2490000,4980000
7617,121,1,180500,180500
7618,54,1,6741000,6741000
7619,195,1,2365500,2365500
7620,6,1,5391000,5391000
7620,65,1,18990000,18990000
7621,283,1,8541000,8541000
7622,48,1,6165500,6165500
7622,42,2,9015500,18031000
7623,74,1,5690500,5690500
7624,55,1,8991000,8991000
7625,50,1,8541000,8541000
7626,64,1,18990000,18990000
7627,164,1,3790500,3790500
7627,113,1,18990000,18990000
7627,4,1,288000,288000
7628,271,1,6490000,6490000
7629,119,1,120000,120000
7629,18,1,9490000,9490000
7629,19,2,11990000,23980000
7630,41,1,190000,190000
7631,120,1,3490000,3490000
7631,149,1,31990000,31990000
7632,287,1,4740500,4740500
7633,216,1,3790500,3790500
7634,215,1,27990000,27990000
7635,77,1,250000,250000
7636,172,1,3490000,3490000
7636,293,1,2990000,2990000
7637,205,2,6490000,12980000
7638,304,1,7990000,7990000
7639,222,1,36990000,36990000
7639,104,1,18040500,18040500
7640,141,2,6490000,12980000
7641,211,1,6490000,6490000
7642,141,2,6490000,12980000
7643,318,1,7990000,7990000
7644,152,1,20691000,20691000
7645,40,1,1890000,1890000
7646,150,1,11691000,11691000
7646,58,1,6741000,6741000
7646,236,1,7990000,7990000
7647,154,1,22990000,22990000
7648,263,1,4491000,4491000
7649,143,1,2365500,2365500
7649,131,1,27990000,27990000
7650,243,1,17091000,17091000
7650,302,1,36990000,36990000
7650,82,1,2490000,2490000
7651,108,1,28791000,28791000
7652,174,1,4990000,4990000
7653,159,1,12990000,12990000
7654,95,3,7590500,22771500
7655,215,1,27990000,27990000
7655,276,2,6165500,12331000
7655,146,1,5990000,5990000
7656,273,3,11990000,35970000
7657,264,1,9990000,9990000
7658,173,1,17091000,17091000
7659,54,1,7490000,7490000
7660,52,1,190000,190000
7660,272,1,9015500,9015500
7661,160,1,2840500,2840500
7662,121,1,190000,190000
7662,251,1,27990000,27990000
7663,302,1,35140500,35140500
7663,166,1,3790500,3790500
7663,123,1,2490000,2490000
7664,23,1,36990000,36990000
7665,126,3,5990000,17970000
7666,136,1,4740500,4740500
7667,191,1,4491000,4491000
7668,30,1,6490000,6490000
7668,83,1,27990000,27990000
7669,290,1,17091000,17091000
7670,300,1,1701000,1701000
7670,186,1,9015500,9015500
7671,148,1,5990000,5990000
7672,242,2,5990000,11980000
7673,266,3,108000,324000
7674,25,1,3490000,3490000
7675,230,1,250000,250000
7676,300,1,1701000,1701000
7676,297,1,9490000,9490000
7677,69,1,4491000,4491000
7678,168,1,25191000,25191000
7679,295,1,712500,712500
7680,289,1,11990000,11990000
7681,261,1,9490000,9490000
7681,313,1,2490000,2490000
7682,22,1,4990000,4990000
7683,90,1,427500,427500
7684,261,1,9490000,9490000
7685,270,1,5990000,5990000
7686,129,3,2990000,8970000
7687,198,1,11990000,11990000
7688,292,1,6490000,6490000
7688,307,1,3490000,3490000
7689,128,1,450000,450000
7689,161,1,18040500,18040500
7690,281,1,3591000,3591000
7690,205,1,6165500,6165500
7691,191,1,4491000,4491000
7692,220,1,12340500,12340500
7693,208,1,114000,114000
7694,157,1,7990000,7990000
7694,82,2,2490000,4482000
7695,253,1,1890000,1890000
7696,118,1,18990000,18990000
7696,236,1,7990000,7990000
7697,151,1,3490000,3490000
7697,45,1,9015500,9015500
7698,153,1,120000,120000
7698,306,1,1890000,1890000
7699,296,1,22990000,22990000
7700,165,3,6490000,19470000
7700,306,1,1890000,1890000
7701,274,1,11390500,11390500
7702,247,1,10791000,10791000
7703,159,1,12990000,12990000
7703,123,1,2490000,2490000
7704,135,1,5990000,5990000
7705,198,1,11990000,11990000
7706,158,1,2990000,2990000
7707,289,1,11390500,11390500
7708,175,1,2490000,2490000
7708,227,1,8991000,8091900
7709,92,1,225000,225000
7709,159,1,12990000,12990000
7710,81,1,6165500,6165500
7711,205,1,6490000,6490000
7711,257,1,11990000,11990000
7711,60,1,11390500,11390500
7712,6,1,5690500,5690500
7712,121,1,180500,180500
7713,274,1,11990000,11990000
7714,112,1,25191000,25191000
7715,82,1,2490000,2490000
7716,307,2,3315500,6631000
7716,270,1,5990000,5990000
7717,247,2,11390500,22781000
7718,254,1,7191000,7191000
7719,34,1,18990000,18990000
7719,15,1,4491000,4491000
7719,205,1,6490000,6490000
7720,131,1,27990000,27990000
7721,276,1,6165500,6165500
7721,106,1,7590500,7590500
7722,267,1,9490000,9490000
7723,259,1,33291000,33291000
7724,301,1,3790500,3790500
7725,94,1,5990000,5990000
7725,318,2,7191000,14382000
7726,263,1,4491000,4491000
7727,84,1,8541000,8541000
7727,54,1,7115500,7115500
7727,273,1,11990000,11990000
7728,136,1,4990000,4990000
7729,194,2,5841000,11682000
7730,284,1,2990000,2990000
7730,185,1,2990000,2990000
7731,97,1,4590000,4590000
7732,286,1,3490000,3490000
7732,146,2,5690500,11381000
7733,216,1,3990000,3990000
7734,223,1,5690500,5690500
7735,166,1,3990000,3990000
7735,14,1,250000,250000
7736,307,1,3315500,3315500
7737,205,1,6165500,6165500
7738,75,1,6490000,6490000
7738,24,1,6490000,6490000
7739,282,1,7990000,7990000
7740,122,1,4491000,4491000
7741,300,1,1795500,1795500
7742,149,1,28791000,28791000
7742,290,1,17091000,17091000
7743,100,1,9990000,9990000
7744,235,2,3490000,6980000
7745,97,1,4590000,4590000
7746,98,1,36990000,36990000
7747,268,1,405000,405000
7747,2,1,35140500,35140500
7748,304,3,7990000,23970000
7749,46,1,7990000,7990000
7750,82,3,2490000,7470000
7751,100,1,8991000,8991000
7752,34,1,18040500,18040500
7753,112,1,27990000,27990000
7754,169,1,3141000,3141000
7755,298,1,6490000,6490000
7755,215,1,27990000,27990000
7755,243,1,18040500,18040500
7756,278,1,6490000,6490000
7757,4,1,320000,320000
7758,278,1,6490000,6490000
7759,259,1,36990000,36990000
7759,94,1,5690500,5690500
7759,181,1,4990000,4990000
7760,193,1,36990000,36990000
7761,15,1,4990000,4990000
7762,76,1,22990000,22990000
7762,238,2,35140500,70281000
7763,115,1,28791000,28791000
7764,88,1,7191000,7191000
7765,240,1,5990000,5990000
7766,269,3,427500,1282500
7767,188,2,9490500,18981000
7767,100,1,9990000,9990000
7768,233,1,237500,237500
7768,316,3,2990000,8970000
7769,262,1,712500,712500
7769,69,1,4740500,4740500
7769,108,2,31990000,63980000
7770,249,2,320000,640000
7770,260,2,18990000,37980000
7771,277,1,6165500,6165500
7772,159,1,12990000,12990000
7772,166,1,3990000,3990000
7773,176,1,30390500,30390500
7774,183,1,2490000,2490000
7774,178,1,2990000,2990000
7774,157,1,7191000,7191000
7775,288,1,3990000,3990000
7775,119,3,120000,360000
7776,107,1,320000,320000
7777,54,1,7115500,7115500
7777,262,1,675000,675000
7778,118,1,18990000,18990000
7779,178,1,2990000,2990000
7780,115,1,31990000,31990000
7781,133,1,27990000,27990000
7781,117,1,10791000,10791000
7782,262,1,712500,712500
7783,167,1,33291000,33291000
7784,185,1,2990000,2990000
7785,194,1,6165500,6165500
7785,46,1,7990000,7990000
7786,173,1,18990000,18990000
7787,96,1,2691000,2691000
7788,166,1,3990000,3990000
7789,298,1,6165500,6165500
7790,20,1,4590000,4590000
7790,104,1,18990000,18990000
7791,47,2,6490000,12980000
7791,239,1,6490000,6490000
7792,40,3,1795500,5386500
7793,169,1,3315500,3315500
7794,162,1,18990000,18990000
7794,307,1,3315500,3315500
7794,146,1,5990000,5990000
7795,122,1,4990000,4990000
7796,59,1,4491000,4491000
7797,229,1,250000,250000
7798,62,2,25191000,50382000
7799,173,1,18990000,18990000
7800,247,1,11990000,11990000
7801,26,1,31990000,31990000
7802,14,1,225000,225000
7802,264,1,9990000,9990000
7802,235,1,3490000,3490000
7803,283,1,9015500,9015500
7803,131,2,27990000,55980000
7804,117,1,10791000,10791000
7805,290,1,18990000,18990000
7805,293,1,2990000,2990000
7806,238,1,35140500,35140500
7806,152,1,22990000,22990000
7806,124,1,2691000,2691000
7807,268,1,450000,450000
7807,177,1,36990000,36990000
7808,105,1,9490000,9490000
7809,74,1,5690500,5690500
7810,79,1,180500,180500
7811,236,1,7590500,7590500
7812,53,1,9490000,9490000
7813,16,1,27990000,27990000
7814,49,2,2490000,4980000
7815,294,1,5391000,4851900
7816,96,1,2990000,2990000
7817,113,1,18990000,18990000
7818,103,1,20691000,20691000
7819,199,1,35140500,35140500
7820,59,1,4990000,4990000
7820,176,1,31990000,31990000
7821,107,1,320000,320000
7822,74,1,5391000,5391000
7823,196,1,4990000,4990000
7824,167,1,33291000,33291000
7825,68,1,1795500,1795500
7826,101,1,18990000,18990000
7827,103,1,22990000,22990000
7827,44,1,2691000,2691000
7828,176,1,31990000,31990000
7829,245,1,9015500,9015500
7830,267,1,8541000,8541000
7831,101,1,18990000,18990000
7832,141,1,6490000,6490000
7833,142,1,9490000,9490000
7834,19,1,10791000,10791000
7835,225,1,26590500,26590500
7836,65,1,18990000,18990000
7837,176,1,31990000,31990000
7838,171,1,2490000,2490000
7839,261,1,8541000,8541000
7840,13,1,27990000,27990000
7841,308,1,20691000,20691000
7842,210,1,6165500,6165500
7842,86,1,18040500,18040500
7843,317,1,28791000,28791000
7844,290,3,18990000,56970000
7844,45,1,8541000,8541000
7845,115,1,31990000,31990000
7845,123,1,2241000,2241000
7846,148,1,5690500,5690500
7847,86,1,17091000,17091000
7848,247,3,11990000,35970000
7848,226,1,17091000,17091000
7848,29,1,225000,225000
7849,15,1,4990000,4990000
7850,276,1,6490000,6490000
7851,12,1,26590500,26590500
7852,257,1,11990000,13189000
7852,101,1,18990000,18990000
7852,148,1,5990000,5990000
7853,119,1,114000,114000
7854,79,1,190000,190000
7855,310,1,5990000,5990000
7855,73,2,11390500,22781000
7856,313,1,2490000,2490000
7857,229,1,250000,250000
7858,182,1,36990000,36990000
7859,32,2,11990000,21582000
7860,148,1,5990000,5990000
7861,99,1,12990000,12990000
7862,255,1,26590500,26590500
7863,157,1,7990000,7990000
7864,213,2,17091000,34182000
7865,108,1,31990000,31990000
7866,132,1,4990000,4990000
7866,144,1,4990000,4990000
7867,86,1,18990000,18990000
7868,140,1,4491000,4491000
7869,152,1,20691000,20691000
7870,164,1,3990000,3990000
7871,108,1,31990000,31990000
7872,317,2,31990000,63980000
7872,301,1,3591000,3591000
7873,309,1,36990000,36990000
7874,2,1,35140500,35140500
7875,225,1,27990000,27990000
7875,257,1,11990000,11990000
7876,174,1,4990000,4990000
7877,253,1,1890000,1890000
7878,304,1,7990000,7990000
7879,292,1,6490000,6490000
7879,34,1,18990000,18990000
7880,53,1,9490000,9490000
7880,102,1,2241000,2241000
7881,141,2,6490000,12980000
7882,65,1,17091000,17091000
7883,283,1,9490000,9490000
7884,34,1,18990000,18990000
7885,30,2,6490000,12980000
7886,119,1,120000,120000
7886,303,1,18990000,18990000
7887,183,1,2490000,2490000
7888,252,1,237500,237500
7888,3,1,560500,560500
7889,188,1,9990000,9990000
7889,318,1,7990000,7990000
7889,164,1,3990000,3990000
7890,161,1,18990000,18990000
7890,100,1,9990000,9990000
7891,318,1,7191000,7191000
7892,123,1,2490000,2490000
7893,40,1,1890000,1890000
7894,126,2,5391000,10782000
7894,210,1,6490000,6490000
7894,319,2,2990000,5980000
7895,306,1,1890000,1890000
7896,195,1,2490000,2490000
7897,72,1,7191000,7191000
7898,155,1,26590500,26590500
7899,136,1,4491000,4491000
7899,109,1,590000,590000
7899,318,1,7990000,7990000
7900,228,1,2490000,2490000
7901,98,2,36990000,73980000
7902,233,1,250000,250000
7903,238,1,33291000,36620100
7904,142,1,9490000,9490000
7905,176,1,28791000,28791000
7906,135,1,5990000,5990000
7906,302,1,33291000,33291000
7907,247,1,11990000,11990000
7907,1,2,1890000,3780000
7908,192,1,7990000,7990000
7909,102,1,2490000,2490000
7909,45,1,9490000,9490000
7910,279,1,4590000,4590000
7911,309,1,35140500,35140500
7912,78,1,405000,405000
7912,105,1,9490000,9490000
7913,98,1,36990000,36990000
7914,166,1,3790500,3790500
7915,291,1,3490000,3490000
7916,135,1,5990000,5990000
7917,94,1,5690500,5690500
7918,275,1,5990000,5990000
7919,156,1,25191000,25191000
7920,138,1,7490000,7490000
7921,56,1,6165500,6165500
7922,306,1,1890000,1890000
7923,241,1,4590000,4590000
7924,147,2,11390500,22781000
7924,25,1,3141000,3141000
7925,121,1,190000,190000
7926,217,1,22990000,22990000
7926,281,1,3990000,3990000
7927,138,1,7115500,7115500
7928,67,1,18990000,18990000
7928,270,1,5990000,5990000
7929,255,1,26590500,26590500
7929,232,1,675000,675000
7929,67,1,18990000,18990000
7930,317,1,30390500,30390500
7931,19,1,11990000,11990000
7932,219,1,7191000,7191000
7932,59,1,4990000,4990000
7933,136,1,4990000,4990000
7934,34,1,17091000,17091000
7935,285,1,2490000,2490000
7936,290,1,17091000,17091000
7937,32,1,10791000,10791000
7937,13,1,26590500,26590500
7937,166,1,3990000,3990000
7938,198,1,11990000,11990000
7938,117,1,11990000,11990000
7938,304,1,7990000,7990000
7939,274,3,10791000,32373000
7940,208,3,120000,360000
7940,197,1,750000,750000
7941,46,1,7990000,7990000
7942,53,1,8541000,8541000
7943,247,1,11390500,11390500
7944,184,1,5841000,5841000
7945,23,1,36990000,36990000
7946,25,1,3490000,3490000
7947,256,1,531000,531000
7948,169,1,3141000,3141000
7949,183,1,2490000,2490000
7949,143,1,2365500,2365500
7950,212,1,7990000,7990000
7951,60,1,11990000,11990000
7952,119,1,120000,120000
7953,219,1,7590500,7590500
7954,148,2,5990000,11980000
7955,181,1,4740500,4740500
7955,240,1,5990000,5990000
7955,168,1,27990000,27990000
7956,83,1,27990000,27990000
7956,252,1,250000,250000
7957,87,1,4990000,4990000
7958,318,1,7990000,7990000
7959,171,1,2490000,2490000
7960,303,1,18990000,18990000
7961,84,1,9490000,8541000
7961,247,1,11990000,11990000
7962,115,2,28791000,51823800
7963,100,1,9990000,9990000
7964,172,1,3490000,3490000
7964,4,1,320000,320000
7965,32,1,11390500,11390500
7965,65,1,18990000,18990000
7966,220,1,12990000,12990000
7967,233,1,250000,250000
7967,310,2,5990000,11980000
7968,275,1,5391000,5391000
7969,298,1,6490000,6490000
7970,100,1,8991000,8991000
7971,201,1,4990000,4990000
7972,2,1,36990000,36990000
7973,47,1,6165500,6165500
7974,68,1,1890000,1890000
7975,113,1,18040500,18040500
7976,54,1,6741000,6741000
7977,167,1,36990000,36990000
7977,93,1,7191000,7191000
7978,168,1,27990000,27990000
7979,286,2,3490000,6980000
7980,77,1,250000,250000
7981,31,1,6490000,6490000
7982,50,1,8541000,8541000
7983,65,1,18990000,17091000
7984,279,1,4590000,4590000
7984,47,1,6165500,6165500
7985,87,1,4740500,4740500
7986,62,1,25191000,25191000
7987,57,1,36990000,36990000
7988,133,1,27990000,27990000
7989,300,1,1795500,1795500
7990,180,1,2990000,2990000
7990,13,1,25191000,25191000
7990,127,1,5841000,5841000
7991,147,1,11990000,11990000
7992,241,1,4590000,4590000
7993,312,1,4990000,4990000
7994,134,1,5841000,5841000
7995,105,1,9015500,9015500
7995,298,1,6165500,6165500
7996,226,1,17091000,17091000
7997,208,1,120000,120000
7998,136,1,4990000,4990000
7999,8,1,1890000,1890000
7999,307,1,3315500,2983950
7999,6,1,5990000,5990000
8000,209,1,9990000,9990000
8001,196,1,4491000,4491000
8002,69,2,4990000,9980000
8003,98,1,36990000,36990000
8004,241,1,4590000,4590000
8005,238,1,36990000,36990000
8006,132,1,4740500,4740500
8007,4,2,288000,576000
8008,24,1,6490000,6490000
8008,111,1,6741000,6741000
8008,213,2,18990000,37980000
8009,308,1,22990000,25289000
8009,47,1,6165500,6165500
8010,124,1,2840500,2840500
8011,304,1,7191000,7191000
8011,13,1,27990000,27990000
8011,2,1,36990000,36990000
8012,49,1,2490000,2490000
8013,55,1,8991000,8991000
8014,87,1,4491000,4491000
8015,84,1,9490000,9490000
8016,316,3,2840500,8521500
8017,249,1,304000,304000
8018,106,1,7590500,7590500
8018,36,1,190000,190000
8019,298,1,6490000,6490000
8020,100,1,9990000,9990000
8021,154,1,21840500,21840500
8022,32,1,11990000,11990000
8023,10,1,6490000,7139000
8024,26,3,28791000,86373000
8025,158,1,2691000,2691000
8026,23,1,36990000,36990000
8027,200,1,26590500,26590500
8028,270,1,5391000,5391000
8029,161,1,18990000,18990000
8029,85,1,25191000,25191000
8030,241,1,4590000,4590000
8031,16,1,27990000,27990000
8032,231,1,36990000,36990000
8033,293,1,2840500,2840500
8033,312,1,4990000,4990000
8034,263,1,4990000,4990000
8035,262,1,750000,750000
8036,275,1,5690500,5690500
8037,164,1,3591000,3591000
8037,253,1,1795500,1795500
8038,94,1,5990000,5990000
8039,270,1,5391000,5391000
8040,57,1,36990000,36990000
8041,72,1,7990000,7990000
8041,285,1,2490000,2490000
8042,106,1,7590500,7590500
8042,8,1,1701000,1701000
8043,33,1,250000,250000
8044,120,2,3141000,6282000
8045,228,1,2241000,2241000
8046,183,1,2490000,2490000
8047,231,1,33291000,33291000
8047,63,1,5690500,5690500
8048,275,1,5690500,5690500
8049,237,1,9490000,9490000
8049,27,1,11691000,11691000
8049,78,1,405000,405000
8050,56,1,5841000,5841000
8051,171,1,2490000,2490000
8052,205,1,6165500,6165500
8053,214,1,27990000,27990000
8053,293,1,2691000,2691000
8054,209,1,9990000,8991000
8055,7,1,6490000,6490000
8056,311,3,3990000,11970000
8056,230,1,250000,250000
8057,179,1,320000,320000
8058,117,1,11390500,11390500
8058,54,1,7490000,7490000
8059,149,1,28791000,28791000
8060,160,1,2990000,2691000
8060,246,2,675000,1350000
8061,118,1,18990000,18990000
8062,180,1,2691000,2691000
8063,262,1,750000,750000
8063,230,1,237500,237500
8064,311,3,3591000,10773000
8064,279,1,4590000,4590000
8064,65,2,18040500,36081000
8065,195,1,2490000,2490000
8065,148,1,5690500,5690500
8066,98,2,35140500,70281000
8067,144,1,4740500,4740500
8067,154,1,22990000,22990000
8068,253,2,1795500,3591000
8068,55,1,9990000,9990000
8069,320,1,320000,320000
8069,106,1,7990000,7990000
8070,231,1,33291000,33291000
8071,303,1,18990000,18990000
8072,195,1,2365500,2365500
8073,48,1,6490000,6490000
8074,246,3,750000,2250000
8075,228,3,2490000,7470000
8075,196,1,4990000,4990000
8076,148,1,5990000,5990000
8077,163,2,18040500,36081000
8078,240,1,5990000,5990000
8079,205,1,6490000,6490000
8080,148,2,5391000,10782000
8080,306,1,1795500,1795500
8081,56,1,6490000,6490000
8081,234,1,7990000,7990000
8082,318,1,7990000,7990000
8082,216,1,3591000,3591000
8083,188,1,8991000,8991000
8084,248,1,11990000,11990000
8085,16,2,25191000,50382000
8085,126,1,5990000,5990000
8086,159,1,12990000,12990000
8087,86,1,17091000,17091000
8088,163,1,17091000,17091000
8088,204,1,9490000,9490000
8089,261,1,9490000,9490000
8090,320,1,288000,288000
8090,188,1,9990000,9990000
8091,3,1,590000,590000
8092,44,1,2840500,2840500
8093,158,1,2691000,2691000
8093,194,1,5841000,5841000
8093,26,1,31990000,31990000
8094,296,1,22990000,22990000
8095,205,1,5841000,5841000
8096,172,1,3141000,3141000
8097,58,2,7490000,14980000
8098,216,1,3990000,3990000
8098,297,1,9490000,9490000
8099,48,1,6490000,6490000
8100,273,1,11990000,11990000
8101,40,2,1701000,3402000
8102,89,1,3141000,3141000
8103,69,1,4491000,4491000
8104,182,1,36990000,36990000
8105,303,1,18990000,18990000
8106,16,1,27990000,27990000
8107,208,1,120000,120000
8107,74,1,5391000,5391000
8108,248,1,11990000,11990000
8109,229,1,225000,225000
8110,179,1,320000,320000
8111,209,1,9990000,9990000
8112,181,1,4990000,4990000
8113,72,1,7990000,7990000
8114,202,1,11990000,11990000
8114,139,1,9015500,9015500
8115,253,1,1701000,1701000
8115,252,1,250000,250000
8116,72,1,7590500,7590500
8117,78,1,450000,450000
8117,5,2,7990000,15980000
8118,291,1,3490000,3490000
8119,277,1,6490000,6490000
8119,41,2,180500,361000
8119,98,1,36990000,36990000
8120,255,1,27990000,27990000
8121,280,1,4131000,4131000
8121,167,1,36990000,36990000
8122,314,1,27990000,27990000
8123,220,3,12990000,38970000
8124,287,1,4990000,4990000
8125,302,1,36990000,36990000
8126,303,1,18990000,18990000
8126,263,1,4990000,4990000
8127,78,2,405000,810000
8128,134,1,6490000,6490000
8129,53,1,9490000,9490000
8130,235,1,3141000,3141000
8131,83,1,27990000,27990000
8132,121,1,190000,190000
8133,298,1,5841000,5841000
8134,203,1,26590500,26590500
8135,218,2,1890000,3780000
8136,73,1,11390500,11390500
8136,163,1,18990000,18990000
8137,294,2,5690500,11381000
8138,17,1,320000,320000
8138,19,1,11990000,11990000
8139,108,1,31990000,31990000
8140,98,1,33291000,33291000
8141,106,1,7990000,7990000
8142,310,1,5990000,5990000
8143,50,1,9015500,9015500
8143,140,1,4990000,4990000
8144,6,1,5990000,5990000
8144,109,1,560500,560500
8144,269,1,450000,450000
8145,200,1,27990000,27990000
8146,318,1,7990000,7990000
8147,248,1,11990000,11990000
8148,310,1,5391000,5391000
8149,217,1,21840500,21840500
8150,296,1,20691000,20691000
8151,301,1,3990000,3990000
8152,59,1,4491000,4491000
8153,155,1,25191000,25191000
8154,19,3,11990000,35970000
8155,290,1,18040500,18040500
8156,219,2,7990000,15980000
8157,117,1,11990000,11990000
8158,201,1,4491000,4491000
8159,310,1,5690500,5690500
8160,3,2,590000,1180000
8160,160,1,2840500,2840500
8161,225,1,27990000,27990000
8161,181,1,4990000,4990000
8162,43,1,9490000,9490000
8162,89,1,3490000,3490000
8163,129,1,2990000,2990000
8164,250,1,171000,171000
8165,157,1,7191000,7191000
8165,154,1,21840500,21840500
8166,213,1,17091000,17091000
8166,76,2,20691000,41382000
8166,40,1,1701000,1701000
8167,85,1,27990000,27990000
8168,276,2,6490000,12980000
8169,152,1,22990000,22990000
8169,160,1,2990000,2990000
8169,195,1,2241000,2241000
8170,312,1,4990000,4990000
8171,212,1,7990000,7990000
8172,261,1,9490000,9490000
8173,220,1,11691000,11691000
8173,118,2,18040500,36081000
8174,80,1,9015500,9015500
8175,295,1,712500,712500
8175,262,2,750000,1500000
8176,300,1,1701000,1701000
8177,30,1,6490000,6490000
8178,259,1,36990000,33291000
8179,224,1,7191000,7191000
8180,200,1,25191000,25191000
8181,166,1,3990000,3990000
8181,25,1,3490000,3490000
8182,30,1,6165500,6165500
8183,207,1,3990000,3990000
8184,35,1,7990000,7990000
8185,119,1,120000,120000
8186,181,1,4740500,4740500
8187,64,1,18990000,18990000
8188,47,1,6490000,6490000
8189,90,1,405000,405000
8190,124,1,2691000,2691000
8190,121,1,190000,190000
8190,205,1,6165500,6165500
8191,277,1,6490000,6490000
8192,85,2,26590500,53181000
8192,194,1,5841000,5841000
8193,148,1,5990000,5990000
8194,200,1,25191000,25191000
8195,227,1,9490500,9490500
8196,1,1,1795500,1795500
8196,106,1,7990000,7990000
8197,277,2,6490000,12980000
8197,81,1,6165500,6165500
8197,85,1,26590500,26590500
8198,187,1,4740500,5214550
8199,236,1,7990000,7990000
8200,158,1,2990000,2990000
8200,5,2,7990000,15980000
8201,222,1,33291000,33291000
8202,277,1,5841000,5841000
8203,134,1,6490000,6490000
8204,40,1,1701000,1701000
8205,193,1,35140500,35140500
8206,305,1,1701000,1701000
8207,99,1,12990000,12990000
8208,176,1,31990000,31990000
8208,82,1,2241000,2241000
8209,29,1,225000,225000
8209,153,2,120000,240000
8209,209,1,9990000,9990000
8210,137,1,3990000,3990000
8211,303,1,18990000,18990000
8212,33,1,250000,250000
8213,10,1,6165500,6165500
8213,80,1,9490000,9490000
8214,202,1,11390500,11390500
8214,115,1,28791000,28791000
8215,249,2,304000,608000
8215,117,2,11390500,22781000
8216,304,1,7990000,7990000
8217,60,1,10791000,10791000
8218,177,1,35140500,35140500
8219,208,1,114000,114000
8219,92,2,225000,450000
8220,106,1,7990000,7990000
8221,122,1,4491000,4491000
8222,235,1,3141000,3141000
8222,26,1,30390500,30390500
8223,209,1,8991000,8991000
8224,37,1,120000,120000
8225,277,1,6490000,6490000
8226,191,1,4990000,4990000
8227,169,1,3490000,3490000
8228,308,1,22990000,22990000
8229,282,1,7990000,7990000
8230,231,2,36990000,73980000
8231,210,1,5841000,5841000
8232,41,1,190000,190000
8233,193,1,36990000,36990000
8233,224,1,7191000,7191000
8234,9,1,320000,320000
8234,259,1,35140500,35140500
8235,160,1,2840500,2840500
8236,305,2,1795500,3591000
8237,37,1,108000,108000
8238,5,1,7191000,7191000
8238,32,1,11990000,11990000
8239,283,1,9490000,9490000
8240,169,1,3315500,3315500
8241,8,1,1890000,1890000
8242,9,1,288000,288000
8243,80,1,9015500,9015500
8244,93,1,7990000,7990000
8245,79,1,171000,171000
8246,196,1,4740500,4740500
8247,85,1,27990000,27990000
8248,278,1,5841000,5841000
8249,194,1,6165500,6165500
8250,234,1,7990000,7990000
8251,271,1,6165500,6165500
8252,265,1,31990000,31990000
8252,142,1,9490000,9490000
8252,37,1,108000,108000
8253,238,1,33291000,33291000
8253,4,2,320000,640000
8254,122,2,4491000,8982000
8255,280,1,4590000,4590000
8255,139,1,9490000,9490000
8256,295,2,712500,1425000
8257,168,1,25191000,25191000
8258,151,2,3315500,6631000
8258,69,1,4990000,4990000
8259,192,1,7990000,7990000
8260,111,1,7490000,7490000
8260,232,1,750000,750000
8261,162,1,18040500,18040500
8262,109,1,560500,560500
8263,310,1,5690500,5690500
8263,132,1,4990000,4990000
8264,231,2,35140500,70281000
8265,116,1,17091000,17091000
8266,196,1,4990000,4491000
8266,135,2,5391000,10782000
8267,145,1,2691000,2691000
8268,175,1,2241000,2241000
8269,259,1,36990000,36990000
8269,143,1,2490000,2490000
8270,63,1,5990000,5990000
8270,224,1,7590500,7590500
8270,65,1,18990000,18990000
8271,32,1,11990000,11990000
8272,313,1,2241000,2241000
8273,40,1,1890000,1890000
8273,144,1,4990000,4990000
8273,238,1,35140500,35140500
8274,19,1,11990000,11990000
8274,239,1,6490000,6490000
8274,91,1,4990000,4990000
8275,269,1,450000,450000
8276,55,1,9990000,9990000
8276,20,1,4590000,4590000
8277,118,1,18990000,18990000
8278,75,1,6165500,6165500
8279,232,1,750000,750000
8280,166,1,3990000,3990000
8281,190,1,2990000,2990000
8282,108,1,31990000,31990000
8283,160,1,2840500,2840500
8283,259,2,35140500,70281000
8284,265,1,30390500,30390500
8285,220,1,12990000,12990000
8286,139,1,9015500,9015500
8286,52,1,190000,190000
8287,11,1,33291000,33291000
8288,72,1,7990000,7990000
8289,198,1,11390500,11390500
8290,130,1,6741000,6741000
8291,37,1,120000,120000
8292,83,1,27990000,27990000
8293,188,1,9490500,9490500
8293,212,1,7590500,7590500
8294,216,1,3790500,3790500
8294,145,1,2990000,2990000
8295,140,3,4740500,14221500
8296,81,1,6490000,6490000
8297,247,1,11990000,11990000
8298,317,1,31990000,31990000
8298,78,1,427500,427500
8298,298,1,5841000,5841000
8299,161,1,18990000,18990000
8299,132,1,4491000,4491000
8300,218,1,1795500,1795500
8301,204,1,9490000,9490000
8302,256,1,590000,590000
8303,213,1,18990000,18990000
8304,109,1,560500,560500
8305,30,1,5841000,5841000
8306,130,1,6741000,6741000
8307,86,1,18990000,18990000
8308,48,1,6490000,6490000
8309,61,3,750000,2250000
8310,245,1,8541000,8541000
8311,197,1,750000,750000
8312,213,1,18040500,18040500
8313,309,1,36990000,36990000
8314,67,1,18990000,18990000
8315,93,2,7990000,15980000
8316,236,1,7990000,7990000
8317,169,1,3315500,3315500
8318,46,1,7191000,7191000
8318,320,1,320000,320000
8319,66,1,675000,675000
8320,139,1,9490000,9490000
8320,27,1,12990000,12990000
8321,273,1,11990000,11990000
8322,119,1,114000,114000
8323,244,1,30390500,33429550
8324,177,1,36990000,36990000
8324,188,1,9990000,9990000
8325,302,1,35140500,35140500
8326,69,1,4740500,4740500
8326,238,1,36990000,36990000
8327,3,1,590000,590000
8328,257,1,11990000,11990000
8329,206,1,531000,531000
8330,181,2,4990000,9980000
8331,59,1,4740500,4740500
8331,92,1,237500,237500
8332,67,1,18990000,18990000
8333,258,1,5990000,5990000
8333,236,1,7990000,7990000
8334,122,1,4740500,4740500
8335,2,1,36990000,36990000
8336,66,2,712500,1425000
8336,313,1,2490000,2490000
8336,285,3,2490000,7470000
8337,189,1,1701000,1701000
8337,232,1,750000,750000
8337,274,1,10791000,10791000
8338,317,1,28791000,28791000
8339,161,1,17091000,17091000
8340,273,1,10791000,10791000
8340,59,1,4990000,4990000
8341,134,1,6490000,6490000
8341,223,1,5990000,5990000
8341,120,3,3315500,9946500
8342,146,1,5990000,5990000
8343,317,1,31990000,31990000
8344,279,1,4360500,4360500
8344,30,1,6490000,6490000
8345,300,1,1795500,1795500
8345,201,1,4990000,4990000
8346,316,1,2990000,2990000
8347,2,1,36990000,36990000
8348,195,1,2490000,2490000
8349,112,1,27990000,27990000
8349,214,1,25191000,25191000
8350,111,1,7115500,7115500
8351,304,1,7191000,7191000
8352,71,2,11390500,22781000
8353,123,1,2490000,2739000
8354,144,1,4990000,4990000
8354,274,1,10791000,10791000
8355,253,1,1795500,1795500
8356,141,1,6165500,6165500
8356,145,1,2691000,2691000
8357,246,1,712500,712500
8358,36,1,190000,190000
8358,107,1,304000,304000
8358,85,1,25191000,25191000
8359,135,1,5990000,5990000
8359,125,1,6490000,6490000
8360,256,1,590000,590000
8361,31,1,6165500,6165500
8361,276,1,6165500,6165500
8362,314,2,25191000,50382000
8363,155,1,27990000,27990000
8363,220,1,11691000,11691000
8364,136,1,4740500,4740500
8364,298,1,6490000,6490000
8364,103,1,21840500,21840500
8365,217,1,22990000,22990000
8366,5,1,7990000,7990000
8366,209,1,9990000,9990000
8367,27,1,12990000,12990000
8368,284,1,2691000,2691000
8369,110,1,4990000,4990000
8370,141,1,6490000,6490000
8371,203,1,25191000,25191000
8372,162,1,17091000,17091000
8373,138,1,7490000,7490000
8374,205,2,6490000,12980000
8375,180,1,2990000,2990000
8375,36,1,180500,180500
8375,318,1,7590500,7590500
8376,54,1,7490000,7490000
8377,77,1,225000,225000
8377,219,1,7191000,7191000
8378,94,1,5990000,5990000
8379,8,1,1795500,1795500
8379,231,1,36990000,36990000
8380,310,3,5391000,16173000
8381,159,1,12340500,12340500
8382,166,1,3990000,3990000
8383,314,1,25191000,25191000
8384,96,1,2990000,2990000
8385,115,1,31990000,31990000
8385,233,1,225000,225000
8386,247,1,11990000,11990000
8387,13,1,27990000,27990000
8387,2,1,36990000,36990000
8387,282,1,7191000,7191000
8388,208,1,120000,120000
8388,219,1,7590500,7590500
8389,175,1,2490000,2490000
8390,261,1,8541000,8541000
8391,160,1,2990000,2990000
8392,319,1,2990000,2990000
8393,210,1,6490000,6490000
8394,134,1,5841000,5841000
8394,119,1,120000,120000
8395,191,1,4990000,4990000
8395,113,2,18990000,37980000
8395,122,2,4990000,9980000
8396,278,1,5841000,5841000
8397,188,1,9990000,9990000
8398,157,2,7990000,15980000
8399,148,1,5990000,5990000
8400,169,1,3490000,3490000
8400,301,1,3990000,3990000
8400,234,1,7990000,7990000
8401,71,1,11990000,11990000
8402,219,2,7990000,15980000
8403,105,1,9490000,9490000
8404,182,1,36990000,36990000
8405,127,1,6165500,6165500
8406,290,1,18990000,18990000
8407,147,1,11390500,11390500
8408,166,1,3790500,3790500
8409,207,1,3990000,3990000
8409,236,1,7990000,7990000
8409,17,1,320000,320000
8410,193,1,36990000,36990000
8410,56,1,6490000,6490000
8411,248,1,11390500,11390500
8412,164,1,3591000,3591000
8412,104,1,18040500,18040500
8413,67,1,17091000,17091000
8413,7,1,5841000,5841000
8413,35,1,7590500,7590500
8414,194,1,6490000,6490000
8415,4,1,288000,288000
8416,202,1,11990000,11990000
8417,305,2,1890000,3780000
8417,157,1,7990000,7990000
8417,289,1,11990000,11990000
8418,125,2,6490000,12980000
8419,320,1,288000,288000
8419,136,2,4990000,9980000
8420,108,1,31990000,31990000
8420,311,1,3990000,3990000
8421,43,2,9490000,18980000
8422,76,1,20691000,20691000
8422,107,1,320000,320000
8422,145,2,2990000,5980000
8423,304,1,7191000,7191000
8423,16,1,27990000,27990000
8424,127,1,6165500,6165500
8425,193,1,33291000,33291000
8426,319,1,2990000,2990000
8426,110,2,4491000,8982000
8426,113,1,18990000,18990000
8427,217,1,22990000,22990000
8428,288,1,3591000,3591000
8428,192,1,7191000,7191000
8429,150,1,12340500,12340500
8430,34,1,18040500,18040500
8431,176,1,31990000,31990000
8432,121,1,190000,190000
8433,219,1,7590500,7590500
8434,297,1,9490000,9490000
8435,286,1,3490000,3490000
8436,220,1,12990000,12990000
8436,109,1,590000,590000
8437,17,1,320000,320000
8437,176,1,28791000,28791000
8438,144,1,4990000,4990000
8438,160,1,2990000,2990000
8439,193,1,36990000,36990000
8439,318,1,7191000,7191000
8439,179,1,320000,320000
8440,73,3,11390500,34171500
8440,105,1,9490000,9490000
8440,261,1,8541000,8541000
8441,206,1,560500,560500
8442,136,3,4740500,14221500
8443,144,1,4990000,4990000
8444,102,1,2241000,2241000
8445,91,1,4990000,4990000
8446,75,1,6490000,6490000
8447,55,1,9990000,9990000
8447,309,1,35140500,35140500
8448,120,1,3315500,3315500
8448,80,1,9490000,9490000
8449,52,1,190000,190000
8449,30,1,6490000,6490000
8450,126,3,5990000,17970000
8451,265,1,31990000,31990000
8452,178,1,2990000,2990000
8452,11,1,35140500,35140500
8452,189,1,1701000,1701000
8453,302,1,36990000,36990000
8454,5,1,7990000,7990000
8454,50,1,9490000,9490000
8455,212,1,7990000,7990000
8455,157,1,7990000,7990000
8456,103,1,22990000,22990000
8457,34,1,18990000,18990000
8457,80,2,9490000,18980000
8458,158,1,2990000,2990000
8459,98,1,35140500,35140500
8459,189,1,1701000,1701000
8460,298,2,6165500,12331000
8461,276,1,6490000,6490000
8461,110,1,4990000,4990000
8462,234,1,7990000,7990000
8463,243,1,17091000,17091000
8464,313,1,2490000,2490000
8465,7,1,5841000,5841000
8466,214,1,26590500,26590500
8466,48,1,5841000,5841000
8467,183,1,2490000,2490000
8468,243,1,18040500,18040500
8469,308,1,22990000,22990000
8470,192,1,7590500,7590500
8471,77,1,250000,250000
8471,309,1,36990000,36990000
8472,62,1,27990000,27990000
8472,259,1,33291000,33291000
8473,14,1,225000,225000
8473,192,1,7990000,7990000
8474,262,1,712500,712500
8474,152,1,22990000,22990000
8475,245,1,9015500,9015500
8476,302,1,36990000,36990000
8477,148,1,5990000,5990000
8477,313,1,2490000,2490000
8478,102,1,2490000,2490000
8478,230,1,250000,250000
8479,13,1,25191000,25191000
8479,268,1,450000,450000
8480,81,3,5841000,17523000
8481,297,1,9490000,9490000
8481,59,2,4990000,9980000
8481,260,1,18990000,18990000
8482,305,2,1795500,3591000
8482,70,1,1701000,1701000
8483,97,1,4590000,4590000
8484,37,1,120000,120000
8485,110,1,4990000,4990000
8486,38,1,11990000,11990000
8486,313,1,2241000,2241000
8487,63,1,5990000,5990000
8488,195,2,2490000,4980000
8489,178,1,2691000,2691000
8490,57,1,35140500,35140500
8491,51,1,405000,405000
8492,211,1,6490000,6490000
8492,63,1,5990000,5990000
8493,37,1,120000,120000
8494,313,1,2490000,2490000
8495,272,1,9490000,9490000
8496,74,1,5990000,5990000
8497,290,1,18990000,18990000
8498,59,1,4491000,4491000
8498,264,1,9990000,9990000
8499,88,1,7990000,7191000
8499,65,1,17091000,17091000
8500,318,1,7990000,7990000
8500,30,1,6490000,6490000
8501,116,1,18990000,18990000
8502,302,1,35140500,35140500
8503,167,2,36990000,73980000
8503,53,1,9490000,9490000
8504,59,1,4491000,4491000
8505,258,2,5391000,10782000
8506,54,1,6741000,6741000
8506,242,1,5990000,5990000
8507,213,1,18990000,18990000
8508,286,1,3490000,3490000
8508,101,1,18990000,18990000
8508,183,1,2241000,2241000
8509,172,1,3315500,3315500
8510,19,1,11990000,11990000
8511,193,1,36990000,36990000
8512,250,1,190000,190000
8513,92,1,250000,250000
8513,115,1,31990000,31990000
8514,96,1,2990000,2990000
8514,317,2,31990000,63980000
8515,33,1,250000,250000
8515,264,3,9990000,29970000
8516,156,1,27990000,27990000
8517,265,1,28791000,28791000
8518,112,1,25191000,25191000
8518,120,3,3490000,10470000
8518,254,1,7191000,7191000
8519,275,1,5990000,5990000
8520,210,2,6490000,12980000
8521,280,1,4360500,4360500
8521,178,1,2691000,2691000
8522,236,1,7590500,7590500
8523,195,1,2490000,2490000
8523,59,2,4990000,9980000
8524,211,2,6490000,12980000
8525,95,1,7191000,7191000
8525,316,1,2691000,2691000
8526,296,1,22990000,22990000
8526,211,2,6490000,12980000
8527,229,1,225000,225000
8527,237,1,9490000,10439000
8528,262,1,712500,712500
8529,293,1,2990000,2990000
8529,204,1,8541000,8541000
8530,252,1,250000,250000
8531,162,1,18990000,18990000
8532,177,1,36990000,36990000
8533,49,1,2365500,2365500
8533,251,1,27990000,27990000
8534,192,1,7590500,7590500
8534,250,1,190000,190000
8535,262,1,712500,712500
8535,31,1,5841000,5841000
8536,121,1,190000,190000
8537,5,2,7990000,15980000
8537,45,1,9490000,9490000
8537,14,1,250000,250000
8538,289,2,11990000,23980000
8539,96,1,2990000,2990000
8540,223,1,5990000,5990000
8541,303,1,17091000,17091000
8542,16,1,27990000,27990000
8543,288,1,3990000,3990000
8544,174,1,4990000,4990000
8545,187,1,4990000,4990000
8546,46,1,7990000,7990000
8547,41,1,180500,180500
8548,25,1,3315500,3315500
8549,39,2,31990000,63980000
8550,118,1,18990000,18990000
8551,235,1,3490000,3490000
8552,21,1,7990000,7990000
8553,164,1,3790500,3790500
8554,173,2,18990000,37980000
8554,132,3,4740500,14221500
8555,265,1,31990000,31990000
8556,293,2,2691000,5382000
8557,255,1,27990000,27990000
8558,143,1,2490000,2490000
8558,316,1,2990000,2990000
8558,278,1,6490000,6490000
8559,240,1,5990000,5990000
8560,218,1,1890000,1890000
8561,57,2,36990000,73980000
8562,306,1,1890000,1890000
8563,150,1,12340500,12340500
8563,60,1,11990000,11990000
8563,179,1,320000,320000
8564,183,1,2490000,2490000
8564,184,1,6490000,6490000
8565,314,1,27990000,27990000
8566,102,1,2490000,2490000
8567,313,2,2490000,4980000
8567,141,1,6490000,6490000
8568,71,1,11990000,11990000
8569,255,1,26590500,26590500
8569,125,1,5841000,5841000
8570,238,1,36990000,36990000
8570,41,1,180500,180500
8571,284,1,2691000,2691000
8572,169,1,3315500,3315500
8573,45,1,8541000,8541000
8574,146,1,5990000,5990000
8574,23,2,35140500,70281000
8574,73,1,11990000,11990000
8575,81,1,6490000,6490000
8575,127,2,6165500,12331000
8576,40,1,1701000,1701000
8577,282,1,7191000,7191000
8577,268,1,450000,450000
8577,79,1,190000,190000
8578,216,1,3990000,3990000
8579,115,1,30390500,30390500
8580,103,1,22990000,22990000
8581,29,1,250000,250000
8582,73,1,11990000,11990000
8582,187,3,4990000,14970000
8582,104,1,18040500,18040500
8583,103,1,22990000,22990000
8584,180,1,2840500,2840500
8584,306,1,1890000,1890000
8585,249,1,320000,320000
8586,302,1,35140500,35140500
8587,262,1,750000,750000
8587,312,1,4740500,4740500
8588,214,1,27990000,27990000
8589,52,1,180500,180500
8590,198,1,11990000,11990000
8591,64,1,18990000,18990000
8592,231,1,36990000,36990000
8593,233,2,225000,450000
8593,151,1,3490000,3490000
8594,75,1,6490000,6490000
8595,141,1,6165500,6165500
8595,224,1,7990000,7990000
8596,210,1,6490000,6490000
8597,185,1,2990000,2990000
8598,276,1,6165500,6165500
8599,310,1,5990000,5990000
8599,189,1,1795500,1795500
8600,112,1,27990000,27990000
8601,135,1,5990000,5990000
8602,197,1,750000,750000
8603,22,1,4990000,4990000
8604,142,1,9015500,9015500
8605,292,1,5841000,5841000
8605,61,2,675000,1350000
8605,180,1,2990000,2990000
8606,98,2,35140500,70281000
8607,36,1,171000,171000
8607,3,1,590000,590000
8608,61,1,750000,750000
8609,277,1,6490000,6490000
8610,207,1,3990000,3990000
8610,320,2,320000,640000
8610,82,1,2490000,2490000
8611,305,1,1890000,1890000
8612,304,2,7191000,14382000
8612,276,1,6490000,6490000
8613,81,1,6165500,6165500
8613,202,1,11390500,11390500
8614,13,1,27990000,27990000
8615,262,1,675000,675000
8616,164,2,3990000,7980000
8617,236,1,7590500,6831450
8617,32,1,11990000,11990000
8617,184,1,6490000,6490000
8618,130,1,6741000,6741000
8619,50,1,9015500,9015500
8620,159,1,12990000,12990000
8621,198,1,11990000,11990000
8621,203,1,25191000,22671900
8621,109,1,531000,531000
8622,141,1,5841000,5841000
8623,3,1,590000,590000
8624,51,1,450000,450000
8625,207,1,3790500,3790500
8626,148,1,5690500,5690500
8627,204,1,9490000,9490000
8628,178,1,2990000,2990000
8629,99,1,11691000,11691000
8629,13,1,27990000,27990000
8629,41,1,180500,180500
8630,104,1,18990000,18990000
8631,298,1,5841000,5841000
8632,211,1,6490000,6490000
8633,170,1,18990000,18990000
8634,239,1,5841000,5841000
8635,29,1,237500,237500
8636,282,1,7990000,7990000
8637,99,1,12990000,12990000
8638,104,1,18990000,18990000
8639,19,1,11990000,11990000
8639,12,1,27990000,27990000
8639,207,1,3591000,3591000
8640,83,1,26590500,26590500
8641,210,1,6490000,6490000
8642,222,1,35140500,35140500
8643,214,1,25191000,25191000
8644,263,1,4990000,4990000
8645,232,1,750000,750000
8646,163,1,18040500,18040500
8647,79,1,171000,171000
8648,248,2,10791000,21582000
8649,247,1,11990000,11990000
8649,54,1,7490000,7490000
8650,196,1,4990000,4990000
8651,216,2,3990000,7980000
8652,274,1,11990000,11990000
8653,265,1,30390500,30390500
8654,260,1,18040500,18040500
8655,172,1,3490000,3490000
8656,129,1,2990000,2990000
8657,77,1,225000,225000
8658,213,1,18040500,18040500
8659,293,1,2840500,2840500
8659,297,2,8541000,17082000
8660,149,1,31990000,31990000
8661,155,1,26590500,26590500
8661,95,1,7191000,7191000
8662,253,1,1795500,1795500
8663,75,1,5841000,5841000
8664,73,2,11990000,23980000
8665,278,1,6165500,6165500
8666,56,1,5841000,5841000
8667,271,1,6490000,6490000
8668,118,1,17091000,17091000
8669,202,1,11990000,11990000
8670,162,3,18990000,56970000
8671,192,1,7191000,7191000
8672,230,1,250000,250000
8673,49,1,2490000,2490000
8674,227,1,9490500,9490500
8674,103,1,21840500,21840500
8674,311,1,3990000,3990000
8675,271,1,6490000,6490000
8676,120,1,3315500,3315500
8677,170,1,18990000,18990000
8678,263,1,4740500,4740500
8679,225,1,25191000,25191000
8680,31,1,5841000,5841000
8681,51,1,405000,405000
8682,79,1,190000,190000
8683,30,1,6490000,6490000
8684,199,1,36990000,36990000
8685,226,1,17091000,17091000
8686,85,1,27990000,27990000
8687,156,1,27990000,27990000
8688,89,1,3490000,3490000
8688,198,1,11390500,11390500
8688,155,1,27990000,27990000
8689,168,2,25191000,50382000
8690,135,1,5990000,5990000
8691,162,1,18990000,18990000
8691,313,1,2490000,2490000
8692,180,1,2990000,2990000
8692,185,1,2990000,2990000
8693,201,1,4990000,4990000
8694,147,1,11390500,11390500
8695,2,1,36990000,36990000
8696,61,1,750000,750000
8696,151,1,3315500,3315500
8696,137,1,3790500,3790500
8697,279,1,4131000,4131000
8697,71,1,11990000,11990000
8698,313,1,2365500,2365500
8699,294,1,5990000,5990000
8699,176,1,31990000,31990000
8700,204,1,9490000,9490000
8701,102,1,2490000,2490000
8702,81,1,5841000,5841000
8703,151,1,3315500,3315500
8703,291,1,3490000,3490000
8704,90,1,405000,405000
8704,201,1,4990000,4990000
8705,245,1,8541000,8541000
8706,272,1,8541000,8541000
8707,19,1,11990000,11990000
8708,76,1,22990000,22990000
8709,115,2,30390500,60781000
8710,201,1,4740500,4740500
8711,62,1,25191000,25191000
8711,232,1,750000,750000
8712,249,1,320000,320000
8713,194,1,6490000,6490000
8714,224,1,7590500,7590500
8715,104,1,18990000,18990000
8716,181,1,4740500,4740500
8716,53,1,9015500,9015500
8716,144,1,4740500,4740500
8717,85,1,27990000,27990000
8718,153,3,120000,360000
8718,187,1,4990000,4990000
8719,202,2,11990000,23980000
8720,255,1,25191000,25191000
8721,177,1,36990000,36990000
8722,112,2,27990000,55980000
8722,15,1,4740500,4740500
8723,177,1,36990000,36990000
8724,43,1,9490000,9490000
8725,171,1,2490000,2490000
8725,297,1,9015500,8113950
8725,284,1,2990000,2990000
8726,85,1,26590500,26590500
8727,61,1,750000,750000
8727,47,1,6490000,6490000
8727,306,1,1890000,1890000
8728,47,1,6490000,6490000
8728,290,1,18040500,18040500
8729,213,3,18990000,56970000
8730,134,1,6490000,6490000
8731,18,1,9490000,9490000
8731,78,1,450000,450000
8732,35,1,7990000,7990000
8733,130,1,7490000,7490000
8734,28,1,4590000,4590000
8735,132,3,4740500,14221500
8736,100,2,9990000,19980000
8737,251,2,26590500,53181000
8737,177,1,33291000,33291000
8738,65,1,18990000,18990000
8739,220,1,12340500,12340500
8739,254,1,7990000,7990000
8740,84,1,9490000,9490000
8741,306,2,1701000,3402000
8741,82,1,2365500,2365500
8742,72,1,7990000,7990000
8742,199,2,35140500,70281000
8743,47,1,5841000,5841000
8744,118,1,18990000,17091000
8744,106,1,7590500,7590500
8745,30,1,6490000,6490000
8746,146,2,5990000,11980000
8746,93,1,7191000,7191000
8747,248,1,11990000,11990000
8747,264,1,9990000,9990000
8748,19,1,11390500,11390500
8749,192,2,7990000,17578000
8750,65,1,18990000,18990000
8751,14,1,225000,225000
8751,33,1,250000,250000
8752,310,1,5690500,5690500
8753,126,1,5690500,5690500
8754,31,3,6165500,18496500
8755,285,1,2490000,2490000
8756,181,1,4491000,4491000
8757,10,1,6490000,6490000
8757,148,1,5990000,5990000
8757,58,1,7490000,7490000
8758,24,1,6165500,6165500
8759,14,1,225000,225000
8760,274,1,10791000,10791000
8761,134,1,5841000,6425100
8762,110,1,4990000,4990000
8763,75,1,6490000,6490000
8764,185,1,2990000,2990000
8765,302,1,35140500,35140500
8766,133,1,27990000,27990000
8767,93,1,7990000,7990000
8768,315,2,4590000,9180000
8768,106,1,7990000,7990000
8769,273,1,11390500,12529550
8770,214,1,26590500,26590500
8771,142,1,9490000,9490000
8772,282,1,7590500,7590500
8773,142,1,9490000,9490000
8774,135,1,5690500,5690500
8775,294,1,5690500,5690500
8776,71,1,11990000,10791000
8777,283,1,9490000,9490000
8778,80,1,8541000,8541000
8779,79,1,171000,171000
8779,282,1,7990000,7990000
8780,91,3,4990000,16467000
8781,45,1,8541000,8541000
8781,16,1,25191000,25191000
8782,238,1,36990000,36990000
8782,67,1,18040500,18040500
8783,107,1,320000,320000
8784,316,1,2990000,3289000
8785,187,1,4740500,4740500
8786,300,1,1890000,1890000
8786,253,1,1890000,1890000
8787,91,1,4740500,4740500
8788,14,1,250000,250000
8789,265,1,31990000,31990000
8790,302,2,33291000,66582000
8791,15,1,4740500,4740500
8792,49,1,2490000,2490000
8793,320,1,320000,320000
8794,40,1,1890000,1890000
8795,32,2,11990000,23980000
8796,64,1,18990000,18990000
8797,99,2,12990000,25980000
8798,278,1,6490000,6490000
8798,52,1,180500,180500
8798,114,1,31990000,31990000
8799,231,3,35140500,105421500
8800,20,1,4131000,4131000
8801,247,2,11390500,22781000
8801,279,1,4360500,4360500
8802,194,1,6490000,6490000
8802,8,1,1890000,1890000
8803,299,1,3490000,3490000
8804,288,1,3990000,3990000
8804,91,1,4990000,4990000
8805,312,1,4491000,4491000
8806,99,1,12990000,12990000
8807,19,1,11990000,11990000
8808,290,1,18990000,18990000
8809,153,1,120000,120000
8810,54,1,6741000,6741000
8811,273,1,11390500,11390500
8812,126,1,5990000,5990000
8813,181,1,4990000,4990000
8813,65,1,18040500,18040500
8814,70,2,1701000,3402000
8814,86,1,17091000,17091000
8815,302,1,36990000,36990000
8816,146,1,5391000,5391000
8817,194,2,6490000,12980000
8818,102,2,2490000,4980000
8819,256,1,531000,531000
8819,3,1,590000,590000
8820,202,1,11390500,11390500
8821,133,2,27990000,55980000
8822,170,2,18990000,37980000
8823,40,1,1890000,1890000
8824,131,1,25191000,25191000
8824,261,1,9490000,9490000
8825,309,1,36990000,36990000
8825,139,1,9015500,9015500
8826,51,1,450000,450000
8827,258,1,5990000,5990000
8828,182,1,36990000,36990000
8828,215,1,27990000,27990000
8829,149,1,31990000,31990000
8830,196,2,4491000,8982000
8830,181,1,4740500,4740500
8831,177,1,33291000,33291000
8831,86,1,18040500,18040500
8832,239,1,6490000,6490000
8833,267,1,9490000,9490000
8834,96,1,2691000,2691000
8834,43,1,9490000,9490000
8835,82,1,2490000,2490000
8836,295,1,712500,712500
8837,279,1,4590000,4590000
8838,17,1,320000,320000
8839,49,1,2241000,2241000
8840,92,2,250000,500000
8841,118,1,18990000,18990000
8842,5,1,7590500,7590500
8843,16,1,26590500,26590500
8844,131,1,25191000,25191000
8845,31,2,5841000,11682000
8846,96,1,2840500,2840500
8847,263,1,4740500,4740500
8847,274,1,10791000,10791000
8848,54,1,7490000,7490000
8849,25,1,3490000,3490000
8850,13,1,27990000,27990000
8851,195,1,2241000,2241000
8852,152,1,21840500,21840500
8852,210,1,6490000,6490000
8852,218,1,1890000,1890000
8853,57,1,35140500,35140500
8854,193,2,36990000,73980000
8854,299,1,3315500,3315500
8855,237,3,9490000,28470000
8856,49,1,2490000,2490000
8856,193,1,35140500,35140500
8857,140,1,4990000,4990000
8857,128,1,450000,450000
8858,317,1,31990000,31990000
8859,47,1,6490000,6490000
8860,157,1,7990000,7990000
8861,221,1,18040500,18040500
8861,199,1,36990000,36990000
8862,299,1,3490000,3490000
8862,133,1,27990000,27990000
8863,127,1,6165500,6165500
8864,197,1,750000,750000
8865,264,1,9490500,9490500
8866,181,1,4740500,4740500
8867,7,1,6490000,6490000
8867,317,1,30390500,30390500
8868,161,1,18990000,18990000
8868,257,1,10791000,10791000
8869,147,1,11990000,11990000
8870,61,1,675000,675000
8871,96,1,2840500,2840500
8872,111,1,7490000,7490000
8872,51,1,450000,450000
8873,112,1,25191000,25191000
8873,253,1,1795500,1795500
8874,225,1,25191000,25191000
8875,90,1,405000,405000
8876,82,1,2490000,2490000
8876,287,1,4491000,4491000
8877,235,1,3141000,3141000
8878,192,1,7990000,7990000
8879,197,1,750000,750000
8880,74,1,5990000,5990000
8881,31,1,6490000,6490000
8882,150,1,11691000,11691000
8882,155,1,27990000,27990000
8883,171,1,2490000,2490000
8884,66,1,712500,712500
8885,64,1,18990000,18990000
8886,2,1,36990000,36990000
8887,286,1,3141000,3141000
8888,92,1,250000,250000
8889,251,1,26590500,26590500
8890,208,1,120000,120000
8891,33,1,250000,250000
8892,130,1,7115500,7115500
8892,6,1,5391000,4851900
8893,183,1,2365500,2365500
8894,129,1,2990000,2990000
8895,167,1,36990000,36990000
8896,260,1,18040500,18040500
8897,280,1,4590000,4590000
8898,138,1,7115500,7115500
8899,67,2,17091000,34182000
8900,223,1,5690500,5690500
8901,103,1,20691000,20691000
8902,131,1,26590500,26590500
8903,32,1,11390500,11390500
8904,148,1,5690500,5690500
8905,132,1,4990000,4990000
8906,117,2,11990000,23980000
8907,152,1,22990000,22990000
8907,73,1,11990000,11990000
8907,228,1,2241000,2241000
8908,198,1,11990000,11990000
8909,18,1,9490000,9490000
8910,195,2,2490000,4980000
8911,92,1,250000,250000
8911,223,1,5391000,5391000
8911,289,1,10791000,10791000
8912,107,1,288000,288000
8913,255,1,26590500,26590500
8913,78,1,450000,450000
8914,267,1,9490000,9490000
8914,267,1,9490000,9490000
8915,145,2,2990000,5980000
8916,227,2,9990000,19980000
8917,200,1,25191000,25191000
8918,288,1,3790500,3790500
8918,48,1,6490000,6490000
8919,125,1,6490000,6490000
8920,122,2,4990000,9980000
8920,248,1,11390500,11390500
8921,214,1,27990000,27990000
8921,190,1,2990000,2990000
8922,2,1,36990000,36990000
8923,120,1,3490000,3490000
8924,177,1,36990000,36990000
8925,254,1,7590500,7590500
8925,274,3,10791000,32373000
8926,12,1,27990000,27990000
8927,163,1,17091000,17091000
8928,226,1,18040500,18040500
8929,150,1,12990000,12990000
8930,39,1,31990000,31990000
8930,279,1,4360500,4360500
8930,298,2,6490000,12980000
8931,293,1,2840500,2840500
8932,27,1,12340500,12340500
8933,233,1,250000,250000
8934,91,1,4990000,4990000
8934,310,1,5990000,5990000
8935,179,1,288000,288000
8935,91,1,4990000,4990000
8936,179,1,304000,304000
8937,168,1,27990000,27990000
8938,160,2,2990000,5980000
8939,37,1,120000,120000
8940,260,1,17091000,17091000
8941,160,1,2691000,2691000
8941,244,1,31990000,31990000
8942,301,1,3990000,3990000
8943,202,1,11990000,11990000
8944,134,1,6490000,6490000
8945,269,1,450000,495000
8945,128,1,427500,427500
8945,22,1,4990000,4990000
8946,52,1,171000,171000
8947,212,1,7990000,7990000
8948,148,3,5990000,17970000
8948,306,1,1890000,1890000
8949,69,1,4990000,4990000
8950,61,1,750000,750000
8951,25,1,3490000,3490000
8952,123,1,2490000,2490000
8952,263,1,4990000,4990000
8953,23,2,35140500,70281000
8953,15,3,4990000,14970000
8954,234,1,7990000,7990000
8955,208,1,120000,120000
8956,152,1,22990000,22990000
8956,99,1,12990000,12990000
8957,72,1,7590500,7590500
8957,212,2,7191000,14382000
8958,52,1,190000,190000
8958,72,1,7590500,7590500
8959,276,1,6490000,6490000
8960,10,2,6165500,12331000
8960,102,1,2365500,2365500
8961,84,1,9490000,9490000
8962,68,1,1890000,1890000
8963,147,1,11390500,11390500
8964,176,1,31990000,31990000
8964,299,1,3490000,3490000
8965,102,1,2490000,2490000
8966,9,2,320000,640000
8966,228,1,2365500,2365500
8967,47,2,5841000,11682000
8968,155,1,26590500,26590500
8968,115,1,31990000,31990000
8969,318,1,7990000,7990000
8970,47,1,6490000,6490000
8971,202,1,11990000,11990000
8972,227,1,9990000,9990000
8972,151,1,3490000,3490000
8973,189,1,1701000,1701000
8973,73,1,10791000,10791000
8974,90,3,450000,1350000
8975,284,1,2990000,2990000
8975,135,1,5990000,5990000
8976,172,1,3490000,3490000
8977,305,2,1795500,3591000
8977,129,1,2840500,2840500
8978,292,1,6165500,6165500
8979,86,1,18990000,18990000
8980,210,1,5841000,5841000
8981,158,1,2840500,2840500
8981,236,1,7191000,7191000
8982,84,1,9490000,10439000
8983,37,3,120000,360000
8984,168,1,25191000,25191000
8984,239,1,6490000,6490000
8984,198,1,11990000,11990000
8985,213,1,17091000,17091000
8986,246,1,750000,750000
8986,62,1,26590500,26590500
8987,36,1,190000,190000
8988,133,2,27990000,55980000
8989,107,1,320000,320000
8990,251,1,27990000,27990000
8991,263,1,4990000,4990000
8992,231,1,35140500,35140500
8992,138,1,7490000,7490000
8993,100,1,9490500,9490500
8994,166,2,3990000,7980000
8995,139,1,9490000,9490000
8996,241,1,4590000,5049000
8997,197,1,675000,675000
8997,212,1,7990000,7990000
8998,186,1,8541000,8541000
8999,201,1,4990000,4990000
9000,312,1,4740500,4740500
9001,84,1,9015500,9015500
9002,303,1,18990000,18990000
9003,56,1,5841000,5841000
9004,98,1,33291000,33291000
9005,115,1,30390500,30390500
9006,61,1,712500,712500
9007,112,1,25191000,25191000
9008,67,1,18990000,18990000
9009,300,1,1701000,1701000
9010,312,2,4990000,9980000
9010,311,1,3790500,3790500
9011,229,1,250000,250000
9012,102,1,2365500,2365500
9012,132,1,4491000,4491000
9013,46,1,7990000,7990000
9014,242,1,5990000,5990000
9015,281,2,3990000,7980000
9016,23,1,36990000,36990000
9017,290,2,18990000,37980000
9017,257,1,11990000,11990000
9018,275,1,5391000,5391000
9019,4,1,288000,288000
9020,190,2,2990000,5980000
9021,5,1,7990000,7990000
9022,165,1,6490000,6490000
9023,3,2,531000,1062000
9024,6,1,5990000,5990000
9024,87,1,4990000,4990000
9025,92,1,250000,250000
9026,275,1,5990000,5990000
9027,130,1,7490000,7490000
9027,282,1,7990000,7990000
9028,122,3,4990000,14970000
9028,209,1,9990000,9990000
9028,189,1,1890000,1890000
9029,197,1,750000,750000
9030,218,1,1890000,1890000
9031,148,2,5990000,11980000
9031,25,2,3490000,6980000
9032,201,1,4990000,4990000
9033,318,1,7990000,7990000
9033,266,1,120000,120000
9034,295,1,712500,712500
9034,129,1,2990000,2990000
9034,78,1,427500,427500
9035,26,1,30390500,30390500
9036,21,1,7191000,7191000
9036,91,1,4990000,4990000
9037,205,1,6490000,6490000
9038,161,1,18040500,18040500
9039,220,1,12340500,12340500
9040,205,1,6165500,6165500
9040,36,1,190000,190000
9041,297,1,9490000,9490000
9042,66,2,750000,1500000
9042,241,2,4360500,8721000
9042,26,1,31990000,31990000
9043,291,1,3141000,3141000
9043,26,2,31990000,63980000
9044,181,1,4740500,4740500
9045,17,1,320000,320000
9045,223,1,5690500,5690500
9046,64,1,18040500,18040500
9047,17,1,320000,320000
9047,281,1,3990000,3990000
9048,112,1,25191000,25191000
9049,126,1,5990000,5990000
9050,74,1,5990000,5990000
9051,42,1,9490000,9490000
9052,102,1,2490000,2490000
9052,1,1,1890000,1890000
9053,147,1,11990000,11990000
9054,298,1,6165500,6165500
9055,159,1,12990000,12990000
9055,60,1,10791000,10791000
9056,199,1,36990000,36990000
9057,2,1,36990000,36990000
9058,51,1,427500,427500
9059,185,1,2840500,2840500
9060,171,2,2365500,4731000
9061,82,1,2490000,2490000
9061,38,1,11390500,11390500
9062,167,1,33291000,33291000
9063,169,1,3490000,3490000
9064,82,1,2241000,2241000
9065,106,1,7990000,7990000
9066,69,1,4990000,4990000
9067,228,2,2365500,4731000
9067,5,1,7990000,7990000
9068,226,1,18990000,18990000
9069,312,1,4990000,4990000
9070,256,1,590000,590000
9071,293,1,2990000,2990000
9072,55,1,8991000,8991000
9072,45,1,8541000,8541000
9073,194,1,6490000,6490000
9073,66,1,750000,750000
9074,318,1,7990000,7990000
9074,233,1,225000,225000
9075,296,3,22990000,68970000
9076,10,1,6165500,6165500
9077,219,1,7191000,7191000
9078,285,1,2490000,2490000
9079,198,1,11990000,11990000
9080,214,1,27990000,27990000
9081,189,3,1890000,5670000
9081,51,1,450000,450000
9082,81,2,6490000,12980000
9083,14,1,250000,250000
9084,104,1,17091000,17091000
9085,269,1,450000,450000
9085,260,1,18990000,18990000
9086,320,2,320000,640000
9087,133,2,27990000,55980000
9088,11,1,36990000,36990000
9088,308,1,21840500,21840500
9089,104,1,18990000,18990000
9090,50,1,9015500,9015500
9091,290,1,18990000,18990000
9092,298,2,6490000,12980000
9092,157,1,7191000,7191000
9092,116,1,17091000,17091000
9093,249,1,288000,288000
9094,317,1,31990000,31990000
9095,152,1,22990000,22990000
9095,136,1,4491000,4491000
9096,266,1,120000,120000
9096,205,1,6490000,6490000
9097,140,1,4491000,4491000
9098,166,1,3790500,3790500
9098,50,1,8541000,8541000
9099,233,1,237500,237500
9100,120,1,3315500,3315500
9101,292,1,6490000,6490000
9102,214,1,27990000,27990000
9103,8,1,1795500,1795500
9104,67,1,18990000,18990000
9104,85,1,25191000,25191000
9105,216,1,3591000,3591000
9105,69,1,4491000,4491000
9105,184,1,6490000,6490000
9106,249,1,320000,320000
9107,228,1,2490000,2490000
9108,92,1,225000,202500
9109,101,2,17091000,34182000
9110,205,1,6490000,6490000
9111,29,1,237500,237500
9112,144,1,4990000,4990000
9113,15,1,4491000,4491000
9114,115,1,28791000,28791000
9115,7,1,6490000,6490000
9115,105,1,9490000,9490000
9116,219,2,7990000,15980000
9117,179,1,320000,320000
9118,266,1,120000,120000
9119,94,3,5990000,17970000
9120,160,1,2990000,2990000
9121,28,1,4131000,3717900
9122,185,1,2990000,2990000
9123,108,1,30390500,30390500
9123,112,1,26590500,26590500
9123,17,1,320000,320000
9124,272,1,8541000,8541000
9124,31,1,6490000,6490000
9125,162,1,17091000,17091000
9125,130,1,6741000,6741000
9126,304,1,7990000,7990000
9127,123,1,2490000,2490000
9128,313,1,2490000,2490000
9129,202,2,11990000,23980000
9129,294,1,5690500,5690500
9130,27,1,12990000,12990000
9131,157,1,7990000,7990000
9132,206,1,531000,531000
9133,91,1,4990000,4990000
9133,147,1,11990000,11990000
9134,320,1,320000,320000
9134,58,1,6741000,6741000
9134,97,1,4131000,4131000
9135,137,1,3990000,3990000
9135,256,1,560500,560500
9136,66,1,712500,712500
9137,171,1,2490000,2490000
9137,26,1,31990000,31990000
9138,175,1,2490000,2490000
9138,38,1,11390500,11390500
9138,229,1,250000,250000
9139,1,2,1890000,3780000
9139,4,1,320000,320000
9140,169,1,3141000,3141000
9141,250,1,190000,190000
9141,188,1,9990000,9990000
9142,91,1,4990000,4990000
9142,215,1,27990000,27990000
9143,54,1,7490000,7490000
9144,242,1,5690500,5690500
9145,258,3,5990000,17970000
9146,287,1,4491000,4491000
9147,29,1,237500,237500
9148,271,1,5841000,5841000
9148,202,1,11990000,11990000
9149,50,1,9490000,9490000
9150,6,1,5990000,5990000
9151,187,1,4740500,4740500
9151,137,1,3990000,3990000
9152,162,1,18990000,18990000
9152,80,1,9490000,9490000
9153,119,1,120000,120000
9154,187,1,4740500,4740500
9155,160,1,2990000,2990000
9156,235,1,3490000,3490000
9156,230,2,225000,450000
9157,106,1,7590500,7590500
9158,238,1,36990000,36990000
9159,38,1,11990000,11990000
9160,125,1,6490000,6490000
9161,188,1,9990000,9990000
9162,21,1,7590500,7590500
9163,288,1,3990000,3990000
9163,85,1,27990000,27990000
9163,242,1,5990000,5990000
9164,320,3,320000,960000
9165,286,1,3490000,3490000
9166,120,1,3490000,3490000
9167,9,1,304000,304000
9167,41,1,190000,190000
9168,116,1,17091000,17091000
9169,111,1,6741000,6741000
9169,283,1,9490000,9490000
9170,229,1,225000,225000
9170,208,1,120000,120000
9171,21,1,7191000,7191000
9172,9,1,320000,320000
9173,277,1,6490000,6490000
9174,154,1,20691000,20691000
9174,42,1,9015500,9917050
9174,79,1,180500,180500
9175,205,1,6165500,6165500
9175,229,1,250000,250000
9176,38,1,11990000,11990000
9177,187,1,4990000,4990000
9178,58,1,7490000,7490000
9179,200,1,27990000,27990000
9180,14,1,250000,250000
9181,312,1,4491000,4491000
9182,168,1,27990000,27990000
9182,52,1,190000,190000
9183,245,2,9015500,18031000
9184,123,1,2365500,2365500
9184,260,1,18040500,18040500
9185,113,1,18990000,18990000
9186,81,1,6165500,6165500
9187,259,1,36990000,36990000
9188,101,1,18040500,18040500
9188,266,1,120000,120000
9189,263,1,4990000,4990000
9189,144,1,4990000,4990000
9190,87,1,4990000,4990000
9191,312,1,4990000,4990000
9192,229,1,250000,250000
9192,76,3,20691000,62073000
9193,317,2,28791000,57582000
9194,120,2,3490000,6980000
9195,229,1,237500,237500
9195,152,1,21840500,21840500
9196,31,2,6490000,12980000
9197,197,1,750000,825000
9197,178,1,2990000,2990000
9198,60,1,11990000,11990000
9198,136,1,4990000,4990000
9199,114,1,31990000,31990000
9200,260,1,18990000,18990000
9201,251,1,27990000,27990000
9202,56,1,6490000,6490000
9202,256,2,560500,1121000
9203,253,2,1795500,3591000
9204,26,1,28791000,28791000
9204,29,1,225000,225000
9204,60,1,11390500,11390500
9205,288,1,3990000,3990000
9206,187,1,4491000,4491000
9206,74,1,5391000,5391000
9207,228,1,2490000,2490000
9208,136,1,4491000,4491000
9209,3,1,590000,590000
9210,283,1,9490000,9490000
9211,302,1,36990000,36990000
9211,102,1,2490000,2490000
9212,26,1,31990000,31990000
9212,147,1,11990000,11990000
9213,90,1,450000,450000
9214,150,1,11691000,11691000
9214,23,1,35140500,35140500
9215,192,1,7990000,7990000
9216,154,1,20691000,20691000
9217,106,1,7990000,7990000
9217,157,1,7191000,7191000
9218,70,2,1890000,3780000
9218,195,1,2490000,2490000
9219,270,1,5990000,5990000
9220,284,1,2990000,2990000
9220,77,1,250000,250000
9221,71,1,11990000,11990000
9221,223,1,5391000,5391000
9222,111,1,6741000,6741000
9222,186,2,9490000,18980000
9223,98,1,36990000,36990000
9224,319,1,2990000,2990000
9224,82,1,2365500,2365500
9224,38,1,11990000,11990000
9225,93,1,7990000,7990000
9226,58,1,7490000,7490000
9226,267,2,9490000,18980000
9226,298,1,6165500,6165500
9227,39,2,31990000,63980000
9228,279,1,4590000,4590000
9228,84,1,9015500,9015500
9229,286,1,3315500,3315500
9230,77,2,250000,500000
9230,255,1,27990000,27990000
9230,150,1,12990000,12990000
9231,48,3,6490000,19470000
9231,165,1,5841000,5841000
9232,119,1,120000,120000
9233,14,1,250000,250000
9234,85,1,27990000,27990000
9235,305,2,1890000,3780000
9236,105,1,9490000,9490000
9236,143,2,2490000,4980000
9237,43,1,9490000,9490000
9238,49,1,2365500,2365500
9239,34,1,17091000,17091000
9240,309,1,36990000,36990000
9241,59,1,4491000,4491000
9242,182,1,35140500,35140500
9243,303,1,18990000,18990000
9243,99,1,12340500,12340500
9244,74,3,5990000,17970000
9245,119,1,120000,120000
9245,51,1,405000,405000
9245,208,1,120000,120000
9246,67,1,18990000,18990000
9247,228,1,2490000,2490000
9247,236,1,7990000,7990000
9248,311,1,3990000,3990000
9248,176,1,31990000,31990000
9249,23,1,35140500,35140500
9250,204,1,9490000,9490000
9251,107,1,320000,320000
9252,7,1,6490000,6490000
9253,308,1,20691000,20691000
9254,139,1,9490000,9490000
9255,145,1,2990000,2990000
9256,35,1,7191000,7191000
9256,12,3,26590500,79771500
9257,170,1,17091000,17091000
9257,291,1,3141000,3141000
9258,225,1,26590500,26590500
9259,241,1,4590000,4590000
9260,126,1,5990000,5990000
9260,318,2,7191000,14382000
9261,50,1,9490000,9490000
9262,76,1,22990000,22990000
9263,161,1,18990000,18990000
9263,309,1,36990000,36990000
9264,14,1,225000,225000
9264,205,1,6490000,5841000
9265,77,1,250000,250000
9265,109,3,590000,1770000
9265,131,1,27990000,27990000
9266,147,1,11990000,11990000
9266,307,1,3490000,3490000
9266,220,1,12990000,12990000
9267,40,1,1890000,1890000
9268,209,1,9990000,9990000
9269,150,1,12990000,12990000
9269,51,1,405000,405000
9270,251,1,25191000,25191000
9270,41,2,180500,361000
9271,293,1,2990000,2990000
9272,7,1,6490000,6490000
9273,93,1,7590500,7590500
9274,8,1,1890000,1890000
9275,191,1,4491000,4491000
9275,247,1,11990000,11990000
9275,216,3,3990000,11970000
9276,260,1,17091000,17091000
9277,88,2,7990000,15980000
9277,253,1,1890000,1890000
9278,188,1,9990000,9990000
9279,33,1,225000,225000
9280,215,1,27990000,27990000
9281,109,1,590000,590000
9282,255,1,27990000,27990000
9282,192,2,7191000,14382000
9283,19,1,11390500,11390500
9283,64,1,18040500,18040500
9284,255,1,27990000,27990000
9285,121,1,190000,190000
9286,66,1,712500,712500
9287,8,3,1890000,5670000
9288,24,1,6490000,6490000
9289,273,1,11990000,11990000
9290,308,1,22990000,22990000
9291,238,1,36990000,36990000
9292,121,1,171000,153900
9293,252,1,250000,250000
9293,209,3,9990000,29970000
9294,42,1,9490000,9490000
9295,189,1,1701000,1701000
9296,49,1,2241000,2241000
9297,124,2,2990000,5980000
9298,4,1,320000,320000
9298,201,3,4990000,14970000
9299,12,2,27990000,55980000
9300,65,1,17091000,17091000
9300,280,3,4590000,13770000
9300,232,1,675000,675000
9301,201,1,4990000,4990000
9302,315,1,4590000,4590000
9302,24,1,6490000,6490000
9303,87,2,4491000,8982000
9303,206,1,590000,590000
9304,31,1,6490000,6490000
9305,303,1,17091000,17091000
9306,106,2,7990000,15980000
9307,225,1,25191000,25191000
9308,135,1,5690500,5690500
9309,188,1,9990000,9990000
9309,169,1,3490000,3490000
9310,117,1,11990000,11990000
9310,166,2,3790500,7581000
9311,291,1,3141000,3141000
9311,133,1,27990000,27990000
9312,114,1,30390500,30390500
9313,35,1,7990000,7990000
9313,285,1,2365500,2365500
9314,19,2,11390500,22781000
9314,182,1,33291000,33291000
9315,307,2,3490000,6980000
9315,166,1,3591000,3591000
9316,136,2,4740500,9481000
9317,86,1,17091000,17091000
9318,234,1,7590500,7590500
9319,253,1,1890000,1890000
9320,66,1,750000,750000
9320,156,2,25191000,50382000
9320,199,1,36990000,36990000
9321,44,1,2840500,2840500
9322,236,1,7990000,7990000
9323,5,1,7590500,7590500
9324,209,1,8991000,8991000
9325,47,1,5841000,5841000
9326,255,1,27990000,27990000
9327,68,1,1701000,1701000
9328,233,1,250000,250000
9329,1,1,1890000,1890000
9329,75,1,6490000,6490000
9330,82,3,2490000,7470000
9331,70,1,1795500,1795500
9332,252,1,225000,225000
9333,243,1,18990000,18990000
9333,260,1,18990000,18990000
9334,212,1,7990000,7990000
9335,82,1,2490000,2490000
9336,305,1,1890000,1890000
9337,3,1,590000,590000
9337,286,1,3141000,3141000
9337,268,1,427500,427500
9338,73,1,10791000,10791000
9338,88,1,7590500,7590500
9339,154,1,22990000,22990000
9339,175,1,2241000,2241000
9340,209,1,9990000,9990000
9340,174,1,4491000,4491000
9340,61,1,750000,750000
9341,2,1,33291000,33291000
9341,60,2,11990000,23980000
9342,211,1,6490000,6490000
9343,196,1,4990000,4990000
9344,252,1,250000,250000
9345,81,1,6490000,6490000
9346,90,1,450000,450000
9347,303,1,17091000,17091000
9348,176,1,31990000,31990000
9348,74,1,5391000,5391000
9349,32,1,11990000,11990000
9350,291,1,3490000,3490000
9350,139,2,9015500,18031000
9350,252,1,237500,237500
9351,25,1,3490000,3490000
9351,281,2,3990000,7980000
9352,160,1,2990000,2990000
9353,139,1,9490000,9490000
9354,102,1,2365500,2365500
9355,129,2,2990000,5980000
9356,177,1,36990000,36990000
9356,114,1,28791000,28791000
9357,244,1,31990000,31990000
9358,129,1,2691000,2691000
9358,266,1,120000,120000
9359,194,1,6490000,6490000
9359,202,1,10791000,10791000
9360,21,1,7590500,7590500
9361,42,1,9490000,9490000
9362,64,1,18990000,18990000
9363,293,1,2990000,2990000
9364,250,1,180500,180500
9365,73,1,11390500,11390500
9366,46,1,7590500,7590500
9367,304,1,7590500,7590500
9367,252,1,237500,237500
9368,253,1,1795500,1795500
9368,70,1,1701000,1701000
9369,201,1,4990000,4990000
9370,152,2,22990000,45980000
9371,16,2,27990000,55980000
9372,293,2,2840500,5681000
9372,289,1,11990000,11990000
9373,81,1,5841000,5841000
9373,80,1,9015500,9015500
9374,246,1,675000,675000
9375,1,1,1795500,1795500
9376,308,2,21840500,43681000
9377,318,2,7191000,14382000
9378,268,1,450000,450000
9378,294,1,5391000,5391000
9379,220,1,12990000,12990000
9380,16,1,27990000,27990000
9380,229,1,250000,250000
9381,235,1,3141000,3141000
9382,294,1,5391000,5930100
9383,50,2,9490000,18980000
9383,145,1,2990000,2990000
9383,4,1,288000,288000
9384,149,1,31990000,31990000
9385,236,1,7990000,7990000
9385,123,1,2365500,2365500
9386,6,1,5690500,5690500
9387,138,1,6741000,6741000
9387,25,1,3490000,3490000
9388,42,1,9490000,9490000
9388,75,1,6490000,6490000
9389,311,1,3790500,3411450
9389,258,1,5990000,5990000
9389,180,1,2990000,2990000
9390,147,1,11990000,11990000
9391,138,1,7490000,7490000
9392,289,1,11990000,13189000
9393,300,1,1701000,1701000
9393,259,1,36990000,36990000
9393,72,1,7990000,7990000
9394,157,1,7990000,7990000
9395,40,2,1701000,3402000
9396,121,1,190000,190000
9397,177,1,36990000,36990000
9398,207,1,3790500,3790500
9399,20,1,4590000,4590000
9400,297,1,9490000,9490000
9401,249,2,304000,608000
9401,285,1,2490000,2490000
9402,110,1,4990000,4990000
9403,173,1,18990000,18990000
9403,176,1,31990000,31990000
9404,165,1,6490000,6490000
9404,28,1,4131000,4131000
9405,319,1,2691000,2691000
9406,175,1,2365500,2365500
9407,196,1,4990000,4990000
9407,97,1,4590000,4590000
9408,283,1,8541000,8541000
9409,235,1,3490000,3490000
9410,81,1,6490000,6490000
9411,163,1,18990000,18990000
9412,198,1,11990000,11990000
9413,132,1,4491000,4491000
9414,307,2,3490000,6980000
9415,287,1,4990000,4990000
9416,230,1,250000,250000
9416,198,1,11990000,11990000
9417,320,1,288000,288000
9417,149,1,31990000,31990000
9418,158,1,2840500,2840500
9418,194,1,6490000,6490000
9419,98,1,36990000,36990000
9420,269,1,405000,405000
9421,181,1,4990000,4990000
9422,73,1,11990000,11990000
9422,7,1,6490000,6490000
9422,10,1,6490000,6490000
9423,133,1,27990000,27990000
9424,293,1,2990000,2990000
9425,190,1,2840500,2840500
9426,107,1,288000,288000
9427,205,1,6165500,6165500
9428,143,1,2365500,2365500
9429,249,1,288000,288000
9430,314,1,25191000,25191000
9431,261,1,9490000,9490000
9432,36,2,180500,361000
9433,308,1,22990000,22990000
9433,280,1,4590000,4590000
9434,76,1,21840500,21840500
9435,261,1,9015500,9015500
9436,66,1,750000,750000
9437,139,1,9490000,10439000
9438,316,1,2990000,2990000
9439,161,1,17091000,17091000
9440,298,1,5841000,5841000
9440,171,1,2365500,2602050
9441,11,1,36990000,36990000
9442,6,1,5990000,5990000
9443,22,1,4990000,4990000
9444,208,1,120000,120000
9445,311,1,3990000,3990000
9445,202,3,10791000,32373000
9446,297,2,9490000,18980000
9446,257,1,11390500,11390500
9447,232,1,675000,675000
9447,25,1,3490000,3490000
9448,121,3,180500,541500
9448,70,1,1890000,1890000
9449,121,1,190000,190000
9450,173,1,17091000,17091000
9451,278,1,6165500,6165500
9451,315,1,4590000,4590000
9452,136,1,4740500,4740500
9453,47,1,6490000,6490000
9454,30,1,6490000,6490000
9455,201,1,4491000,4491000
9456,225,1,27990000,27990000
9456,7,1,6490000,6490000
9456,5,1,7590500,7590500
9457,66,1,675000,675000
9457,147,1,11990000,11990000
9458,70,1,1890000,1890000
9459,69,1,4491000,4491000
9460,83,1,27990000,27990000
9461,87,1,4990000,4990000
9462,72,2,7590500,15181000
9463,299,1,3141000,3141000
9464,59,1,4990000,4990000
9465,293,1,2840500,2840500
9466,24,1,6490000,6490000
9467,233,1,250000,250000
9468,18,1,9490000,9490000
9469,116,1,18990000,18990000
9470,68,3,1795500,5386500
9471,93,1,7990000,7990000
9472,317,1,28791000,28791000
9473,145,1,2990000,3289000
9474,35,1,7590500,7590500
9475,163,3,18990000,56970000
9476,311,2,3990000,8778000
9477,312,1,4990000,4990000
9478,140,1,4491000,4491000
9479,259,1,36990000,36990000
9480,255,1,27990000,27990000
9481,306,1,1890000,1890000
9482,272,1,9490000,9490000
9482,97,1,4131000,4131000
9483,111,1,7490000,7490000
9484,182,1,35140500,35140500
9485,120,1,3490000,3490000
9486,119,1,120000,120000
9487,208,2,108000,216000
9488,80,1,9490000,9490000
9488,255,1,26590500,26590500
9488,274,1,11990000,11990000
9489,267,2,9490000,18980000
9490,82,1,2241000,2241000
9491,122,1,4990000,4990000
9492,255,1,27990000,27990000
9493,108,1,28791000,28791000
9494,220,1,12990000,12990000
9494,234,1,7590500,7590500
9495,235,1,3315500,3315500
9496,127,1,5841000,5841000
9497,48,1,6490000,7139000
9498,43,1,9490000,9490000
9498,145,1,2990000,2990000
9499,280,1,4590000,4590000
9500,90,1,450000,450000
9501,152,1,21840500,21840500
9502,80,1,9490000,9490000
9502,6,1,5391000,5391000
9502,58,1,7115500,7115500
9503,93,1,7191000,7191000
9504,38,1,11390500,11390500
9505,208,3,120000,360000
9506,283,1,9490000,9490000
9507,243,1,18040500,18040500
9507,78,3,450000,1350000
9508,301,1,3591000,3591000
9509,105,1,9490000,9490000
9509,78,1,427500,427500
9510,188,1,9990000,9990000
9511,13,1,27990000,27990000
9511,55,1,8991000,8991000
9512,39,1,31990000,31990000
9513,152,1,22990000,22990000
9514,79,2,180500,361000
9515,307,3,3490000,10470000
9516,151,1,3141000,3141000
9517,247,1,11990000,11990000
9518,48,1,5841000,5841000
9519,8,1,1795500,1795500
9520,58,1,7115500,7115500
9521,133,1,27990000,27990000
9521,61,1,750000,750000
9522,57,1,33291000,33291000
9522,304,1,7990000,7990000
9523,203,2,27990000,55980000
9523,309,1,36990000,36990000
9524,25,2,3490000,6980000
9524,66,1,750000,750000
9525,293,1,2691000,2691000
9526,18,3,9490000,28470000
9527,187,1,4491000,4491000
9528,227,2,9990000,19980000
9528,13,1,27990000,27990000
9529,267,1,9015500,9015500
9529,251,2,25191000,50382000
9530,217,1,22990000,22990000
9530,133,1,26590500,26590500
9531,136,1,4990000,4990000
9532,42,1,9490000,9490000
9533,5,1,7990000,7990000
9534,49,1,2490000,2490000
9535,271,1,6490000,6490000
9535,291,2,3490000,6980000
9536,95,1,7990000,7990000
9537,60,1,10791000,10791000
9538,284,3,2990000,8970000
9539,248,1,11990000,11990000
9539,43,2,9015500,18031000
9540,217,1,22990000,22990000
9541,216,1,3790500,3790500
9542,81,1,6490000,6490000
9543,21,1,7590500,8349550
9544,271,1,5841000,5256900
9545,24,3,6490000,19470000
9546,94,1,5990000,5990000
9546,313,2,2241000,4482000
9547,277,1,6490000,6490000
9548,29,1,250000,250000
9549,195,1,2241000,2241000
9550,48,1,6490000,6490000
9551,25,1,3141000,3141000
9551,139,1,9490000,9490000
9552,251,1,27990000,27990000
9553,244,1,28791000,28791000
9554,221,1,18990000,18990000
9555,68,1,1890000,1890000
9556,234,2,7590500,15181000
9557,105,1,9490000,9490000
9558,30,2,6490000,12980000
9559,26,1,31990000,31990000
9560,269,1,405000,405000
9561,47,1,6490000,6490000
9562,228,1,2490000,2490000
9562,95,1,7990000,7990000
9563,53,1,9490000,9490000
9564,275,1,5990000,5990000
9565,262,1,750000,750000
9566,28,1,4590000,4590000
9567,63,1,5990000,5990000
9568,168,1,25191000,25191000
9569,266,1,108000,108000
9569,107,1,304000,304000
9570,177,2,36990000,73980000
9571,202,1,11990000,11990000
9572,309,1,36990000,36990000
9573,7,2,5841000,11682000
9574,258,1,5990000,5990000
9575,230,1,225000,225000
9576,160,1,2990000,2990000
9577,112,1,27990000,27990000
9578,230,1,250000,250000
9579,86,1,17091000,17091000
9579,86,1,18990000,18990000
9580,75,1,5841000,5841000
9581,301,1,3990000,3990000
9581,149,1,31990000,31990000
9581,109,1,590000,590000
9582,157,1,7990000,7990000
9583,260,1,18990000,17091000
9584,35,1,7990000,7990000
9585,266,1,120000,120000
9586,218,2,1890000,3780000
9587,105,1,9490000,9490000
9588,74,1,5990000,5990000
9589,198,1,11390500,11390500
9589,132,1,4990000,4990000
9590,60,1,11990000,11990000
9591,150,1,11691000,11691000
9591,73,1,11990000,11990000
9591,222,1,35140500,35140500
9592,127,1,6490000,6490000
9593,136,1,4740500,4740500
9594,318,1,7191000,7191000
9595,125,2,6165500,12331000
9596,27,1,12990000,12990000
9597,133,1,25191000,25191000
9598,75,1,6490000,6490000
9599,137,1,3990000,3990000
9600,60,1,11990000,11990000
9600,78,1,450000,450000
9600,165,1,5841000,5841000
9601,197,1,712500,712500
9601,39,1,28791000,28791000
9602,265,1,31990000,31990000
9603,195,1,2490000,2490000
9603,39,1,31990000,31990000
9604,68,1,1890000,1890000
9605,74,1,5990000,5990000
9606,296,3,22990000,68970000
9607,128,1,450000,450000
9608,141,1,6490000,6490000
9609,158,1,2840500,2840500
9610,104,2,17091000,34182000
9610,218,1,1890000,1890000
9611,116,1,18990000,18990000
9612,168,1,27990000,27990000
9612,261,2,9490000,18980000
9612,252,1,250000,250000
9613,243,1,18990000,18990000
9614,259,1,36990000,36990000
9615,278,1,5841000,5841000
9615,135,1,5990000,5990000
9616,49,1,2241000,2241000
9617,245,1,9490000,9490000
9618,55,1,9490500,9490500
9619,148,1,5690500,5690500
9620,231,1,36990000,40689000
9621,306,1,1890000,1890000
9622,137,1,3990000,3990000
9623,84,1,8541000,8541000
9624,139,1,9015500,9015500
9624,311,1,3990000,3990000
9625,262,1,750000,750000
9626,128,1,405000,405000
9627,27,1,12340500,12340500
9627,181,1,4990000,4990000
9628,155,1,27990000,27990000
9628,184,1,6165500,6165500
9628,250,1,180500,180500
9629,208,1,120000,120000
9630,224,1,7990000,7990000
9630,241,1,4360500,4360500
9630,84,2,9490000,18980000
9631,128,1,450000,450000
9632,305,1,1890000,1890000
9633,305,1,1890000,1890000
9634,122,1,4990000,4990000
9634,166,1,3990000,3990000
9635,311,1,3990000,3990000
9636,203,1,27990000,27990000
9637,226,1,18990000,18990000
9638,54,2,7490000,14980000
9639,281,1,3990000,3591000
9639,237,1,8541000,8541000
9639,267,1,8541000,8541000
9640,91,1,4990000,4990000
9641,319,1,2990000,2990000
9641,215,2,27990000,55980000
9642,53,1,9490000,9490000
9643,143,1,2241000,2241000
9644,187,1,4990000,4990000
9645,226,1,18040500,18040500
9645,245,1,9015500,9015500
9645,32,2,11390500,22781000
9646,62,1,27990000,27990000
9647,223,1,5990000,5990000
9647,109,1,590000,590000
9648,243,1,18990000,18990000
9648,60,1,11990000,11990000
9649,302,1,33291000,33291000
9650,160,1,2990000,2990000
9651,270,2,5990000,11980000
9651,257,1,11990000,11990000
9652,218,1,1890000,1890000
9653,102,1,2490000,2490000
9653,314,1,27990000,27990000
9653,249,1,320000,320000
9654,9,1,320000,320000
9655,130,1,7490000,7490000
9656,183,1,2490000,2490000
9656,195,1,2490000,2490000
9657,56,2,6490000,12980000
9658,92,1,237500,237500
9659,188,1,9490500,9490500
9660,189,1,1795500,1795500
9661,198,1,11990000,11990000
9661,79,1,190000,190000
9662,67,1,17091000,17091000
9662,106,1,7990000,7990000
9663,197,1,750000,750000
9664,180,2,2990000,5980000
9665,115,1,31990000,31990000
9665,170,1,18990000,18990000
9666,103,1,22990000,22990000
9666,50,1,9490000,9490000
9667,222,1,33291000,33291000
9667,102,1,2490000,2490000
9668,215,2,27990000,55980000
9668,77,1,250000,250000
9669,236,1,7590500,7590500
9670,242,1,5391000,5391000
9671,25,1,3141000,3141000
9671,54,1,7490000,7490000
9671,32,1,10791000,10791000
9672,166,1,3990000,3990000
9673,146,1,5391000,5391000
9673,99,1,11691000,11691000
9674,39,1,28791000,28791000
9675,12,1,27990000,27990000
9676,118,1,18990000,18990000
9677,179,1,304000,304000
9677,126,1,5391000,5391000
9678,299,1,3490000,3490000
9679,208,1,120000,120000
9680,6,1,5990000,5990000
9681,119,3,120000,360000
9681,106,1,7990000,7990000
9682,311,1,3591000,3591000
9683,146,1,5391000,5391000
9684,67,1,18990000,18990000
9685,286,1,3141000,3141000
9686,84,1,9490000,9490000
9687,208,1,120000,120000
9688,218,1,1890000,1890000
9688,156,1,25191000,25191000
9688,125,1,6490000,6490000
9689,93,1,7990000,7990000
9690,260,1,18990000,18990000
9690,159,1,12990000,12990000
9690,104,1,18990000,18990000
9691,76,3,21840500,65521500
9692,123,1,2365500,2365500
9693,93,3,7191000,21573000
9694,98,1,36990000,36990000
9694,141,1,6490000,6490000
9695,318,1,7990000,7990000
9696,51,1,427500,427500
9697,31,1,6490000,6490000
9697,78,1,450000,450000
9698,284,1,2840500,2840500
9699,159,1,12990000,12990000
9700,113,1,18990000,18990000
9701,30,1,6490000,6490000
9701,98,1,33291000,33291000
9701,86,2,18040500,36081000
9702,316,1,2990000,2990000
9703,253,1,1890000,1890000
9703,225,3,27990000,83970000
9704,71,1,11990000,11990000
9704,170,1,18990000,18990000
9705,205,1,6490000,6490000
9706,134,1,6490000,6490000
9707,34,1,18040500,18040500
9708,313,1,2365500,2128950
9709,261,1,9015500,9015500
9709,264,1,9990000,9990000
9710,152,1,22990000,22990000
9710,264,1,9990000,9990000
9711,88,1,7990000,7990000
9712,172,1,3315500,3315500
9712,96,1,2691000,2691000
9713,232,1,712500,712500
9714,35,1,7590500,7590500
9715,33,2,250000,500000
9715,112,1,27990000,27990000
9716,210,1,6490000,6490000
9716,87,1,4990000,4990000
9717,255,1,27990000,27990000
9718,49,1,2241000,2241000
9718,191,1,4491000,4491000
9718,210,1,6490000,6490000
9719,92,1,237500,237500
9719,106,1,7990000,7990000
9720,59,1,4990000,4990000
9721,275,1,5990000,5990000
9722,8,1,1890000,1890000
9723,22,1,4491000,4491000
9723,64,1,17091000,17091000
9724,110,1,4990000,4990000
9724,160,1,2840500,2840500
9725,186,1,9490000,9490000
9726,205,1,6165500,6165500
9727,217,1,22990000,22990000
9728,258,1,5690500,5690500
9729,102,1,2490000,2490000
9730,82,1,2490000,2490000
9731,14,1,250000,250000
9732,97,1,4590000,4590000
9733,253,1,1890000,1890000
9734,3,1,531000,531000
9735,280,1,4360500,4360500
9735,224,1,7990000,7990000
9735,106,1,7990000,7990000
9736,76,1,20691000,20691000
9737,108,1,31990000,31990000
9737,46,1,7990000,7990000
9738,180,1,2990000,2990000
9739,158,1,2990000,2990000
9739,289,1,11990000,11990000
9740,57,1,36990000,36990000
9740,89,1,3490000,3490000
9741,77,1,225000,225000
9742,2,3,36990000,110970000
9742,84,1,9490000,9490000
9743,147,1,11990000,11990000
9744,7,1,6490000,6490000
9745,170,2,18990000,37980000
9746,168,3,27990000,83970000
9746,125,1,6490000,6490000
9747,215,1,27990000,27990000
9748,317,1,30390500,30390500
9748,121,2,190000,380000
9749,188,1,8991000,8991000
9750,11,1,36990000,36990000
9751,258,1,5990000,5990000
9752,30,1,5841000,5841000
9753,72,1,7990000,7990000
9754,15,1,4990000,4990000
9755,76,1,22990000,22990000
9756,185,1,2990000,2990000
9757,298,1,6490000,6490000
9758,278,1,6490000,6490000
9758,31,1,6490000,6490000
9759,213,1,18990000,18990000
9759,237,1,9490000,9490000
9760,114,3,28791000,86373000
9760,261,1,8541000,8541000
9761,152,1,20691000,20691000
9762,139,1,8541000,8541000
9763,157,1,7990000,7990000
9763,50,1,9490000,9490000
9764,49,1,2490000,2490000
9765,180,1,2691000,2691000
9765,168,1,26590500,26590500
9765,191,1,4740500,4740500
9766,144,1,4990000,4990000
9766,205,1,6165500,6165500
9767,97,1,4590000,4590000
9768,266,1,108000,108000
9769,242,1,5990000,5990000
9769,310,1,5990000,5990000
9770,175,1,2365500,2365500
9771,41,1,180500,180500
9772,48,1,6490000,6490000
9773,195,1,2490000,2490000
9774,180,1,2840500,2840500
9775,274,1,11390500,11390500
9776,7,1,6490000,6490000
9777,76,1,22990000,22990000
9778,214,1,27990000,27990000
9779,237,1,9490000,9490000
9779,111,1,7490000,7490000
9780,201,1,4990000,4990000
9781,262,2,750000,1500000
9781,223,1,5990000,5990000
9781,1,1,1890000,1890000
9782,13,1,27990000,27990000
9783,189,1,1795500,1795500
9784,113,1,17091000,17091000
9784,23,1,36990000,36990000
9785,68,1,1795500,1795500
9786,25,1,3141000,3141000
9787,217,1,20691000,20691000
9787,237,1,9490000,9490000
9788,223,1,5391000,5391000
9789,47,1,6490000,6490000
9790,208,1,108000,108000
9790,275,1,5990000,5990000
9791,51,1,450000,450000
9792,32,1,11990000,11990000
9793,66,1,675000,675000
9794,2,1,36990000,36990000
9795,81,1,6165500,6165500
9796,68,2,1795500,3591000
9796,199,1,35140500,35140500
9797,77,2,237500,475000
9798,145,1,2691000,2691000
9799,314,1,27990000,27990000
9799,50,1,9490000,9490000
9800,258,1,5990000,5990000
9800,279,1,4590000,4590000
9801,227,1,9990000,9990000
9802,211,1,6490000,6490000
9803,84,1,9015500,9015500
9804,112,1,26590500,26590500
9805,176,1,31990000,31990000
9805,182,1,33291000,33291000
9806,186,1,9490000,9490000
9807,288,1,3990000,3990000
9808,5,1,7191000,7191000
9809,7,1,6165500,6165500
9809,278,1,6490000,6490000
9810,264,1,9990000,9990000
9811,41,2,171000,342000
9811,183,1,2490000,2490000
9812,13,1,25191000,25191000
9813,301,1,3790500,3411450
9814,91,1,4990000,4990000
9815,291,3,3490000,10470000
9816,147,1,11990000,11990000
9817,106,1,7990000,7990000
9817,319,1,2691000,2691000
9817,117,1,11990000,11990000
9818,246,1,675000,675000
9819,313,1,2490000,2490000
9820,294,1,5690500,5690500
9821,141,1,6490000,6490000
9821,300,1,1701000,1701000
9822,179,1,304000,304000
9823,274,1,11390500,11390500
9824,153,1,108000,108000
9824,192,1,7191000,7191000
9824,180,1,2990000,2990000
9825,140,1,4990000,4990000
9826,157,1,7191000,7191000
9827,181,1,4990000,4990000
9828,194,1,6490000,6490000
9828,116,2,18990000,37980000
9828,83,1,25191000,25191000
9829,101,1,18990000,18990000
9830,204,1,9490000,9490000
9831,180,1,2990000,2990000
9832,174,1,4990000,4990000
9833,189,1,1890000,1890000
9833,68,1,1795500,1795500
9833,295,1,750000,750000
9834,50,1,8541000,8541000
9835,9,1,320000,320000
9836,195,2,2365500,4731000
9837,249,1,320000,320000
9838,131,1,25191000,25191000
9839,113,1,18990000,18990000
9840,291,1,3490000,3490000
9841,197,1,750000,750000
9842,111,1,7490000,7490000
9842,70,1,1701000,1701000
9843,302,1,36990000,36990000
9844,319,2,2990000,5980000
9845,42,1,9490000,9490000
9845,230,2,225000,450000
9846,155,1,26590500,26590500
9847,109,3,560500,1681500
9847,239,1,5841000,5841000
9848,3,1,590000,590000
9848,130,1,7490000,7490000
9848,112,2,27990000,55980000
9849,148,1,5990000,5990000
9849,110,1,4740500,4740500
9850,293,1,2990000,2990000
9851,248,1,10791000,10791000
9852,167,1,36990000,36990000
9853,166,1,3990000,3990000
9853,208,1,114000,114000
9854,45,1,9490000,9490000
9854,141,3,6165500,18496500
9855,87,1,4491000,4491000
9855,178,1,2840500,2840500
9855,45,1,9015500,9015500
9856,86,1,18040500,18040500
9856,54,1,6741000,6741000
9857,275,1,5990000,5990000
9858,49,1,2365500,2365500
9859,88,2,7191000,14382000
9860,114,1,31990000,31990000
9861,71,1,10791000,10791000
9861,78,1,450000,450000
9862,14,1,237500,237500
9862,309,1,36990000,36990000
9863,272,1,9490000,9490000
9864,218,3,1890000,5670000
9865,194,1,5841000,5841000
9866,78,1,427500,427500
9867,77,1,250000,250000
9867,151,1,3490000,3490000
9868,205,1,5841000,5841000
9868,50,1,9490000,9490000
9869,26,1,31990000,31990000
9870,310,1,5990000,5990000
9870,91,1,4990000,4990000
9871,171,1,2241000,2241000
9871,10,1,6490000,6490000
9872,157,1,7990000,7990000
9873,302,1,36990000,36990000
9874,188,3,9990000,29970000
9874,277,1,6490000,6490000
9875,11,1,36990000,36990000
9876,42,1,9490000,9490000
9876,15,1,4990000,4990000
9877,44,1,2990000,2990000
9878,114,1,31990000,31990000
9879,165,1,6490000,6490000
9879,193,1,36990000,40689000
9879,283,1,9015500,9015500
9880,194,1,6490000,6490000
9881,300,1,1795500,1795500
9882,78,2,450000,900000
9883,240,1,5990000,5990000
9884,73,1,10791000,10791000
9885,32,1,11390500,11390500
9886,216,1,3990000,3990000
9886,192,1,7990000,7990000
9886,189,2,1795500,3591000
9887,255,1,27990000,27990000
9888,75,1,6490000,6490000
9889,318,3,7990000,23970000
9890,268,1,450000,450000
9891,237,1,9490000,9490000
9892,317,1,31990000,31990000
9892,155,1,27990000,27990000
9893,199,1,36990000,36990000
9893,43,1,9490000,10439000
9894,38,1,11990000,11990000
9894,94,1,5990000,5990000
9895,100,1,9990000,9990000
9895,150,1,11691000,11691000
9896,63,1,5990000,5990000
9896,307,1,3490000,3490000
9896,113,1,17091000,17091000
9897,151,1,3490000,3490000
9897,170,1,18990000,18990000
9897,79,1,190000,190000
9898,88,1,7590500,7590500
9899,231,2,36990000,73980000
9900,207,1,3790500,3790500
9900,77,1,250000,250000
9901,54,2,7490000,14980000
9902,163,1,18040500,18040500
9903,221,1,18040500,18040500
9904,59,1,4990000,4990000
9905,283,1,9490000,9490000
9906,238,1,35140500,35140500
9907,51,1,405000,405000
9908,319,1,2990000,2990000
9908,59,1,4990000,4990000
9909,14,1,250000,250000
9909,281,1,3990000,3990000
9910,157,2,7990000,15980000
9911,270,1,5690500,5690500
9912,252,1,250000,250000
9913,307,1,3490000,3490000
9914,170,1,18990000,18990000
9914,87,1,4990000,4990000
9915,155,1,27990000,27990000
9916,112,1,25191000,25191000
9917,120,1,3490000,3490000
9918,19,1,11390500,11390500
9919,54,3,7490000,22470000
9920,275,1,5990000,5990000
9921,181,1,4990000,4990000
9921,140,1,4990000,4990000
9922,211,1,6490000,6490000
9923,297,1,9490000,9490000
9924,62,1,27990000,27990000
9925,298,1,6490000,6490000
9926,276,1,6490000,6490000
9926,182,1,33291000,33291000
9927,180,1,2990000,2990000
9928,15,1,4990000,4990000
9929,73,1,11990000,11990000
9930,192,1,7590500,7590500
9930,129,1,2990000,2990000
9931,101,1,18990000,18990000
9932,191,1,4740500,4740500
9933,176,1,31990000,31990000
9933,269,1,450000,450000
9933,32,1,11990000,11990000
9934,140,1,4990000,4990000
9934,14,1,250000,250000
9934,142,1,9490000,9490000
9935,300,2,1890000,3780000
9936,134,1,6165500,6165500
9936,320,1,320000,320000
9937,16,1,26590500,26590500
9937,297,2,9490000,18980000
9938,118,1,18990000,18990000
9939,161,1,18990000,18990000
9940,149,1,31990000,31990000
9940,188,1,9490500,9490500
9941,47,2,6490000,12980000
9942,126,1,5690500,5690500
9943,256,2,590000,1180000
9944,69,2,4740500,9481000
9944,285,1,2490000,2490000
9944,60,1,11990000,11990000
9945,11,2,36990000,73980000
9945,182,1,36990000,36990000
9946,190,1,2691000,2691000
9946,148,1,5990000,5990000
9947,257,1,11990000,11990000
9948,128,1,450000,450000
9948,144,1,4990000,4990000
9949,34,3,17091000,51273000
9950,131,1,25191000,25191000
9951,152,1,22990000,20691000
9951,269,1,405000,405000
9952,18,1,9015500,9015500
9953,148,1,5990000,5990000
9953,140,1,4491000,4491000
9954,133,1,26590500,26590500
9954,146,1,5391000,5391000
9955,64,1,17091000,17091000
9956,116,1,18040500,18040500
9956,186,1,9490000,9490000
9956,280,1,4360500,4360500
9957,171,1,2365500,2365500
9957,305,1,1890000,1890000
9958,41,1,190000,190000
9958,78,1,450000,450000
9959,147,2,11390500,22781000
9960,271,1,6490000,6490000
9960,163,1,18990000,18990000
9961,232,1,675000,742500
9962,309,1,35140500,35140500
9963,162,1,18990000,18990000
9964,52,1,190000,190000
9965,182,1,33291000,33291000
9966,67,2,18040500,36081000
9966,225,1,27990000,27990000
9967,9,1,288000,288000
9968,114,1,28791000,28791000
9969,306,2,1890000,3780000
9970,40,1,1795500,1795500
9971,252,1,250000,250000
9972,258,1,5990000,5990000
9973,125,3,5841000,17523000
9973,306,1,1890000,1890000
9974,262,1,750000,750000
9975,98,1,36990000,36990000
9975,51,3,427500,1282500
9976,60,2,11390500,22781000
9977,179,1,288000,288000
9977,138,1,7490000,7490000
9978,179,1,320000,320000
9979,129,1,2990000,2990000
9980,155,1,26590500,26590500
9980,240,1,5990000,5990000
9980,258,1,5990000,5990000
9981,301,1,3790500,3790500
9982,291,1,3490000,3490000
9982,77,2,250000,500000
9983,171,2,2490000,4980000
9983,12,1,27990000,27990000
9983,244,1,28791000,28791000
9984,11,1,36990000,36990000
9985,49,1,2490000,2490000
9985,40,3,1795500,5386500
9986,94,1,5990000,5990000
9987,216,1,3990000,3990000
9988,200,1,27990000,27990000
9989,20,1,4590000,4590000
9990,93,1,7990000,7990000
9991,131,1,25191000,25191000
9992,213,1,18990000,18990000
9993,271,1,6490000,6490000
9994,52,1,190000,190000
9994,104,1,18990000,18990000
9995,244,1,31990000,31990000
9995,133,1,26590500,26590500
9996,130,1,6741000,6741000
9996,48,1,6490000,6490000
9997,14,1,250000,250000
9998,259,1,33291000,33291000
9998,223,1,5990000,5990000
9999,304,2,7990000,15980000
9999,178,1,2840500,2840500
10000,59,1,4990000,4990000
10001,253,2,1795500,3591000
10002,259,2,36990000,73980000
10003,304,1,7590500,7590500
10004,265,1,28791000,28791000
10005,36,1,190000,190000
10006,178,1,2840500,2840500
10007,176,1,28791000,28791000
10008,292,1,6165500,6165500
10009,64,1,18990000,18990000
10010,109,1,590000,590000
10011,103,1,21840500,21840500
10012,213,1,18990000,18990000
10012,24,3,6165500,18496500
10013,158,1,2990000,2990000
10014,64,1,18990000,18990000
10015,128,1,450000,450000
10016,293,1,2990000,2990000
10017,60,1,11990000,11990000
10018,1,2,1890000,3780000
10019,75,1,5841000,5841000
10020,68,1,1701000,1701000
10021,151,2,3490000,6980000
10021,56,1,6490000,6490000
10022,30,1,6165500,6165500
10023,128,1,450000,450000
10024,213,1,18990000,18990000
10025,17,1,320000,320000
10026,234,1,7990000,7990000
10027,45,1,9490000,9490000
10028,300,1,1701000,1701000
10028,180,2,2840500,5681000
10029,121,1,190000,190000
10030,204,2,8541000,17082000
10031,317,1,31990000,35189000
10032,82,1,2365500,2365500
10033,222,1,36990000,36990000
10033,151,1,3141000,3141000
10033,44,1,2990000,2990000
10034,274,1,11990000,11990000
10035,242,1,5690500,5690500
10036,3,1,531000,531000
10037,312,2,4990000,9980000
10038,198,1,11990000,11990000
10038,19,1,11990000,11990000
10039,193,1,36990000,36990000
10040,222,1,36990000,36990000
10041,128,1,450000,450000
10042,214,1,27990000,27990000
10043,190,1,2990000,2990000
10044,181,1,4491000,4491000
10044,170,1,18990000,18990000
10044,180,1,2990000,2990000
10045,232,1,712500,712500
10046,264,1,9990000,9990000
10046,165,1,6490000,6490000
10046,74,1,5990000,5990000
10047,294,1,5690500,5690500
10048,228,1,2490000,2490000
10048,118,2,18040500,36081000
10049,284,1,2990000,2990000
10049,71,1,11990000,11990000
10050,64,1,18990000,18990000
10051,146,1,5990000,5990000
10052,168,1,27990000,27990000
10052,260,1,18990000,18990000
10053,31,1,6490000,6490000
10054,166,1,3990000,3990000
10054,283,1,8541000,8541000
10055,18,2,9490000,18980000
10056,80,1,9015500,9015500
10057,61,2,712500,1425000
10057,169,1,3490000,3490000
10058,163,1,18990000,18990000
10058,282,1,7990000,7990000
10059,264,1,9990000,9990000
10060,312,1,4990000,4990000
10061,265,1,31990000,31990000
10062,110,1,4990000,4990000
10063,33,1,237500,237500
10064,303,3,18990000,56970000
10065,57,1,36990000,36990000
10065,211,1,5841000,5841000
10066,148,1,5990000,5990000
10066,223,1,5391000,5391000
10067,208,1,120000,120000
10068,4,1,320000,320000
10069,307,1,3490000,3490000
10069,47,1,6490000,6490000
10070,215,1,27990000,27990000
10071,104,1,18990000,18990000
10071,144,1,4740500,4740500
10071,238,1,36990000,36990000
10072,66,1,675000,675000
10073,91,1,4740500,4740500
10074,31,2,6490000,12980000
10074,207,1,3591000,3591000
10074,3,1,590000,590000
10075,19,1,11990000,11990000
10076,262,1,750000,750000
10077,176,1,31990000,31990000
10077,276,1,5841000,5841000
10078,169,1,3141000,3141000
10078,195,1,2490000,2490000
10079,216,1,3990000,3990000
10079,237,2,8541000,17082000
10079,172,1,3490000,3490000
10080,53,1,9015500,9015500
10081,213,1,18040500,18040500
10082,100,1,8991000,8991000
10083,139,1,9490000,9490000
10084,57,1,35140500,35140500
10084,93,1,7191000,7191000
10084,250,1,190000,190000
10085,41,1,190000,190000
10086,128,3,450000,1350000
10087,19,1,11990000,11990000
10088,298,1,6490000,6490000
10089,94,1,5990000,5990000
10090,315,1,4131000,4131000
10091,50,1,9015500,9015500
10092,40,1,1890000,1890000
10092,194,1,6165500,6165500
10093,201,1,4990000,4990000
10094,291,2,3490000,6980000
10095,312,2,4990000,9980000
10096,6,1,5990000,5990000
10097,123,1,2490000,2490000
10098,41,1,190000,190000
10099,312,1,4491000,4491000
10100,271,1,6490000,6490000
10101,184,1,6490000,6490000
10102,248,1,11990000,11990000
10103,9,1,320000,320000
10103,69,1,4740500,4740500
10103,219,1,7990000,7990000
10104,145,1,2990000,2990000
10104,11,1,36990000,36990000
10105,208,1,114000,114000
10105,249,2,288000,576000
10106,265,1,31990000,31990000
10107,68,1,1701000,1701000
10108,106,1,7990000,7990000
10109,125,2,5841000,11682000
10109,225,1,25191000,25191000
10110,53,1,9490000,9490000
10111,257,1,10791000,10791000
10111,223,1,5391000,5391000
10112,26,1,30390500,30390500
10112,264,3,9990000,29970000
10113,253,1,1890000,1890000
10114,15,1,4740500,4740500
10115,301,1,3990000,3990000
10116,110,1,4990000,4990000
10117,166,1,3990000,3990000
10118,155,1,27990000,27990000
10118,240,1,5690500,5690500
10119,72,1,7191000,7191000
10120,145,1,2990000,2990000
10120,268,1,405000,405000
10121,315,1,4590000,4590000
10122,71,1,11990000,11990000
10122,107,1,320000,320000
10123,220,1,12990000,12990000
10124,107,2,320000,640000
10125,251,1,27990000,27990000
10126,288,1,3591000,3591000
10127,147,1,11990000,11990000
10128,313,2,2490000,4980000
10129,45,3,9490000,28470000
10129,275,1,5391000,5391000
10129,40,1,1890000,1890000
10130,23,1,36990000,36990000
10131,118,1,18990000,18990000
10131,101,2,18990000,37980000
10131,216,1,3990000,3990000
10132,77,1,237500,237500
10133,295,2,750000,1500000
10133,117,1,11990000,11990000
10133,254,2,7990000,15980000
10134,80,1,9490000,9490000
10134,247,2,11990000,23980000
10135,288,1,3990000,3990000
10136,68,1,1890000,1890000
10137,74,1,5990000,5990000
10138,13,1,26590500,26590500
10139,58,1,7490000,7490000
10140,233,1,250000,250000
10140,54,1,7115500,7115500
10141,42,1,8541000,8541000
10142,203,1,26590500,26590500
10142,120,1,3141000,3141000
10143,298,1,6490000,6490000
10144,291,1,3490000,3490000
10145,291,1,3490000,3490000
10145,248,1,11990000,11990000
10145,76,1,20691000,20691000
10146,314,1,27990000,27990000
10147,230,1,250000,250000
10148,72,1,7590500,7590500
10149,127,1,6490000,6490000
10150,145,1,2990000,2990000
10151,138,1,6741000,6741000
10152,218,1,1701000,1701000
10152,122,1,4990000,4990000
10153,190,1,2990000,2990000
10154,301,1,3591000,3591000
10154,287,1,4990000,4990000
10155,63,1,5990000,5990000
10156,131,1,27990000,27990000
10157,130,1,7490000,7490000
10158,111,2,6741000,13482000
10158,206,1,590000,590000
10158,62,1,27990000,27990000
10159,303,1,18990000,18990000
10160,29,1,250000,250000
10161,287,2,4990000,9980000
10162,216,1,3990000,3990000
10162,259,1,36990000,36990000
10162,26,1,31990000,31990000
10163,317,1,30390500,30390500
10164,35,1,7191000,7191000
10164,40,1,1795500,1795500
10165,198,1,11990000,11990000
10166,135,2,5990000,11980000
10167,225,3,27990000,83970000
10168,144,1,4990000,4990000
10169,98,3,33291000,99873000
10170,64,1,18990000,20889000
10171,223,1,5990000,5990000
10172,125,1,5841000,5841000
10173,287,1,4990000,4990000
10174,308,1,20691000,20691000
10174,104,1,18990000,18990000
10174,245,1,9015500,9015500
10175,110,1,4491000,4491000
10175,187,1,4740500,4740500
10176,262,1,750000,750000
10176,280,1,4590000,4590000
10177,69,1,4491000,4491000
10178,74,1,5990000,5990000
10179,115,1,28791000,28791000
10180,43,1,9490000,9490000
10181,91,1,4990000,4990000
10182,231,1,36990000,36990000
10182,23,1,36990000,36990000
10182,267,1,9490000,9490000
10183,165,1,6490000,6490000
10184,199,1,36990000,36990000
10185,226,1,17091000,17091000
10186,222,1,36990000,36990000
10186,24,1,5841000,5841000
10187,253,1,1890000,1890000
10188,135,1,5391000,5391000
10188,293,1,2990000,2990000
10189,218,1,1890000,1890000
10190,66,1,712500,712500
10190,196,1,4491000,4491000
10191,48,1,6490000,6490000
10191,6,1,5990000,5990000
10192,30,1,6165500,6165500
10193,239,1,6490000,6490000
10194,272,1,9490000,9490000
10195,140,1,4990000,4990000
10195,299,1,3490000,3490000
10195,34,1,17091000,17091000
10196,310,2,5391000,10782000
10197,66,2,750000,1500000
10198,276,3,5841000,17523000
10199,110,1,4491000,4491000
10199,61,3,750000,2250000
10200,216,1,3591000,3591000
10200,78,1,450000,450000
10201,5,1,7990000,7990000
10202,305,1,1890000,1890000
10203,58,1,7490000,7490000
10203,259,1,35140500,35140500
10204,317,1,28791000,28791000
10205,309,1,33291000,33291000
10206,195,1,2490000,2490000
10207,280,2,4590000,9180000
10208,73,1,11990000,11990000
10208,315,1,4590000,4590000
10209,311,1,3990000,3990000
10210,296,1,21840500,21840500
10211,107,1,288000,288000
10212,182,1,36990000,36990000
10212,66,1,675000,675000
10213,239,1,5841000,5841000
10214,270,1,5990000,5990000
10214,310,1,5990000,5990000
10215,55,1,9990000,9990000
10216,302,1,35140500,35140500
10216,183,1,2490000,2490000
10217,1,2,1701000,3402000
10218,222,1,35140500,35140500
10219,82,1,2365500,2365500
10220,215,1,27990000,27990000
10221,141,1,6490000,6490000
10221,134,1,5841000,5841000
10222,137,1,3790500,3790500
10223,45,1,9015500,9015500
10223,138,1,7115500,7115500
10224,39,3,31990000,95970000
10225,179,2,320000,640000
10226,125,1,6490000,6490000
10227,264,1,9490500,9490500
10227,136,1,4990000,4990000
10228,172,1,3490000,3490000
10229,143,1,2490000,2490000
10229,19,1,11990000,11990000
10230,90,1,450000,450000
10231,183,1,2490000,2490000
10232,188,1,9990000,9990000
10233,109,1,590000,590000
10233,62,2,26590500,53181000
10234,74,1,5990000,5990000
10235,129,1,2990000,2990000
10236,224,1,7191000,7191000
10237,118,1,18040500,18040500
10238,313,1,2365500,2365500
10238,101,1,18040500,18040500
10238,164,1,3990000,3990000
10239,99,1,12990000,12990000
10240,288,1,3990000,3990000
10241,147,1,11990000,11990000
10242,24,1,5841000,5841000
10242,83,1,27990000,27990000
10242,225,1,27990000,27990000
10243,86,1,18040500,18040500
10244,206,1,590000,590000
10244,200,1,25191000,25191000
10245,29,1,250000,250000
10245,303,1,18990000,18990000
10246,64,1,18990000,18990000
10247,310,3,5990000,17970000
10248,300,1,1795500,1795500
10249,165,1,5841000,5841000
10250,38,1,11990000,11990000
10251,320,1,320000,320000
10252,82,2,2490000,4980000
10253,56,1,6490000,6490000
10254,92,1,237500,237500
10255,156,1,26590500,26590500
10256,220,1,12990000,12990000
10257,78,1,450000,450000
10258,197,1,675000,675000
10259,40,1,1701000,1701000
10259,83,1,27990000,27990000
10259,246,3,750000,2250000
10260,103,1,22990000,22990000
10261,148,1,5990000,5990000
10261,120,1,3490000,3490000
10262,51,2,450000,900000
10263,218,1,1890000,1890000
10264,295,1,675000,675000
10265,223,1,5690500,5690500
10266,221,3,17091000,51273000
10266,310,2,5990000,11980000
10266,286,1,3490000,3490000
10267,109,2,590000,1180000
10268,249,1,320000,320000
10269,11,1,36990000,36990000
10270,133,1,26590500,26590500
10270,32,1,11990000,11990000
10271,16,1,25191000,25191000
10271,248,1,11990000,11990000
10272,52,1,180500,180500
10273,46,1,7990000,7990000
10273,42,1,8541000,8541000
10274,87,1,4990000,4990000
10275,208,1,114000,114000
10276,128,1,450000,450000
10277,74,1,5990000,5990000
10278,308,1,20691000,20691000
10279,8,1,1890000,1890000
10279,301,2,3790500,7581000
10280,315,1,4590000,4590000
10281,86,1,18990000,18990000
10282,145,1,2840500,2840500
10283,308,1,22990000,22990000
10284,97,1,4590000,4590000
10285,297,1,9490000,9490000
10285,309,1,33291000,33291000
10286,109,1,590000,590000
10286,153,3,108000,324000
10287,310,1,5391000,5391000
10288,277,1,6490000,6490000
10288,247,1,11990000,11990000
10288,95,1,7191000,7191000
10289,108,1,31990000,31990000
10290,205,1,6165500,6165500
10291,241,1,4590000,4590000
10292,139,1,9015500,9015500
10293,264,1,9490500,9490500
10293,64,1,18990000,18990000
10294,199,1,36990000,36990000
10294,297,1,9490000,9490000
10295,288,1,3990000,3990000
10296,114,2,31990000,63980000
10297,315,2,4360500,8721000
10297,16,1,27990000,27990000
10298,315,1,4590000,4590000
10298,44,3,2691000,8073000
10299,319,1,2990000,2990000
10300,72,1,7990000,7990000
10301,26,1,31990000,31990000
10301,273,1,11390500,11390500
10302,27,1,12990000,12990000
10303,170,1,18990000,18990000
10304,203,2,27990000,55980000
10305,183,1,2490000,2490000
10306,16,1,27990000,27990000
10307,132,1,4740500,4740500
10307,17,1,304000,304000
10308,98,1,36990000,36990000
10309,306,2,1890000,3780000
10310,199,1,36990000,40689000
10311,210,1,5841000,5841000
10312,286,1,3315500,3315500
10313,247,1,10791000,10791000
10313,157,2,7990000,15980000
10314,136,1,4990000,4990000
10314,249,1,288000,288000
10315,171,1,2490000,2490000
10316,30,2,6165500,12331000
10317,50,1,9490000,10439000
10318,20,1,4590000,4590000
10318,170,1,18990000,18990000
10318,32,1,11990000,11990000
10319,136,1,4740500,4740500
10320,55,1,9990000,9990000
10320,156,2,25191000,50382000
10321,20,1,4590000,4590000
10322,193,1,33291000,33291000
10322,115,1,31990000,31990000
10323,49,1,2241000,2241000
10323,278,1,6165500,6165500
10324,217,2,22990000,45980000
10325,261,1,9490000,9490000
10325,318,1,7990000,7990000
10326,317,1,31990000,31990000
10326,287,2,4740500,9481000
10326,173,1,18990000,18990000
10327,213,1,18990000,18990000
10327,209,1,9990000,9990000
10327,254,1,7191000,7191000
10328,3,1,590000,590000
10328,7,1,6490000,6490000
10329,113,1,18040500,18040500
10330,157,1,7590500,7590500
10331,101,1,17091000,17091000
10332,283,1,9490000,9490000
10333,251,1,26590500,26590500
10334,27,1,12990000,12990000
10335,293,3,2990000,8970000
10336,233,2,250000,500000
10337,166,1,3790500,3790500
10338,180,1,2990000,2990000
10339,39,1,31990000,31990000
10340,112,1,27990000,27990000
10341,16,1,27990000,27990000
10341,254,1,7990000,7990000
10341,148,1,5990000,5990000
10342,128,1,450000,450000
10343,77,1,250000,250000
10344,320,3,320000,960000
10345,100,1,9990000,9990000
10346,292,1,6490000,6490000
10346,279,1,4590000,4590000
10347,306,1,1890000,1890000
10347,154,2,21840500,43681000
10347,73,1,11990000,11990000
10348,233,1,250000,250000
10349,18,1,9490000,9490000
10350,228,1,2241000,2241000
10350,289,1,10791000,10791000
10351,297,1,9015500,9015500
10352,165,1,6490000,6490000
10352,289,1,11990000,11990000
10353,158,1,2990000,2990000
10353,183,2,2490000,4980000
10354,103,2,22990000,45980000
10355,114,1,31990000,31990000
10356,84,1,9490000,9490000
10357,168,1,27990000,27990000
10357,268,1,450000,450000
10358,4,1,320000,320000
10359,8,2,1701000,3402000
10360,299,1,3490000,3490000
10361,249,1,320000,320000
10362,130,1,6741000,6741000
10362,16,1,26590500,26590500
10363,278,1,6165500,6165500
10364,295,1,750000,750000
10365,77,1,250000,250000
10366,106,1,7990000,7990000
10367,31,1,6165500,6165500
10367,313,1,2490000,2490000
10368,4,1,320000,320000
10369,198,1,11990000,11990000
10370,252,1,250000,250000
10371,218,1,1890000,1890000
10371,26,2,28791000,57582000
10372,319,2,2691000,5382000
10373,164,1,3990000,4389000
10374,188,1,9990000,9990000
10374,254,1,7990000,7990000
10375,180,1,2840500,2840500
10376,29,1,250000,250000
10376,118,1,18990000,18990000
10377,175,1,2490000,2490000
10378,126,1,5990000,5990000
10379,304,1,7990000,7990000
10380,126,1,5990000,5990000
10380,270,1,5990000,5990000
10381,146,1,5391000,5391000
10382,230,1,250000,250000
10382,217,1,22990000,22990000
10382,282,1,7990000,7990000
10383,315,1,4360500,4360500
10384,257,1,11390500,11390500
10384,257,1,11990000,11990000
10385,168,1,27990000,27990000
10386,224,1,7990000,7990000
10387,41,1,190000,190000
10388,199,2,36990000,73980000
10388,260,1,17091000,17091000
10388,261,1,9490000,9490000
10389,165,1,6490000,6490000
10390,120,1,3490000,3490000
10391,9,1,320000,320000
10392,124,1,2990000,2990000
10393,64,1,18040500,19844550
10394,235,1,3315500,3315500
10395,29,1,250000,250000
10396,7,1,6490000,6490000
10397,53,1,9015500,9917050
10397,276,1,6490000,6490000
10398,150,1,12990000,12990000
10399,64,1,18040500,18040500
10400,261,2,9490000,18980000
10401,289,1,11990000,11990000
10402,95,1,7191000,7191000
10403,244,1,31990000,31990000
10403,65,1,18040500,18040500
10404,198,3,10791000,32373000
10404,46,1,7191000,7191000
10404,244,1,31990000,31990000
10405,154,1,20691000,20691000
10406,316,1,2840500,2840500
10407,253,1,1890000,1890000
10408,44,1,2990000,2990000
10409,150,1,11691000,11691000
10410,272,1,9490000,9490000
10411,235,1,3490000,3490000
10412,243,1,18990000,18990000
10413,107,1,320000,320000
10413,295,1,750000,750000
10414,14,1,250000,250000
10415,301,1,3591000,3591000
10415,222,2,36990000,73980000
10416,97,1,4590000,4590000
10417,62,1,27990000,27990000
10418,277,1,5841000,5841000
10419,46,1,7191000,7191000
10420,60,1,10791000,10791000
10421,37,3,120000,360000
10422,277,1,5841000,5841000
10422,227,2,8991000,17982000
10423,188,1,9490500,9490500
10423,308,1,21840500,21840500
10424,137,1,3990000,3990000
10425,44,1,2990000,2990000
10425,178,1,2990000,2990000
10426,162,1,18990000,18990000
10427,103,1,22990000,22990000
10428,13,1,27990000,27990000
10428,174,1,4990000,4990000
10429,240,1,5690500,5690500
10429,242,1,5690500,5690500
10429,19,1,11990000,11990000
10430,22,1,4990000,4990000
10431,90,1,405000,405000
10432,305,1,1890000,1890000
10433,288,3,3990000,11970000
10434,112,1,27990000,27990000
10434,89,1,3490000,3490000
10435,241,1,4131000,4131000
10435,189,1,1890000,1890000
10436,55,1,9990000,9990000
10437,192,1,7990000,7990000
10437,275,1,5990000,5990000
10438,288,1,3790500,3790500
10439,230,1,250000,250000
10440,293,1,2990000,2990000
10441,263,2,4990000,9980000
10442,316,1,2990000,2990000
10443,61,1,675000,675000
10444,192,1,7990000,7990000
10445,181,1,4990000,4990000
10446,173,1,18990000,18990000
10447,30,1,6165500,6165500
10448,306,1,1701000,1701000
10449,310,1,5990000,5990000
10450,258,1,5990000,5990000
10451,201,3,4990000,14970000
10452,193,1,36990000,36990000
10453,156,2,27990000,50382000
10454,229,2,250000,500000
10455,85,1,26590500,26590500
10456,274,2,11990000,23980000
10457,81,1,6490000,6490000
10457,102,1,2490000,2490000
10458,91,1,4491000,4491000
10459,128,1,450000,450000
10460,190,1,2990000,2990000
10461,60,1,10791000,10791000
10462,259,1,35140500,35140500
10462,115,1,28791000,28791000
10462,252,1,250000,250000
10463,132,1,4990000,4990000
10464,202,2,10791000,21582000
10465,159,1,12340500,12340500
10466,55,1,9990000,9990000
10467,14,2,225000,450000
10468,173,1,18990000,18990000
10468,164,1,3790500,3790500
10469,209,1,9990000,9990000
10470,236,1,7590500,7590500
10471,81,1,6490000,6490000
10472,153,1,120000,120000
10473,45,1,9490000,9490000
10474,183,1,2490000,2490000
10474,195,1,2490000,2490000
10475,14,1,250000,250000
10476,302,1,36990000,36990000
10477,157,1,7191000,7191000
10477,177,1,36990000,36990000
10478,311,1,3790500,3790500
10479,208,1,108000,108000
10479,142,1,8541000,8541000
10480,255,2,25191000,50382000
10481,279,1,4590000,4590000
10482,216,1,3790500,3790500
10483,237,1,8541000,8541000
10484,89,1,3490000,3490000
10485,276,3,6490000,19470000
10486,208,1,108000,108000
10486,275,1,5690500,5690500
10487,119,1,108000,108000
10488,316,3,2691000,8073000
10489,79,1,190000,190000
10490,59,1,4740500,4740500
10491,276,2,6490000,12980000
10492,89,1,3490000,3490000
10493,254,1,7191000,7191000
10494,247,1,11990000,11990000
10494,287,1,4491000,4491000
10495,31,1,6490000,6490000
10496,71,1,11390500,11390500
10497,314,1,26590500,26590500
10497,301,1,3990000,3990000
10497,24,1,6165500,6165500
10498,137,1,3790500,3790500
10498,170,1,18040500,18040500
10499,141,1,5841000,5841000
10500,212,1,7990000,7990000
10501,109,2,560500,1121000
10502,140,1,4990000,4990000
10503,255,1,27990000,27990000
10503,239,1,6165500,6165500
10504,316,1,2990000,2990000
10505,241,1,4360500,4360500
10505,160,1,2691000,2421900
10506,307,1,3490000,3490000
10507,234,1,7990000,7990000
10508,47,3,5841000,17523000
10509,48,1,6490000,6490000
10510,310,1,5990000,5990000
10511,116,1,18990000,18990000
10512,178,1,2691000,2691000
10513,181,2,4740500,9481000
10514,249,1,304000,304000
10515,174,1,4990000,4990000
10515,2,3,33291000,99873000
10516,173,1,18990000,18990000
10517,252,1,250000,250000
10517,112,1,27990000,27990000
10518,37,2,120000,240000
10519,183,1,2490000,2490000
10520,263,2,4990000,9980000
10520,5,1,7990000,7990000
10521,66,1,750000,750000
10522,61,1,750000,750000
10522,1,1,1890000,1890000
10523,184,3,6490000,19470000
10524,243,1,18040500,18040500
10525,42,1,9015500,9015500
10526,188,1,9990000,9990000
10527,272,1,9490000,9490000
10528,57,1,33291000,33291000
10528,197,1,750000,750000
10529,225,1,27990000,27990000
10530,110,1,4990000,4990000
10530,258,1,5990000,5990000
10531,47,1,6490000,6490000
10531,182,3,33291000,99873000
10531,108,1,31990000,31990000
10532,43,1,8541000,8541000
10533,177,1,33291000,33291000
10533,17,1,320000,320000
10534,175,1,2241000,2241000
10535,109,1,590000,590000
10536,1,1,1890000,1890000
10537,301,1,3990000,3990000
10538,180,1,2691000,2691000
10539,83,1,27990000,27990000
10540,166,1,3790500,3790500
10540,147,1,11990000,11990000
10541,33,1,237500,237500
10542,135,1,5990000,5990000
10542,111,1,7490000,7490000
10543,191,1,4491000,4491000
10544,242,1,5690500,5690500
10545,71,1,11390500,11390500
10546,148,1,5391000,5391000
10546,150,1,11691000,11691000
10547,193,2,36990000,73980000
10548,301,1,3990000,3990000
10549,289,1,11990000,11990000
10550,96,1,2840500,2840500
10551,1,2,1890000,3780000
10552,92,1,250000,250000
10552,229,1,225000,225000
10553,142,3,8541000,25623000
10553,128,2,427500,855000
10554,153,1,114000,114000
10554,234,1,7990000,7990000
10555,59,1,4491000,4491000
10556,258,1,5990000,5990000
10556,243,1,18990000,18990000
10557,306,1,1890000,1890000
10557,77,1,250000,250000
10558,118,2,18990000,37980000
10559,33,1,250000,250000
10559,239,1,6490000,6490000
10560,4,1,320000,320000
10561,202,1,11990000,11990000
10562,268,1,450000,450000
10562,19,1,10791000,10791000
10563,315,1,4590000,4590000
10563,231,2,36990000,73980000
10563,157,1,7990000,7990000
10564,50,2,8541000,17082000
10564,283,1,9015500,9015500
10564,177,1,33291000,33291000
10565,309,1,33291000,33291000
10566,240,3,5990000,17970000
10567,157,1,7990000,7990000
10568,228,1,2490000,2490000
10569,92,1,250000,250000
10570,135,1,5690500,5690500
10571,278,1,6490000,6490000
10571,8,1,1701000,1701000
10572,100,1,9490500,9490500
10573,185,1,2691000,2691000
10574,92,1,250000,250000
10575,90,2,427500,855000
10575,205,1,5841000,5841000
10575,10,1,6490000,6490000
10576,222,1,36990000,36990000
10576,222,1,35140500,35140500
10577,12,2,25191000,50382000
10578,304,1,7990000,7990000
10579,255,2,26590500,53181000
10580,225,1,27990000,27990000
10581,202,1,11990000,11990000
10581,86,1,18990000,18990000
10582,151,1,3490000,3490000
10583,123,2,2490000,4980000
10583,78,1,427500,427500
10584,288,1,3591000,3591000
10585,160,1,2990000,2990000
10586,25,1,3490000,3490000
10587,52,1,190000,190000
10587,19,1,10791000,10791000
10588,8,1,1890000,1890000
10589,33,1,250000,250000
10590,22,1,4990000,4990000
10591,177,1,36990000,36990000
10592,309,1,35140500,35140500
10593,277,1,5841000,5841000
10594,9,1,288000,288000
10595,307,1,3315500,3315500
10596,13,1,27990000,27990000
10596,28,1,4360500,4360500
10597,310,1,5690500,5690500
10598,21,1,7990000,7990000
10599,99,1,11691000,11691000
10600,288,1,3990000,3990000
10601,282,1,7990000,7990000
10601,26,1,30390500,30390500
10602,178,1,2990000,2990000
10603,214,1,26590500,26590500
10604,6,1,5990000,5990000
10605,126,2,5391000,10782000
10605,221,1,18990000,18990000
10606,196,2,4990000,10978000
10607,152,1,22990000,22990000
10608,69,1,4740500,4740500
10609,66,1,750000,750000
10609,283,1,9490000,9490000
10610,45,1,9490000,9490000
10611,110,1,4990000,4990000
10611,64,1,18040500,18040500
10612,239,2,5841000,11682000
10612,310,1,5990000,5990000
10613,320,1,288000,288000
10614,232,2,712500,1425000
10615,57,1,35140500,35140500
10615,207,1,3990000,3990000
10616,299,1,3141000,3141000
10616,262,1,712500,712500
10617,43,1,9490000,9490000
10617,138,3,6741000,20223000
10618,109,1,531000,531000
10619,39,1,28791000,28791000
10620,160,1,2990000,2990000
10621,310,1,5690500,5690500
10621,38,1,11990000,11990000
10622,224,1,7590500,7590500
10623,1,2,1890000,3780000
10624,142,1,9490000,10439000
10625,185,1,2990000,2990000
10625,196,1,4740500,4740500
10626,309,1,36990000,36990000
10627,290,1,18040500,18040500
10628,277,1,6490000,6490000
10629,318,1,7990000,7990000
10630,242,1,5391000,5391000
10631,99,1,12990000,12990000
10632,37,1,120000,120000
10633,178,1,2990000,2990000
10633,228,1,2365500,2365500
10634,191,1,4740500,4740500
10634,201,1,4990000,4990000
10635,169,1,3490000,3490000
10635,220,1,11691000,11691000
10636,236,1,7990000,7990000
10637,81,1,6490000,6490000
10638,43,2,9015500,18031000
10638,134,1,6490000,6490000
10638,14,1,250000,250000
10639,277,1,6490000,6490000
10640,124,1,2990000,2990000
10641,144,1,4990000,5489000
10641,143,1,2490000,2490000
10642,156,1,27990000,27990000
10642,129,1,2990000,2990000
10643,95,1,7990000,8789000
10643,123,1,2241000,2016900
10644,229,2,250000,500000
10645,155,1,27990000,27990000
10646,315,1,4590000,4590000
10647,308,1,21840500,21840500
10648,93,1,7990000,7990000
10649,154,1,21840500,21840500
10650,138,1,7490000,7490000
10651,47,1,6165500,6165500
10652,232,2,750000,1500000
10652,108,2,30390500,60781000
10652,147,2,11390500,22781000
10653,316,1,2990000,2990000
10654,304,2,7990000,15980000
10655,199,2,33291000,66582000
10655,274,1,11990000,11990000
10656,124,1,2990000,2990000
10657,309,3,35140500,105421500
10657,18,1,9490000,9490000
10658,305,1,1701000,1701000
10658,251,1,25191000,25191000
10659,292,1,6490000,6490000
10659,136,1,4740500,4740500
10659,26,1,30390500,30390500
10660,156,1,26590500,26590500
10660,297,1,9490000,9490000
10661,58,1,7490000,7490000
10662,239,1,6490000,6490000
10663,314,1,27990000,30789000
10664,71,1,11990000,11990000
10665,105,1,8541000,8541000
10665,317,1,30390500,30390500
10666,67,1,18990000,18990000
10667,270,1,5990000,5990000
10667,205,1,6490000,6490000
10667,163,1,18040500,18040500
10668,69,1,4990000,4990000
10669,103,1,22990000,22990000
10670,65,1,18040500,18040500
10671,45,1,9490000,9490000
10672,35,1,7590500,7590500
10673,69,1,4990000,4990000
10674,287,1,4491000,4491000
10674,147,1,11390500,11390500
10675,107,1,320000,320000
10676,234,2,7990000,15980000
10677,11,1,36990000,36990000
10678,166,1,3990000,3990000
10679,276,1,5841000,5841000
10679,224,1,7990000,7990000
10680,74,1,5990000,5990000
10680,212,1,7990000,7990000
10681,30,1,6165500,6165500
10682,83,1,27990000,27990000
10683,141,1,5841000,5841000
10684,213,1,18990000,18990000
10685,119,1,120000,120000
10686,149,1,31990000,31990000
10687,239,1,6490000,6490000
10688,276,1,6490000,6490000
10689,181,1,4990000,4990000
10690,126,2,5990000,11980000
10691,179,1,304000,304000
10692,112,1,26590500,26590500
10693,174,1,4990000,4990000
10693,170,3,18990000,56970000
10694,230,1,237500,237500
10694,146,1,5990000,5990000
10695,39,1,31990000,31990000
10696,144,1,4740500,4740500
10697,56,1,6490000,6490000
10697,115,1,30390500,30390500
10698,266,1,120000,108000
10699,136,1,4491000,4491000
10699,152,1,22990000,22990000
10699,269,1,450000,450000
10700,14,1,237500,237500
10701,214,1,27990000,27990000
10702,304,1,7191000,7191000
10703,115,1,31990000,31990000
10704,24,1,6165500,6165500
10705,90,1,427500,427500
10705,17,1,288000,288000
10706,157,1,7590500,7590500
10707,115,1,31990000,31990000
10707,70,1,1890000,1890000
10708,222,1,35140500,35140500
10709,244,1,30390500,30390500
10710,194,1,6490000,6490000
10710,318,1,7191000,7191000
10710,298,1,6165500,6165500
10711,260,1,18990000,18990000
10712,240,1,5990000,5990000
10713,40,1,1890000,1890000
10714,292,1,5841000,5841000
10715,67,2,17091000,34182000
10715,53,1,9490000,9490000
10716,19,1,11990000,11990000
10717,88,1,7191000,7191000
10717,81,1,6165500,6165500
10718,85,1,25191000,25191000
10718,71,1,11990000,11990000
10719,251,1,25191000,25191000
10720,110,1,4740500,4740500
10720,250,1,190000,190000
10721,226,1,17091000,17091000
10722,56,1,6490000,6490000
10723,74,1,5990000,5990000
10724,118,1,17091000,17091000
10724,214,2,27990000,55980000
10725,137,1,3990000,3990000
10726,5,2,7990000,14382000
10726,30,1,5841000,5841000
10727,79,1,190000,190000
10728,20,1,4131000,4131000
10728,310,1,5391000,5391000
10728,248,1,10791000,10791000
10729,279,1,4590000,4590000
10730,277,1,6490000,6490000
10731,163,1,17091000,17091000
10732,100,1,9990000,9990000
10732,174,2,4990000,10978000
10733,234,1,7990000,7990000
10734,127,3,5841000,17523000
10735,304,1,7990000,7990000
10736,289,2,11390500,22781000
10736,289,1,11990000,11990000
10737,266,1,108000,108000
10738,17,1,320000,320000
10738,305,1,1890000,1890000
10739,5,1,7990000,7990000
10740,16,1,25191000,25191000
10741,10,2,6165500,12331000
10742,76,2,22990000,45980000
10743,157,1,7590500,7590500
10743,180,1,2990000,2990000
10744,110,1,4990000,4990000
10744,147,1,11990000,11990000
10745,93,1,7191000,7191000
10746,257,3,11990000,35970000
10747,71,2,11990000,23980000
10748,237,1,9015500,9015500
10749,164,1,3591000,3591000
10750,15,1,4990000,4990000
10751,246,1,750000,750000
10752,269,1,450000,450000
10753,224,1,7990000,7990000
10754,27,2,12990000,25980000
10755,188,1,9490500,9490500
10756,135,1,5690500,5690500
10757,234,1,7990000,7990000
10757,242,1,5990000,5990000
10758,305,1,1890000,1890000
10759,75,1,6490000,6490000
10759,38,1,10791000,10791000
10760,41,1,190000,190000
10761,287,1,4990000,4990000
10762,268,1,405000,405000
10763,210,1,6490000,6490000
10763,76,1,22990000,22990000
10763,105,1,9490000,9490000
10764,74,1,5990000,5990000
10765,53,1,8541000,8541000
10765,67,2,18990000,37980000
10766,232,1,750000,750000
10767,214,1,27990000,27990000
10768,310,1,5690500,5690500
10768,56,1,6490000,6490000
10768,154,1,22990000,22990000
10769,38,2,11390500,22781000
10770,301,3,3990000,11970000
10770,7,1,6165500,5548950
10770,77,1,225000,225000
10771,30,1,6490000,6490000
10771,238,1,36990000,36990000
10771,193,1,36990000,36990000
10772,175,1,2490000,2490000
10772,4,1,320000,320000
10773,52,1,171000,171000
10774,278,1,6490000,7139000
10774,133,1,27990000,27990000
10775,128,1,427500,427500
10776,19,1,11990000,11990000
10776,197,1,675000,675000
10777,207,1,3790500,3790500
10777,111,1,6741000,6741000
10778,85,1,26590500,26590500
10779,83,1,25191000,25191000
10779,217,1,22990000,22990000
10780,285,3,2365500,7096500
10781,14,1,225000,225000
10782,189,1,1890000,1890000
10783,185,1,2691000,2691000
10784,66,1,750000,750000
10784,277,1,5841000,5841000
10785,99,1,12990000,12990000
10786,306,1,1890000,1890000
10787,264,1,9490500,9490500
10787,120,1,3141000,3141000
10788,157,1,7990000,7990000
10789,137,2,3990000,7980000
10789,101,1,18040500,18040500
10790,37,1,114000,114000
10791,175,1,2490000,2490000
10792,1,2,1701000,3402000
10792,228,3,2241000,6723000
10793,117,1,10791000,10791000
10793,46,1,7990000,7990000
10793,79,2,171000,342000
10794,206,1,590000,590000
10795,118,1,18990000,18990000
10796,113,1,17091000,17091000
10797,252,1,250000,250000
10797,156,1,27990000,27990000
10798,236,1,7990000,7990000
10799,225,1,27990000,27990000
10799,228,1,2241000,2241000
10800,214,1,27990000,27990000
10800,2,1,36990000,36990000
10800,194,1,6165500,6165500
10801,188,1,9990000,9990000
10801,104,1,18990000,18990000
10802,279,1,4590000,4590000
10803,268,1,450000,450000
10803,19,1,11990000,11990000
10804,122,1,4990000,4990000
10804,200,1,27990000,27990000
10804,117,2,11990000,23980000
10805,35,1,7590500,7590500
10806,90,1,405000,405000
10807,316,1,2840500,2840500
10808,141,1,6490000,6490000
10809,236,1,7990000,7990000
10809,76,1,22990000,22990000
10810,117,1,11990000,11990000
10811,304,1,7191000,7191000
10812,56,1,6490000,6490000
10813,311,1,3591000,3591000
10814,316,1,2990000,2990000
10815,263,1,4990000,4990000
10816,199,1,36990000,33291000
10817,312,1,4990000,4990000
10817,291,1,3315500,3315500
10817,191,1,4990000,4990000
10818,298,2,6490000,12980000
10819,164,1,3591000,3591000
10820,304,1,7990000,7990000
10820,122,3,4990000,14970000
10821,98,1,36990000,36990000
10822,215,1,27990000,27990000
10823,77,1,225000,225000
10823,136,1,4990000,4990000
10824,156,1,27990000,27990000
10825,184,2,5841000,11682000
10826,244,1,31990000,31990000
10827,102,2,2490000,4980000
10828,73,2,11990000,23980000
10829,243,2,17091000,34182000
10829,78,2,405000,810000
10830,105,1,9490000,9490000
10830,283,1,9490000,9490000
10831,125,1,6490000,6490000
10832,276,1,6490000,6490000
10833,119,1,120000,120000
10833,193,1,35140500,35140500
10834,56,3,6490000,19470000
10835,55,1,9990000,9990000
10836,288,2,3990000,7980000
10837,74,1,5990000,5990000
10837,115,1,31990000,31990000
10838,81,1,5841000,5841000
10839,283,1,9490000,9490000
10840,11,1,36990000,36990000
10841,100,1,9990000,9990000
10841,209,1,8991000,8991000
10841,11,1,36990000,36990000
10842,194,1,6165500,6165500
10842,73,1,11990000,11990000
10842,21,1,7990000,7990000
10843,173,1,17091000,17091000
10844,25,1,3490000,3490000
10844,188,1,8991000,8991000
10844,58,1,7490000,7490000
10845,13,3,27990000,83970000
10846,46,1,7590500,7590500
10847,306,1,1890000,1890000
10847,304,1,7990000,7990000
10848,50,1,8541000,8541000
10848,208,1,120000,120000
10848,294,1,5990000,5990000
10849,284,1,2990000,2990000
10849,252,2,250000,500000
10850,204,3,9490000,28470000
10851,146,1,5391000,5391000
10851,97,1,4590000,4590000
10851,276,2,6490000,12980000
10852,252,1,225000,225000
10852,158,1,2990000,2990000
10853,268,1,450000,450000
10854,275,3,5391000,16173000
10854,96,1,2990000,2990000
10854,127,1,5841000,5841000
10855,236,1,7191000,7910100
10856,227,1,8991000,8991000
10856,274,1,11390500,11390500
10856,312,1,4740500,4740500
10857,269,1,405000,405000
10858,259,1,36990000,36990000
10859,13,1,27990000,27990000
10860,179,1,320000,320000
10860,38,1,11390500,11390500
10861,314,1,25191000,25191000
10862,188,1,8991000,8091900
10863,134,1,6490000,6490000
10864,188,1,9990000,9990000
10865,77,1,225000,247500
10866,219,1,7590500,7590500
10867,9,1,320000,320000
10868,123,1,2490000,2490000
10868,178,1,2840500,2840500
10868,203,1,27990000,27990000
10869,78,1,427500,427500
10870,69,1,4491000,4491000
10870,171,1,2490000,2490000
10870,241,1,4590000,4590000
10871,112,1,27990000,27990000
10872,284,2,2990000,5980000
10873,194,1,6490000,6490000
10874,252,1,225000,225000
10875,153,1,108000,108000
10875,176,1,28791000,28791000
10876,85,1,27990000,27990000
10877,78,1,450000,450000
10878,145,1,2840500,2840500
10879,145,2,2691000,5382000
10879,19,1,11990000,11990000
10880,54,1,7490000,7490000
10881,221,1,18990000,18990000
10881,254,1,7590500,7590500
10882,40,1,1890000,1890000
10883,294,1,5990000,5990000
10884,173,1,18040500,18040500
10885,158,1,2990000,2990000
10886,160,1,2990000,2990000
10887,31,1,6490000,6490000
10888,312,1,4740500,4740500
10889,108,1,30390500,30390500
10890,48,1,6490000,6490000
10890,14,2,237500,475000
10890,52,1,180500,180500
10891,289,1,11390500,11390500
10891,289,1,10791000,10791000
10892,264,1,9990000,9990000
10893,291,1,3315500,3315500
10893,250,2,180500,361000
10894,296,1,20691000,20691000
10895,208,1,108000,108000
10896,311,2,3990000,7980000
10897,69,1,4990000,4990000
10898,205,1,5841000,5841000
10899,162,1,17091000,17091000
10900,186,1,8541000,8541000
10901,153,2,120000,240000
10901,280,1,4590000,4590000
10902,238,1,36990000,36990000
10903,117,1,11390500,11390500
10904,106,1,7990000,7990000
10905,266,1,120000,120000
10906,73,1,11390500,11390500
10907,269,2,450000,900000
10908,96,1,2990000,2990000
10908,270,1,5391000,5391000
10909,274,1,11390500,11390500
10910,53,1,9490000,9490000
10910,91,1,4990000,4990000
10911,148,1,5990000,5990000
10912,189,1,1890000,1890000
10913,232,1,750000,750000
10913,286,1,3315500,3315500
10913,188,1,9990000,9990000
10914,223,1,5990000,5990000
10915,191,1,4990000,4990000
10915,244,1,31990000,31990000
10916,124,1,2691000,2691000
10917,40,1,1890000,1890000
10918,284,1,2990000,2990000
10919,86,1,18990000,18990000
10920,110,2,4990000,9980000
10921,155,1,27990000,27990000
10921,81,1,6490000,6490000
10922,185,1,2990000,2990000
10922,144,2,4990000,9980000
10923,317,1,31990000,31990000
10923,203,1,27990000,30789000
10924,82,3,2241000,6723000
10925,22,1,4740500,4740500
10926,197,1,712500,712500
10927,199,1,36990000,36990000
10928,22,1,4990000,4990000
10928,27,1,11691000,11691000
10928,253,1,1890000,1890000
10929,263,1,4990000,4990000
10930,265,1,30390500,30390500
10931,188,1,8991000,8991000
10931,238,1,35140500,35140500
10932,163,1,17091000,17091000
10932,317,1,28791000,28791000
10932,264,1,9990000,9990000
10933,91,1,4990000,4990000
10934,4,1,320000,320000
10935,65,1,18040500,18040500
10935,303,1,18990000,18990000
10936,252,1,225000,225000
10937,282,1,7590500,7590500
10938,216,1,3990000,3990000
10939,99,1,12990000,12990000
10940,170,1,17091000,17091000
10941,143,1,2365500,2365500
10942,264,1,9490500,9490500
10943,26,2,28791000,57582000
10943,171,1,2241000,2241000
10943,1,1,1795500,1795500
10944,25,1,3315500,3315500
10945,212,1,7990000,7990000
10945,288,1,3990000,3990000
10946,187,1,4990000,4990000
10947,27,1,12340500,12340500
10947,21,1,7990000,7990000
10948,49,1,2490000,2490000
10949,106,1,7990000,7990000
10950,316,1,2840500,2840500
10951,255,2,27990000,55980000
10952,42,1,9490000,9490000
10953,279,1,4131000,4131000
10954,225,1,27990000,27990000
10955,273,1,11990000,11990000
10955,292,1,6165500,6165500
10956,22,1,4990000,4990000
10957,306,1,1701000,1701000
10957,64,1,18990000,18990000
10958,247,1,11390500,11390500
10959,39,1,30390500,30390500
10959,208,3,120000,360000
10960,202,1,11390500,11390500
10961,83,1,25191000,25191000
10962,157,1,7590500,7590500
10963,196,1,4491000,4491000
10963,25,1,3490000,3490000
10963,72,2,7990000,15980000
10964,83,1,25191000,22671900
10965,257,1,11390500,11390500
10966,189,1,1795500,1615950
10967,227,2,9990000,19980000
10968,29,1,250000,275000
10969,143,1,2365500,2365500
10970,304,1,7191000,7191000
10971,139,1,9015500,9015500
10972,68,1,1890000,1890000
10972,264,1,9490500,9490500
10973,260,1,18990000,18990000
10974,300,1,1890000,1890000
10975,77,1,250000,250000
10975,293,1,2990000,2990000
10975,293,2,2990000,5980000
10976,186,1,9490000,9490000
10977,306,1,1890000,1890000
10978,247,1,11990000,11990000
10979,102,1,2365500,2365500
10980,299,1,3490000,3490000
10981,170,1,18990000,18990000
10981,256,3,560500,1681500
10982,168,1,27990000,27990000
10983,34,1,17091000,17091000
10983,311,1,3990000,3990000
10983,136,1,4990000,4990000
10984,116,1,18990000,18990000
10984,125,1,6490000,6490000
10984,222,1,33291000,33291000
10985,253,2,1701000,3402000
10986,2,1,36990000,36990000
10987,307,2,3315500,6631000
10988,284,1,2691000,2691000
10988,15,2,4740500,9481000
10989,192,1,7990000,7990000
10990,319,1,2990000,2990000
10991,313,2,2490000,4980000
10992,212,1,7990000,7990000
10993,47,2,5841000,11682000
10994,40,2,1890000,3780000
10995,236,1,7990000,7990000
10996,114,1,28791000,28791000
10997,189,1,1795500,1795500
10997,275,1,5990000,5990000
10998,294,1,5990000,5990000
10999,162,1,18040500,18040500
10999,54,3,7490000,22470000
11000,286,1,3490000,3490000
11000,294,1,5690500,5690500
11000,272,1,9490000,9490000
11001,169,1,3490000,3490000
11002,23,1,36990000,36990000
11002,104,1,18990000,18990000
11003,230,1,237500,237500
11004,224,1,7990000,7990000
11005,133,1,27990000,27990000
11005,310,1,5990000,5990000
11006,105,1,9490000,9490000
11007,280,1,4590000,4590000
11008,106,1,7590500,7590500
11009,261,1,9490000,9490000
11010,183,1,2490000,2490000
11011,187,1,4491000,4491000
11012,93,2,7990000,15980000
11012,63,1,5690500,5690500
11013,283,1,9490000,9490000
11013,205,1,6165500,6165500
11014,188,1,9990000,9990000
11015,220,1,12990000,12990000
11015,93,1,7990000,7990000
11016,282,1,7191000,7191000
11017,247,3,11990000,35970000
11018,181,1,4990000,4990000
11019,142,1,9015500,9015500
11020,54,1,7490000,7490000
11021,203,2,25191000,50382000
11021,312,1,4990000,4990000
11022,298,1,6490000,6490000
11022,158,1,2990000,2990000
11023,112,1,27990000,27990000
11023,133,2,27990000,55980000
11024,29,1,250000,250000
11024,133,1,27990000,27990000
11025,59,1,4740500,4740500
11026,175,3,2490000,7470000
11027,209,1,9990000,9990000
11027,26,2,31990000,63980000
11028,19,1,10791000,10791000
11028,65,1,18990000,18990000
11029,37,1,114000,114000
11030,133,1,27990000,27990000
11031,98,3,36990000,110970000
11032,2,1,33291000,33291000
11033,254,1,7990000,7191000
11034,223,1,5990000,5990000
11034,32,1,11990000,11990000
11034,2,1,33291000,33291000
11035,262,1,750000,750000
11035,119,3,114000,342000
11036,95,1,7990000,7990000
11037,215,1,27990000,27990000
11037,301,1,3990000,3990000
11038,278,1,5841000,5841000
11039,258,1,5990000,5990000
11039,275,1,5990000,5990000
11039,157,1,7990000,7990000
11040,136,1,4491000,4491000
11041,60,1,11990000,11990000
11041,176,1,30390500,30390500
11041,180,2,2691000,5382000
11042,25,1,3315500,3315500
11043,194,1,6490000,6490000
11043,101,1,18990000,18990000
11044,156,1,27990000,27990000
11044,125,1,6165500,6165500
11044,138,1,7490000,7490000
11045,20,1,4360500,4360500
11045,97,1,4590000,4590000
11046,245,1,9490000,9490000
11047,180,1,2691000,2691000
11048,283,1,9490000,9490000
11048,183,1,2241000,2241000
11049,3,1,531000,531000
11050,67,1,18990000,18990000
11051,57,1,36990000,36990000
11052,310,1,5990000,5990000
11052,291,1,3141000,3141000
11053,319,1,2990000,2990000
11054,51,1,450000,450000
11054,93,1,7590500,7590500
11054,94,1,5391000,5391000
11055,118,1,18990000,18990000
11056,215,1,25191000,25191000
11057,96,1,2990000,2990000
11058,99,1,12340500,12340500
11058,247,1,10791000,10791000
11059,273,1,11390500,11390500
11060,98,1,35140500,35140500
11061,91,1,4491000,4491000
11062,22,1,4491000,4491000
11063,137,2,3990000,7980000
11063,255,1,27990000,27990000
11064,142,1,9490000,9490000
11064,89,1,3141000,3141000
11064,303,2,18990000,37980000
11065,88,1,7990000,7990000
11066,300,1,1890000,1890000
11067,175,1,2365500,2365500
11068,318,1,7590500,7590500
11069,139,1,9015500,9015500
11070,290,1,18990000,18990000
11071,312,1,4491000,4491000
11072,113,1,18040500,18040500
11073,257,1,10791000,10791000
11074,155,1,27990000,27990000
11074,229,1,225000,225000
11075,67,1,18990000,18990000
11075,41,1,190000,190000
11076,206,1,590000,590000
11076,223,1,5990000,5990000
11077,313,1,2241000,2241000
11078,190,1,2990000,2990000
11079,246,1,750000,750000
11080,70,2,1890000,3780000
11081,313,1,2490000,2490000
11082,295,1,712500,712500
11083,303,2,18040500,36081000
11084,230,1,225000,202500
11085,300,1,1890000,1890000
11086,284,1,2691000,2691000
11087,282,1,7990000,7990000
11088,302,1,36990000,36990000
11089,122,1,4491000,4491000
11090,159,1,11691000,11691000
11091,20,1,4131000,4131000
11092,20,1,4590000,4590000
11093,307,1,3315500,3315500
11093,32,1,11990000,11990000
11094,5,1,7590500,7590500
11095,287,1,4990000,4990000
11095,123,1,2490000,2490000
11095,209,3,9990000,29970000
11096,164,1,3990000,3990000
11096,6,1,5990000,5990000
11097,50,1,9015500,9015500
11097,212,1,7990000,7990000
11098,114,1,31990000,31990000
11099,61,1,750000,750000
11100,1,1,1890000,1890000
11101,293,1,2840500,2840500
11102,51,1,450000,450000
11103,157,1,7990000,7990000
11104,130,1,6741000,6741000
11104,250,1,190000,190000
11105,86,1,18990000,18990000
11106,25,2,3490000,6980000
11107,16,1,27990000,27990000
11107,111,1,6741000,6741000
11108,154,1,22990000,22990000
11109,146,1,5690500,5690500
11110,309,1,36990000,36990000
11111,4,1,288000,288000
11112,223,1,5990000,5990000
11113,311,2,3591000,7182000
11113,297,1,8541000,8541000
11113,91,1,4740500,4740500
11114,251,1,27990000,27990000
11114,267,1,8541000,8541000
11114,79,1,180500,180500
11115,116,2,17091000,34182000
11115,108,1,28791000,28791000
11116,103,3,22990000,68970000
11116,179,1,304000,304000
11117,118,1,18990000,18990000
11118,35,1,7191000,7191000
11119,92,1,237500,237500
11120,143,1,2490000,2490000
11121,50,1,9490000,9490000
11122,176,1,31990000,31990000
11122,183,1,2365500,2365500
11123,249,3,320000,960000
11123,279,1,4590000,4590000
11124,5,1,7990000,7990000
11125,94,2,5990000,11980000
11126,246,1,750000,750000
11126,230,1,237500,237500
11126,268,2,427500,855000
11127,211,2,6490000,12980000
11127,149,1,30390500,30390500
11128,175,1,2365500,2365500
11129,225,1,27990000,27990000
11130,92,3,250000,750000
11131,141,1,6490000,6490000
11132,50,1,9490000,9490000
11133,156,1,25191000,25191000
11134,179,1,288000,288000
11135,231,1,35140500,35140500
11136,98,1,36990000,36990000
11136,36,1,171000,171000
11137,126,1,5690500,5690500
11138,166,1,3591000,3591000
11139,115,1,30390500,33429550
11140,36,1,190000,190000
11140,107,1,320000,320000
11141,208,1,120000,120000
11142,125,1,6490000,6490000
11142,2,1,36990000,36990000
11142,131,1,26590500,26590500
11143,176,1,31990000,31990000
11144,156,1,26590500,26590500
11145,135,1,5990000,5990000
11146,124,2,2990000,5980000
11147,85,1,26590500,26590500
11147,206,1,590000,590000
11148,5,2,7590500,15181000
11149,120,1,3141000,3141000
11150,319,1,2990000,2990000
11150,219,1,7990000,7990000
11151,32,2,11990000,23980000
11152,115,1,31990000,31990000
11153,223,2,5990000,11980000
11154,262,1,675000,675000
11155,165,1,6490000,6490000
11156,24,1,6165500,6165500
11157,225,2,27990000,55980000
11158,314,1,27990000,27990000
11159,13,1,25191000,25191000
11160,143,1,2365500,2365500
11160,103,2,22990000,45980000
11161,212,1,7191000,7191000
11162,195,1,2365500,2365500
11162,113,1,18990000,18990000
11163,99,1,11691000,11691000
11164,9,2,320000,640000
11164,299,1,3315500,3315500
11165,164,1,3990000,3990000
11166,194,1,6490000,6490000
11166,197,1,750000,750000
11167,174,1,4491000,4491000
11168,50,1,9015500,9015500
11169,125,1,6165500,6165500
11170,195,1,2490000,2739000
11170,133,1,25191000,25191000
11170,4,1,320000,320000
11171,173,1,18990000,18990000
11172,306,1,1890000,1890000
11173,237,1,9490000,9490000
11174,143,1,2490000,2490000
11175,299,1,3315500,3315500
11176,135,1,5990000,5990000
11177,41,1,190000,190000
11178,116,2,18990000,37980000
11179,225,1,26590500,26590500
11180,47,1,5841000,6425100
11181,94,1,5990000,5990000
11181,64,1,18990000,18990000
11182,11,1,36990000,36990000
11183,204,1,9490000,9490000
11183,118,1,18990000,18990000
11183,102,1,2490000,2490000
11184,201,1,4990000,4990000
11185,120,1,3490000,3490000
11186,292,1,6490000,6490000
11187,278,1,6490000,6490000
11188,152,1,21840500,21840500
11189,175,1,2490000,2490000
11190,104,1,17091000,17091000
11191,82,1,2490000,2490000
11192,148,1,5990000,5990000
11193,144,1,4491000,4491000
11194,148,1,5990000,5990000
11195,264,2,9990000,19980000
11195,67,2,18990000,37980000
11196,262,1,712500,712500
11197,79,1,190000,190000
11197,54,1,7115500,7115500
11197,106,1,7590500,7590500
11198,130,1,6741000,6741000
11198,136,1,4990000,4990000
11199,41,1,171000,171000
11200,299,1,3490000,3490000
11201,21,1,7590500,7590500
11202,195,1,2365500,2365500
11203,141,1,6490000,6490000
11204,219,1,7990000,7990000
11204,311,1,3990000,3990000
11205,193,1,33291000,33291000
11206,203,1,27990000,27990000
11207,254,1,7990000,7990000
11208,3,1,590000,590000
11209,233,1,250000,250000
11210,211,1,5841000,5841000
11211,42,1,9490000,9490000
11212,261,1,9490000,9490000
11212,226,1,18990000,18990000
11212,96,1,2840500,2840500
11213,151,3,3315500,9946500
11214,229,1,250000,250000
11215,196,1,4740500,4740500
11216,91,1,4491000,4491000
11217,33,1,250000,250000
11218,215,1,25191000,25191000
11219,119,2,108000,216000
11219,151,1,3315500,3315500
11220,270,1,5690500,5690500
11220,134,1,6490000,6490000
11220,80,2,9490000,18980000
11221,60,1,10791000,10791000
11221,196,1,4491000,4491000
11221,30,2,5841000,11682000
11222,183,3,2490000,7470000
11222,184,1,5841000,5841000
11223,95,1,7990000,7990000
11224,5,1,7590500,7590500
11225,93,1,7990000,7990000
11226,217,1,21840500,21840500
11227,52,1,171000,171000
11228,168,3,26590500,79771500
11229,142,1,9490000,9490000
11229,2,1,36990000,36990000
11230,226,1,18990000,18990000
11230,28,1,4360500,4360500
11231,136,1,4491000,4491000
11232,95,1,7990000,7990000
11233,283,1,9490000,9490000
11234,178,1,2691000,2691000
11234,183,3,2365500,7096500
11235,224,1,7191000,7191000
11235,11,2,36990000,73980000
11236,180,3,2990000,8970000
11236,87,1,4740500,4740500
11237,119,1,108000,108000
11238,318,1,7990000,7990000
11239,176,1,28791000,28791000
11239,42,1,9015500,9015500
11239,308,1,21840500,21840500
11240,176,3,28791000,86373000
11241,245,1,9015500,9015500
11242,133,1,27990000,27990000
11243,61,1,675000,675000
11243,183,1,2490000,2490000
11244,282,2,7990000,15980000
11244,245,1,9490000,9490000
11244,40,1,1701000,1701000
11245,195,1,2490000,2490000
11245,128,2,427500,855000
11245,297,1,9490000,9490000
11246,288,1,3591000,3591000
11247,319,1,2840500,2840500
11247,279,1,4131000,3717900
11248,167,1,36990000,36990000
11249,200,1,27990000,27990000
11250,159,1,12990000,12990000
11251,143,2,2490000,4980000
11252,254,1,7990000,7990000
11252,30,1,6490000,6490000
11253,280,1,4131000,4131000
11254,188,1,9990000,9990000
11255,142,1,9490000,9490000
11256,149,1,31990000,31990000
11256,107,1,304000,304000
11257,235,1,3490000,3490000
11257,5,2,7990000,15980000
11258,121,1,171000,171000
11258,99,1,12990000,12990000
11259,313,1,2490000,2490000
11260,231,3,35140500,105421500
11261,43,2,9490000,18980000
11261,164,1,3990000,3990000
11261,313,1,2490000,2490000
11262,41,1,190000,190000
11263,28,1,4131000,4131000
11264,297,1,9490000,9490000
11265,10,1,6490000,6490000
11266,22,1,4990000,4990000
11267,102,1,2490000,2241000
11268,227,1,9990000,9990000
11268,147,1,10791000,10791000
11269,214,1,27990000,27990000
11269,162,1,18990000,18990000
11270,250,1,190000,190000
11271,126,3,5391000,16173000
11272,49,1,2490000,2490000
11273,160,2,2691000,5382000
11274,200,2,25191000,50382000
11275,48,1,6490000,6490000
11276,55,1,9490500,9490500
11277,101,2,18990000,37980000
11278,287,1,4990000,4990000
11279,163,1,18990000,18990000
11279,40,1,1701000,1701000
11280,261,1,9490000,9490000
11281,176,1,31990000,31990000
11281,165,1,6490000,6490000
11282,306,1,1890000,1890000
11283,219,1,7191000,7191000
11283,268,1,427500,427500
11284,305,1,1701000,1701000
11285,88,1,7590500,7590500
11286,53,2,9015500,18031000
11286,151,1,3141000,3141000
11287,190,1,2990000,2990000
11288,13,1,26590500,26590500
11289,49,1,2365500,2365500
11290,170,1,18990000,18990000
11291,296,1,22990000,22990000
11292,177,1,36990000,36990000
11292,71,1,11990000,11990000
11293,209,1,9990000,9990000
11294,266,2,120000,240000
11295,73,2,11990000,23980000
11295,157,1,7191000,7191000
11296,67,1,18040500,18040500
11297,307,1,3315500,3315500
11298,267,1,8541000,8541000
11299,18,1,9015500,9015500
11300,30,2,6490000,12980000
11301,146,1,5690500,5690500
11302,129,1,2990000,2990000
11303,232,1,750000,750000
11304,306,1,1795500,1795500
11304,94,1,5690500,5690500
11305,149,1,31990000,31990000
11306,280,1,4590000,4590000
11307,307,1,3315500,3315500
11308,316,1,2990000,2990000
11309,304,2,7990000,15980000
11310,315,1,4360500,4360500
11311,163,2,17091000,34182000
11312,57,1,36990000,36990000
11312,42,2,9490000,18980000
11313,106,1,7191000,7191000
11314,166,1,3790500,3790500
11314,185,1,2990000,2990000
11315,164,1,3990000,3990000
11315,120,1,3490000,3490000
11316,204,1,9490000,9490000
11317,230,1,250000,250000
11318,182,1,35140500,35140500
11319,136,1,4990000,4990000
11319,294,1,5990000,5990000
11320,267,1,9490000,9490000
11320,84,1,9490000,9490000
11321,204,1,9490000,9490000
11322,172,1,3141000,3141000
11323,164,1,3990000,3990000
11323,112,1,26590500,26590500
11323,274,1,11990000,11990000
11324,44,2,2990000,5980000
11325,107,2,320000,640000
11325,81,1,6490000,6490000
11325,208,1,120000,120000
11326,216,2,3591000,7182000
11327,191,1,4491000,4491000
11328,240,1,5391000,5391000
11329,119,1,108000,108000
11330,220,1,12340500,12340500
11331,273,1,10791000,10791000
11331,220,1,11691000,11691000
11332,190,1,2990000,2990000
11333,314,1,27990000,27990000
11334,91,1,4491000,4491000
11334,205,1,6165500,6165500
11334,220,1,12990000,12990000
11335,152,2,22990000,45980000
11336,6,1,5990000,5990000
11336,307,1,3490000,3490000
11336,55,1,9990000,9990000
11337,215,3,27990000,83970000
11338,59,1,4491000,4491000
11338,146,1,5990000,5990000
11339,185,1,2840500,2840500
11340,19,1,11990000,11990000
11341,94,1,5690500,5690500
11342,294,1,5690500,5690500
11342,50,1,8541000,8541000
11343,294,1,5690500,5690500
11344,223,2,5391000,10782000
11344,163,2,18990000,37980000
11345,69,1,4491000,4491000
11346,130,1,7115500,7115500
11346,189,1,1701000,1701000
11346,264,1,9990000,9990000
11347,170,1,18990000,18990000
11347,287,1,4491000,4491000
11348,48,1,6490000,6490000
11349,88,2,7990000,15980000
11350,244,1,30390500,30390500
11351,234,1,7990000,7990000
11352,90,1,450000,450000
11353,130,2,6741000,13482000
11354,131,1,27990000,27990000
11355,290,2,18990000,37980000
11356,273,2,11390500,22781000
11357,10,1,6165500,6165500
11357,285,1,2365500,2365500
11358,80,1,9490000,9490000
11359,8,1,1890000,1890000
11359,223,1,5990000,5990000
11360,137,1,3990000,3990000
11361,149,1,28791000,28791000
11362,23,2,33291000,66582000
11363,72,1,7191000,7191000
11364,32,1,11390500,11390500
11365,39,1,28791000,28791000
11366,124,1,2990000,2990000
11367,296,1,22990000,22990000
11368,24,1,5841000,5841000
11369,190,1,2691000,2691000
11370,139,1,9490000,9490000
11370,139,1,9490000,9490000
11370,162,2,18990000,37980000
11371,245,1,9490000,9490000
11372,222,1,36990000,36990000
11373,107,1,320000,320000
11374,218,2,1890000,3780000
11374,69,1,4740500,4740500
11375,319,3,2990000,8970000
11375,284,1,2691000,2691000
11376,222,1,35140500,35140500
11377,266,1,108000,108000
11378,308,1,22990000,22990000
11379,262,1,750000,750000
11379,226,1,18990000,18990000
11379,191,2,4990000,9980000
11380,275,1,5990000,5990000
11381,186,1,9015500,9015500
11382,186,1,9015500,9015500
11382,314,1,27990000,27990000
11383,43,1,8541000,8541000
11384,310,2,5690500,11381000
11385,53,1,9490000,9490000
11386,56,1,6490000,6490000
11387,48,1,6490000,6490000
11388,265,1,31990000,31990000
11389,236,1,7990000,7990000
11389,75,1,6490000,6490000
11389,98,3,36990000,110970000
11390,29,1,250000,250000
11390,81,1,6490000,6490000
11391,5,1,7990000,7990000
11392,305,1,1890000,1890000
11393,320,3,320000,960000
11393,197,1,750000,750000
11394,111,1,7490000,7490000
11395,8,1,1890000,1890000
11395,307,3,3490000,10470000
11395,25,2,3315500,6631000
11396,86,1,18040500,18040500
11396,164,2,3591000,7182000
11397,149,1,28791000,28791000
11398,84,1,9490000,9490000
11399,171,1,2490000,2490000
11400,263,2,4740500,9481000
11401,75,1,6490000,6490000
11402,125,1,6490000,6490000
11403,120,1,3490000,3490000
11404,225,1,27990000,27990000
11405,216,1,3591000,3591000
11405,200,1,27990000,27990000
11406,302,1,36990000,36990000
11407,254,1,7990000,7990000
11408,106,1,7990000,7990000
11408,89,1,3141000,3141000
11409,76,1,22990000,22990000
11409,71,2,10791000,21582000
11410,292,1,6490000,6490000
11411,49,2,2241000,4482000
11412,136,1,4491000,4491000
11412,241,1,4590000,4590000
11412,50,1,9490000,9490000
11413,233,1,250000,250000
11414,37,1,108000,108000
11415,53,1,9490000,9490000
11416,263,1,4491000,4491000
11416,239,1,6490000,6490000
11417,285,1,2490000,2490000
11417,98,1,33291000,33291000
11418,234,1,7191000,7191000
11419,95,1,7590500,7590500
11420,227,1,9990000,9990000
11421,136,1,4990000,4990000
11422,182,1,36990000,36990000
11423,299,1,3490000,3490000
11424,216,1,3990000,3990000
11425,53,1,9490000,9490000
11426,291,1,3490000,3490000
11426,250,1,171000,171000
11427,161,1,18990000,18990000
11428,258,1,5391000,5391000
11429,86,1,18990000,18990000
11430,213,1,18040500,18040500
11430,257,1,10791000,10791000
11431,114,1,28791000,28791000
11431,55,1,9490500,9490500
11431,178,1,2840500,2840500
11432,285,1,2365500,2365500
11432,146,1,5990000,5990000
11433,227,1,9490500,9490500
11434,10,1,6490000,6490000
11434,272,1,9490000,9490000
11434,84,1,9490000,9490000
11435,199,1,36990000,36990000
11435,61,1,750000,750000
11435,99,1,12990000,12990000
11436,95,3,7590500,22771500
11437,298,1,6165500,6165500
11438,187,1,4740500,4740500
11439,22,1,4990000,4990000
11440,121,2,190000,380000
11441,219,1,7990000,7990000
11442,253,1,1890000,1890000
11443,167,1,36990000,36990000
11444,247,1,11990000,11990000
11445,103,1,22990000,22990000
11446,3,1,560500,560500
11447,1,1,1890000,1890000
11447,256,1,531000,531000
11448,249,1,304000,304000
11448,253,3,1795500,5386500
11449,217,1,20691000,20691000
11449,263,2,4740500,9481000
11450,94,1,5990000,5990000
11451,278,1,6490000,6490000
11451,178,1,2691000,2691000
11452,30,1,6490000,6490000
11452,228,1,2241000,2241000
11453,226,1,17091000,17091000
11453,292,1,6490000,6490000
11454,115,1,31990000,31990000
11455,165,1,6490000,6490000
11456,313,1,2490000,2490000
11456,46,1,7191000,7191000
11457,102,1,2490000,2490000
11458,211,1,6490000,6490000
11458,313,1,2365500,2365500
11459,254,1,7990000,7990000
11460,73,1,11990000,11990000
11460,48,1,6490000,6490000
11461,216,1,3591000,3591000
11462,287,1,4990000,4990000
11462,151,1,3141000,3141000
11463,37,1,114000,114000
11464,260,1,18990000,18990000
11465,271,1,6165500,6165500
11465,74,1,5391000,5391000
11466,234,1,7191000,7191000
11467,116,2,18990000,37980000
11468,289,1,11990000,11990000
11469,48,1,6490000,6490000
11470,101,1,18990000,18990000
11470,97,1,4590000,4590000
11470,150,2,12990000,25980000
11471,103,1,20691000,20691000
11472,223,1,5990000,5990000
11473,137,2,3990000,7980000
11474,167,1,36990000,36990000
11475,85,1,27990000,27990000
11476,195,2,2365500,4731000
11476,12,1,27990000,27990000
11476,77,1,250000,250000
11477,309,1,33291000,33291000
11478,24,3,5841000,17523000
11478,105,1,9015500,9015500
11479,147,1,11990000,11990000
11479,33,2,250000,500000
11480,69,1,4491000,4491000
11480,181,1,4990000,4990000
11481,254,1,7990000,7990000
11482,258,1,5990000,5990000
11482,287,1,4990000,4990000
11482,132,1,4990000,4990000
11483,206,1,590000,590000
11484,311,2,3990000,7980000
11484,57,1,36990000,36990000
11484,268,1,427500,427500
11485,316,1,2840500,2840500
11486,134,1,6490000,6490000
11486,55,1,9990000,9990000
11487,76,1,22990000,22990000
11488,57,1,35140500,35140500
11488,123,2,2490000,4980000
11489,297,1,9015500,9015500
11490,302,1,35140500,35140500
11491,11,1,36990000,36990000
11491,39,1,31990000,31990000
11492,149,1,31990000,31990000
11493,54,1,6741000,6741000
11494,274,1,11990000,11990000
11495,118,2,18990000,34182000
11496,240,2,5990000,11980000
11497,33,1,237500,237500
11497,96,1,2840500,2840500
11498,65,2,17091000,34182000
11498,296,2,21840500,43681000
11499,286,1,3490000,3490000
11499,7,1,6165500,6165500
11500,251,1,26590500,26590500
11500,264,1,9990000,9990000
11501,230,1,237500,237500
11501,90,1,450000,450000
11502,33,1,237500,237500
11503,149,1,31990000,31990000
11504,189,1,1701000,1701000
11505,43,1,9490000,9490000
11506,78,1,427500,427500
11507,287,2,4990000,9980000
11507,119,1,114000,114000
11507,315,1,4590000,4590000
11508,304,1,7990000,7990000
11508,179,1,304000,304000
11509,51,1,450000,450000
11510,235,2,3490000,6980000
11511,39,2,31990000,63980000
11512,290,1,18990000,18990000
11512,172,1,3490000,3490000
11513,319,1,2990000,2990000
11514,23,2,33291000,66582000
11515,48,1,6165500,6165500
11516,35,1,7990000,7990000
11516,161,1,18040500,18040500
11517,205,1,5841000,5841000
11518,175,1,2490000,2490000
11519,313,1,2490000,2490000
11519,104,2,18990000,37980000
11520,99,1,11691000,11691000
11521,224,1,7990000,7990000
11522,300,1,1890000,1890000
11523,230,1,250000,250000
11524,194,1,6165500,6165500
11525,213,2,18990000,37980000
11526,126,1,5990000,5990000
11527,147,1,11990000,11990000
11527,273,1,11390500,11390500
11528,264,1,9990000,9990000
11529,131,1,27990000,27990000
11530,158,1,2840500,2840500
11530,78,1,405000,405000
11531,265,1,31990000,31990000
11531,64,1,18990000,18990000
11531,279,1,4360500,4360500
11532,274,1,11390500,11390500
11532,284,1,2990000,2990000
11533,20,1,4590000,4590000
11534,175,1,2365500,2365500
11534,308,1,22990000,22990000
11535,294,1,5990000,5990000
11536,320,1,304000,304000
11537,181,1,4990000,4990000
11537,156,1,27990000,27990000
11537,20,1,4590000,4590000
11538,77,1,250000,250000
11539,18,1,9490000,9490000
11539,156,2,26590500,53181000
11540,223,2,5990000,11980000
11540,285,1,2490000,2490000
11541,124,1,2691000,2691000
11542,49,2,2490000,4980000
11542,128,1,450000,450000
11543,173,1,18990000,18990000
11544,95,1,7990000,7990000
11544,102,1,2490000,2490000
11545,47,1,6490000,6490000
11546,175,1,2490000,2490000
11547,213,2,17091000,37600200
11547,223,2,5391000,10782000
11548,33,1,237500,237500
11549,79,1,171000,171000
11550,273,1,11990000,11990000
11551,225,2,27990000,55980000
11552,160,1,2990000,2990000
11553,41,1,190000,190000
11554,286,1,3490000,3490000
11555,15,2,4990000,9980000
11556,280,1,4590000,4590000
11557,168,1,27990000,27990000
11557,291,1,3490000,3490000
11558,17,1,320000,320000
11559,113,1,18990000,18990000
11560,102,1,2241000,2241000
11561,290,2,18040500,36081000
11561,168,1,27990000,27990000
11562,274,1,11390500,11390500
11563,65,1,18990000,18990000
11564,195,1,2490000,2490000
11564,92,1,250000,250000
11565,35,1,7990000,7990000
11566,84,1,9015500,9015500
11567,192,1,7990000,7990000
11568,150,1,12340500,12340500
11569,114,1,31990000,31990000
11570,139,1,9490000,9490000
11571,201,1,4990000,4990000
11572,14,1,250000,250000
11573,315,1,4590000,4590000
11574,289,1,11990000,11990000
11575,187,1,4990000,4990000
11576,221,1,18040500,18040500
11577,210,1,6165500,6165500
11578,297,1,8541000,8541000
11579,127,1,6490000,6490000
11580,208,1,120000,120000
11581,247,1,10791000,10791000
11582,310,1,5990000,5990000
11583,4,1,288000,288000
11584,293,1,2990000,2990000
11584,137,1,3990000,3990000
11584,78,1,405000,405000
11585,296,1,22990000,22990000
11586,21,1,7990000,7990000
11587,62,1,25191000,25191000
11587,282,1,7990000,7990000
11588,189,1,1890000,1890000
11589,5,1,7990000,7990000
11590,301,1,3990000,3990000
11591,14,1,225000,225000
11592,163,1,18990000,18990000
11592,171,1,2365500,2365500
11592,303,1,17091000,17091000
11593,26,1,30390500,30390500
11594,8,1,1890000,1890000
11595,261,1,9490000,9490000
11596,202,1,11990000,11990000
11596,277,1,6490000,6490000
11596,154,2,21840500,43681000
11597,283,1,9490000,9490000
11598,81,1,6490000,6490000
11599,18,1,9490000,9490000
11600,19,1,11990000,11990000
11601,261,1,9490000,9490000
11602,180,1,2691000,2691000
11602,51,1,427500,427500
11603,268,1,450000,450000
11604,109,2,590000,1180000
11605,1,1,1890000,1890000
11605,139,1,9015500,9015500
11606,141,1,6165500,6165500
11607,302,1,36990000,36990000
11608,34,1,18990000,18990000
11609,270,1,5690500,5690500
11610,97,1,4360500,4360500
11610,171,1,2490000,2490000
11611,68,1,1890000,1890000
11612,18,1,8541000,8541000
11613,125,3,6490000,19470000
11613,54,1,6741000,6741000
11614,175,1,2490000,2490000
11614,242,3,5990000,17970000
11615,88,1,7990000,7990000
11616,248,1,11990000,11990000
11617,180,2,2840500,5681000
11618,5,2,7191000,14382000
11619,137,1,3591000,3591000
11620,40,1,1890000,1890000
11621,42,2,8541000,17082000
11622,226,1,18040500,18040500
11623,269,3,405000,1215000
11624,244,1,30390500,30390500
11624,130,1,7490000,7490000
11625,292,1,6490000,6490000
11626,50,1,9490000,9490000
11627,232,2,750000,1500000
11628,128,1,427500,427500
11629,263,1,4491000,4491000
11630,153,1,120000,120000
11630,202,1,11990000,11990000
11631,93,1,7990000,7990000
11632,311,1,3591000,3591000
11632,164,1,3990000,3990000
11633,293,1,2990000,2990000
11634,36,1,190000,190000
11635,183,3,2490000,7470000
11636,26,1,28791000,28791000
11637,133,1,26590500,26590500
11638,317,1,31990000,31990000
11638,296,1,20691000,20691000
11639,299,1,3315500,3315500
11640,44,2,2840500,5681000
11640,129,1,2840500,2840500
11641,201,2,4740500,9481000
11642,319,1,2840500,2840500
11643,122,1,4990000,4990000
11643,91,1,4990000,4990000
11644,245,1,9015500,9015500
11645,218,2,1890000,3780000
11646,308,3,22990000,68970000
11647,250,1,171000,171000
11648,208,1,120000,120000
11649,169,1,3490000,3490000
11649,50,1,9490000,9490000
11650,188,1,9990000,9990000
11651,76,1,22990000,22990000
11651,96,1,2691000,2691000
11652,283,1,9490000,9490000
11652,41,1,171000,171000
11653,277,1,6490000,6490000
11654,218,1,1890000,1890000
11655,218,1,1890000,1890000
11656,25,1,3141000,3141000
11657,238,1,35140500,35140500
11658,194,1,6165500,6165500
11659,74,1,5690500,5690500
11659,273,1,11990000,11990000
11660,139,1,9015500,9015500
11660,206,3,590000,1770000
11661,157,1,7990000,7990000
11662,122,1,4491000,4491000
11663,181,1,4990000,4990000
11664,51,1,405000,405000
11665,296,1,22990000,22990000
11666,92,1,225000,225000
11667,140,1,4990000,4990000
11667,108,1,30390500,30390500
11668,106,1,7990000,7990000
11669,294,1,5990000,5990000
11669,144,1,4740500,4740500
11670,261,1,8541000,8541000
11670,31,1,5841000,5841000
11670,274,1,11990000,11990000
11671,166,1,3990000,3990000
11672,230,1,250000,250000
11673,223,1,5990000,5990000
11674,303,1,17091000,17091000
11675,126,1,5690500,5690500
11676,170,3,18990000,56970000
11676,76,1,22990000,22990000
11676,70,1,1795500,1795500
11677,119,2,120000,240000
11677,41,1,190000,190000
11678,205,1,6490000,6490000
11679,106,1,7990000,7990000
11680,66,1,675000,675000
11681,161,2,18990000,37980000
11681,202,1,11990000,11990000
11681,129,1,2990000,2990000
11682,4,1,288000,316800
11682,91,2,4990000,9980000
11682,313,2,2490000,4980000
11683,129,2,2990000,5980000
11683,253,1,1795500,1795500
11684,114,1,30390500,30390500
11684,228,1,2490000,2490000
11684,287,1,4990000,4990000
11685,126,1,5391000,5391000
11686,175,1,2490000,2490000
11687,96,1,2990000,2990000
11687,300,3,1890000,5670000
11688,292,1,6490000,6490000
11689,204,3,8541000,25623000
11689,151,1,3490000,3490000
11690,173,1,18990000,18990000
11691,105,2,8541000,17082000
11691,162,1,18990000,18990000
11691,282,1,7990000,7990000
11692,169,1,3490000,3490000
11693,172,1,3490000,3490000
11693,223,1,5990000,5990000
11694,320,1,320000,320000
11695,245,1,9015500,9015500
11696,215,1,26590500,26590500
11696,140,1,4990000,4990000
11697,201,1,4990000,4990000
11697,174,3,4990000,14970000
11698,184,2,5841000,11682000
11698,137,1,3591000,3591000
11699,50,1,9490000,9490000
11700,150,1,12990000,12990000
11701,195,1,2241000,2241000
11702,129,1,2840500,2840500
11703,61,1,750000,750000
11703,126,1,5990000,5990000
11704,53,1,8541000,8541000
11705,129,1,2691000,2691000
11706,134,1,6490000,6490000
11707,283,2,9015500,18031000
11708,192,2,7990000,15980000
11709,263,1,4990000,4990000
11710,61,1,750000,750000
11711,297,1,9490000,9490000
11712,187,1,4990000,4990000
11713,223,1,5990000,5990000
11714,75,1,6165500,6165500
11715,299,1,3141000,3141000
11716,19,1,11390500,11390500
11717,147,1,11990000,11990000
11717,64,1,18990000,18990000
11718,273,1,11990000,11990000
11718,181,1,4491000,4491000
11718,93,1,7990000,7990000
11719,201,1,4990000,4990000
11720,205,1,6490000,6490000
11720,85,1,26590500,26590500
11721,99,2,12340500,24681000
11722,279,1,4360500,4360500
11723,64,1,18990000,18990000
11724,101,1,18040500,18040500
11725,67,1,18040500,18040500
11726,143,3,2241000,6723000
11727,35,1,7990000,7990000
11727,121,1,190000,190000
11727,183,1,2490000,2490000
11728,177,1,36990000,36990000
11729,73,1,11390500,11390500
11730,307,1,3315500,3315500
11730,18,1,8541000,8541000
11731,297,1,9490000,9490000
11732,58,1,6741000,6741000
11732,307,1,3490000,3490000
11733,56,1,6490000,6490000
11734,284,1,2990000,2990000
11735,124,1,2990000,2990000
11736,136,1,4990000,4990000
11736,252,1,225000,225000
11737,293,1,2990000,2990000
11738,163,1,18040500,18040500
11738,284,1,2990000,2990000
11739,57,2,35140500,70281000
11740,216,1,3591000,3591000
11741,298,1,6165500,6165500
11742,307,1,3490000,3490000
11742,113,1,17091000,17091000
11743,238,1,36990000,36990000
11744,223,1,5990000,5990000
11745,84,1,9490000,9490000
11746,196,1,4990000,4990000
11747,284,2,2990000,5980000
11748,111,1,7490000,7490000
11748,124,1,2990000,2990000
11749,213,3,18040500,54121500
11749,87,1,4990000,4990000
11750,248,1,11990000,11990000
11751,187,1,4990000,4990000
11752,83,1,25191000,25191000
11753,240,2,5990000,11980000
11754,147,1,11990000,11990000
11755,238,1,36990000,36990000
11755,267,1,8541000,8541000
11756,67,1,18040500,18040500
11756,259,2,35140500,70281000
11756,22,1,4990000,4990000
11757,104,2,18990000,37980000
11758,20,1,4590000,4590000
11759,249,1,320000,320000
11760,184,1,6490000,6490000
11760,175,1,2490000,2490000
11761,139,1,9015500,9015500
11762,54,1,7490000,7490000
11763,284,1,2990000,2990000
11764,42,1,9490000,9490000
11764,287,1,4491000,4491000
11765,313,1,2490000,2490000
11765,45,1,9015500,9015500
11766,277,1,6165500,6165500
11767,87,1,4990000,4990000
11768,19,1,11390500,11390500
11768,97,1,4590000,4590000
11769,75,1,6490000,6490000
11769,86,1,18040500,18040500
11770,77,1,250000,250000
11771,184,2,6490000,12980000
11772,73,3,10791000,32373000
11773,18,1,8541000,8541000
11773,194,1,6165500,6165500
11774,231,1,36990000,36990000
11775,235,1,3490000,3490000
11776,43,1,9015500,9015500
11777,260,1,17091000,17091000
11778,161,1,18990000,18990000
11779,38,1,10791000,10791000
11780,58,1,7490000,7490000
11781,60,1,11990000,11990000
11781,165,1,5841000,6425100
11782,16,1,27990000,27990000
11783,208,1,120000,120000
11783,189,1,1890000,1890000
11784,66,1,750000,750000
11785,81,1,6490000,6490000
11786,185,1,2990000,2990000
11786,189,1,1795500,1795500
11787,196,1,4740500,4740500
11788,126,1,5391000,5391000
11789,234,1,7590500,7590500
11789,241,1,4131000,4131000
11790,123,1,2365500,2365500
11790,289,1,11990000,11990000
11791,286,1,3490000,3490000
11792,158,1,2840500,2840500
11793,177,1,36990000,36990000
11794,111,3,6741000,20223000
11795,246,1,675000,675000
11796,271,1,5841000,5841000
11797,305,1,1890000,1890000
11798,224,1,7990000,7990000
11799,234,1,7990000,7990000
11799,41,1,180500,180500
11800,161,1,18990000,18990000
11801,144,2,4990000,9980000
11801,32,1,10791000,10791000
11802,78,1,450000,450000
11803,81,3,6490000,19470000
11803,244,1,30390500,30390500
11804,61,1,750000,750000
11805,170,1,18040500,18040500
11806,180,1,2990000,2990000
11806,148,1,5990000,5990000
11807,108,1,30390500,30390500
11808,214,1,26590500,26590500
11809,55,1,9990000,9990000
11810,212,1,7191000,7191000
11811,121,1,190000,190000
11811,200,1,26590500,26590500
11812,102,1,2490000,2490000
11813,215,1,27990000,27990000
11813,256,1,590000,590000
11814,306,3,1890000,5670000
11814,4,1,320000,320000
11815,80,1,9490000,9490000
11815,235,1,3490000,3490000
11815,232,1,750000,750000
11816,56,1,5841000,5841000
11817,219,1,7590500,7590500
11818,53,1,9490000,9490000
11819,103,1,21840500,21840500
11820,131,1,25191000,25191000
11821,232,1,750000,750000
11821,167,1,36990000,36990000
11822,277,1,5841000,5841000
11823,164,1,3591000,3591000
11824,33,1,250000,250000
11825,87,1,4740500,4740500
11826,243,1,18990000,18990000
11827,228,1,2490000,2490000
11828,158,1,2691000,2691000
11829,47,1,6165500,6165500
11829,207,1,3990000,3990000
11830,36,1,190000,190000
11831,64,1,18040500,18040500
11832,295,1,712500,712500
11833,175,1,2241000,2241000
11834,164,1,3591000,3591000
11835,61,1,675000,675000
11835,204,1,8541000,8541000
11836,25,1,3490000,3490000
11837,184,1,6165500,6165500
11838,144,1,4990000,4990000
11839,197,1,750000,750000
11840,7,2,6490000,12980000
11841,167,2,33291000,66582000
11842,304,1,7590500,7590500
11842,243,1,18990000,18990000
11843,285,1,2365500,2365500
11843,221,1,18990000,18990000
11844,246,1,750000,750000
11845,265,1,31990000,31990000
11845,138,1,7115500,7115500
11845,56,1,6490000,6490000
11846,289,1,11990000,11990000
11847,53,1,9015500,9015500
11848,111,1,7490000,7490000
11849,84,1,9015500,9015500
11850,183,1,2241000,2241000
11851,120,1,3490000,3490000
11851,177,1,36990000,36990000
11851,276,1,5841000,5841000
11852,145,1,2990000,2990000
11853,1,1,1890000,1890000
11854,257,1,10791000,10791000
11854,241,1,4590000,4590000
11854,55,1,9490500,9490500
11855,183,1,2365500,2365500
11855,128,2,405000,891000
11855,233,1,250000,250000
11856,35,2,7590500,15181000
11857,32,1,11990000,11990000
11858,306,1,1890000,1890000
11859,269,1,405000,405000
11859,152,2,22990000,45980000
11860,14,1,250000,250000
11861,165,3,6490000,19470000
11862,298,1,5841000,5841000
11863,74,1,5990000,5990000
11864,93,1,7990000,7990000
11865,178,2,2691000,5382000
11866,254,1,7191000,7191000
11867,108,1,31990000,31990000
11868,8,1,1890000,1890000
11868,142,1,9490000,9490000
11868,240,1,5990000,5990000
11869,87,1,4740500,4740500
11869,41,1,190000,190000
11869,108,2,28791000,57582000
11870,320,2,320000,640000
11871,252,1,225000,225000
11871,98,1,36990000,36990000
11872,263,1,4990000,4990000
11873,53,1,8541000,8541000
11874,293,1,2990000,2990000
11874,308,2,22990000,45980000
11875,53,2,9490000,18980000
11876,320,1,320000,320000
11876,35,1,7590500,7590500
11877,304,1,7590500,7590500
11877,206,1,560500,560500
11878,144,2,4990000,9980000
11879,144,1,4491000,4491000
11880,190,1,2990000,2990000
11881,26,1,30390500,30390500
11882,130,1,7115500,7115500
11883,84,1,8541000,8541000
11883,203,1,25191000,25191000
11883,132,1,4990000,4990000
11884,7,1,6490000,6490000
11885,104,1,18040500,18040500
11885,296,1,21840500,21840500
11886,11,1,36990000,36990000
11887,143,1,2241000,2241000
11887,111,3,7490000,22470000
11887,210,2,5841000,11682000
11888,278,1,6490000,6490000
11888,133,1,27990000,27990000
11889,220,1,12340500,12340500
11890,313,1,2241000,2241000
11891,261,1,9490000,9490000
11892,105,3,9490000,28470000
11893,151,1,3141000,3141000
11893,270,2,5391000,10782000
11894,96,1,2840500,2840500
11895,291,1,3490000,3490000
11895,308,1,21840500,21840500
11896,119,1,114000,114000
11896,188,3,9990000,29970000
11897,44,1,2990000,2990000
11898,225,1,26590500,26590500
11899,82,1,2490000,2490000
11899,112,1,26590500,26590500
11900,164,1,3591000,3591000
11901,147,1,10791000,10791000
11901,164,1,3990000,3990000
11902,210,1,6490000,6490000
11903,135,1,5690500,5690500
11904,45,1,9490000,9490000
11905,93,1,7990000,7990000
11906,284,1,2840500,2840500
11907,288,1,3990000,3990000
11908,228,1,2490000,2490000
11909,123,1,2241000,2241000
11910,107,1,288000,288000
11911,245,1,9490000,9490000
11912,67,1,18040500,18040500
11913,25,1,3490000,3490000
11914,214,1,27990000,27990000
11915,187,1,4491000,4491000
11916,100,1,8991000,8991000
11917,74,2,5990000,11980000
11918,108,1,28791000,28791000
11919,86,1,18990000,18990000
11920,49,1,2490000,2490000
11920,116,1,18990000,18990000
11921,96,1,2691000,2691000
11922,148,1,5391000,5391000
11922,35,2,7990000,15980000
11923,87,1,4491000,4491000
11924,88,1,7590500,7590500
11925,130,1,7490000,7490000
11925,274,1,11390500,11390500
11926,290,1,18040500,18040500
11927,147,1,11990000,11990000
11927,297,1,8541000,8541000
11928,148,2,5990000,11980000
11928,317,1,30390500,30390500
11929,185,1,2990000,2990000
11929,35,1,7990000,7990000
11929,299,1,3490000,3490000
11930,196,1,4990000,4990000
11930,66,1,750000,750000
11931,142,1,9490000,9490000
11931,182,1,36990000,36990000
11932,188,1,9990000,9990000
11932,38,1,11390500,11390500
11933,318,2,7590500,15181000
11933,201,1,4740500,4740500
11933,224,2,7590500,15181000
11934,178,1,2840500,2840500
11934,212,1,7990000,7990000
11934,168,1,26590500,26590500
11935,272,1,9490000,9490000
11935,307,1,3490000,3490000
11935,76,1,20691000,20691000
11936,19,1,10791000,10791000
11936,59,1,4990000,4990000
11936,29,1,250000,250000
11937,50,1,8541000,8541000
11938,275,1,5990000,5990000
11939,232,1,750000,750000
11940,182,1,35140500,35140500
11940,168,2,27990000,55980000
11941,183,1,2490000,2490000
11941,78,2,450000,900000
11942,30,1,5841000,5841000
11943,219,1,7590500,7590500
11944,90,1,450000,450000
11945,312,2,4990000,9980000
11946,21,1,7191000,7191000
11947,275,1,5690500,5690500
11948,121,1,171000,171000
11949,156,1,27990000,27990000
11950,297,1,8541000,8541000
11951,19,1,11990000,11990000
11951,242,1,5391000,5391000
11952,125,1,6165500,6165500
11953,87,2,4491000,8982000
11954,263,1,4491000,4491000
11955,175,1,2490000,2490000
11956,308,1,22990000,22990000
11956,126,1,5990000,5990000
11956,31,3,5841000,17523000
11957,100,1,8991000,8991000
11957,103,1,22990000,22990000
11958,247,1,10791000,10791000
11958,143,1,2365500,2365500
11958,316,1,2990000,2990000
11959,303,1,17091000,17091000
11960,135,1,5690500,5690500
11961,319,1,2990000,2990000
11962,42,1,9490000,9490000
11963,313,1,2490000,2490000
11964,28,1,4590000,5049000
11965,194,1,6490000,6490000
11966,198,1,11990000,11990000
11966,268,3,450000,1350000
11967,311,1,3790500,3790500
11968,70,1,1890000,1890000
11969,89,1,3490000,3490000
11970,156,1,27990000,27990000
11970,163,2,17091000,34182000
11971,133,1,27990000,27990000
11972,263,1,4491000,4491000
11972,244,1,28791000,28791000
11973,81,1,5841000,5841000
11974,96,1,2990000,2990000
11975,309,1,36990000,36990000
11976,150,2,12990000,25980000
11977,134,1,5841000,5841000
11977,86,1,18990000,18990000
11978,291,1,3315500,3315500
11979,169,1,3490000,3490000
11980,175,1,2365500,2365500
11980,15,1,4740500,4740500
11981,37,1,114000,114000
11982,220,1,12340500,12340500
11982,259,1,33291000,33291000
11983,186,1,9490000,9490000
11984,238,1,36990000,36990000
11984,71,1,11990000,11990000
11985,36,1,171000,171000
11986,129,1,2990000,2990000
11987,243,1,18990000,18990000
11987,178,1,2990000,2990000
11987,82,1,2241000,2241000
11988,320,1,304000,304000
11989,95,1,7590500,7590500
11989,280,2,4590000,9180000
11990,220,2,12340500,24681000
11990,49,1,2490000,2490000
11991,116,1,18990000,17091000
11992,119,1,120000,120000
11993,7,1,6490000,6490000
11994,71,1,11390500,11390500
11995,147,1,10791000,10791000
11995,13,1,26590500,26590500
11996,206,1,590000,590000
11997,77,1,237500,237500
11997,276,1,6490000,6490000
11998,16,1,26590500,26590500
11999,153,1,120000,120000
12000,171,1,2365500,2365500
12001,136,1,4491000,4491000
12002,254,1,7990000,7990000
12003,112,1,27990000,27990000
12004,236,1,7990000,7990000
12005,260,1,17091000,17091000
12006,226,1,18040500,18040500
12007,27,1,12990000,12990000
12008,22,1,4990000,4990000
12008,33,1,250000,250000
12009,26,1,30390500,30390500
12009,188,3,9490500,28471500
12010,181,1,4990000,4990000
12010,169,1,3490000,3490000
12010,294,1,5990000,5990000
12011,158,2,2840500,5681000
12012,270,1,5990000,5990000
12013,292,1,6490000,6490000
12014,320,1,320000,320000
12015,208,1,108000,108000
12016,111,1,7115500,7115500
12017,271,1,6165500,6165500
12017,212,1,7990000,7990000
12017,275,1,5990000,5990000
12018,96,1,2691000,2691000
12018,120,1,3315500,3315500
12018,115,1,31990000,31990000
12019,242,1,5990000,5990000
12020,218,1,1701000,1701000
12021,140,1,4990000,4990000
12022,130,1,7490000,7490000
12022,107,1,304000,304000
12022,218,1,1890000,1890000
12023,36,1,180500,180500
12023,62,1,26590500,26590500
12024,276,1,5841000,5841000
12024,296,2,22990000,45980000
12025,174,1,4740500,4740500
12026,22,1,4740500,4740500
12027,217,1,22990000,22990000
12027,209,1,8991000,8991000
12028,71,1,11990000,11990000
12028,277,1,6490000,6490000
12029,100,2,9490500,18981000
12030,63,1,5990000,5990000
12031,158,1,2840500,2840500
12031,310,1,5990000,5990000
12032,186,1,9490000,9490000
12032,183,1,2241000,2241000
12033,124,1,2691000,2691000
12033,219,1,7990000,7990000
12033,169,1,3490000,3490000
12034,129,1,2990000,2990000
12035,173,2,18990000,37980000
12036,211,1,6490000,6490000
12036,145,3,2990000,9867000
12036,180,1,2840500,2840500
12037,231,1,36990000,36990000
12038,3,1,531000,531000
12039,209,1,8991000,8991000
12040,150,1,12990000,12990000
12040,225,1,27990000,27990000
12041,210,1,6490000,6490000
12041,156,1,27990000,27990000
12042,142,1,9490000,9490000
12043,279,1,4360500,4360500
12044,150,1,12340500,12340500
12044,138,1,7490000,7490000
12045,123,2,2490000,4980000
12045,53,1,9490000,9490000
12045,24,1,5841000,5841000
12046,150,1,12340500,12340500
12046,47,1,5841000,5841000
12047,7,2,6165500,12331000
12047,105,1,9490000,9490000
12048,201,1,4491000,4491000
12049,308,1,21840500,21840500
12050,220,1,12990000,12990000
12051,50,1,9490000,9490000
12052,278,1,6490000,6490000
12053,113,1,17091000,17091000
12053,199,1,36990000,36990000
12054,36,1,180500,180500
12055,47,1,6490000,6490000
12056,79,1,171000,171000
12057,278,1,6165500,6165500
12057,288,1,3990000,3990000
12057,50,1,9015500,9015500
12058,208,1,120000,120000
12059,3,3,590000,1770000
12060,319,1,2840500,2840500
12061,191,1,4990000,4990000
12062,73,1,11990000,11990000
12063,167,1,36990000,36990000
12064,230,1,250000,250000
12065,210,1,6490000,6490000
12065,226,1,18990000,18990000
12066,196,1,4990000,4990000
12067,73,1,11990000,11990000
12068,270,1,5391000,5391000
12068,142,1,9490000,9490000
12068,28,1,4590000,4590000
12069,310,1,5690500,5690500
12070,193,1,36990000,36990000
12071,296,1,22990000,22990000
12072,191,1,4990000,4990000
12073,291,1,3490000,3490000
12074,198,1,11990000,11990000
12074,27,1,12990000,12990000
12074,271,1,5841000,5841000
12075,25,1,3490000,3490000
12076,84,1,9490000,9490000
12076,62,1,26590500,26590500
12077,252,1,250000,250000
12078,204,1,9490000,9490000
12078,3,1,590000,590000
12079,246,1,750000,750000
12080,319,2,2990000,5980000
12081,158,1,2840500,2840500
12081,130,1,7490000,7490000
12082,262,1,750000,750000
12082,69,1,4990000,4990000
12083,92,1,250000,250000
12083,55,1,9490500,9490500
12084,265,1,31990000,31990000
12085,201,1,4990000,4990000
12086,281,1,3990000,3990000
12086,7,1,5841000,5841000
12086,16,1,25191000,25191000
12087,302,2,33291000,66582000
12088,178,1,2840500,2840500
12088,225,1,27990000,27990000
12089,184,1,6165500,6165500
12089,65,1,18990000,18990000
12090,259,1,33291000,33291000
12091,161,2,17091000,34182000
12092,224,1,7590500,7590500
12092,289,1,11990000,11990000
12093,174,3,4740500,14221500
12094,170,1,18990000,18990000
12094,162,1,18040500,18040500
12095,53,1,8541000,8541000
12096,269,1,427500,427500
12097,52,1,171000,171000
12098,146,1,5990000,5990000
12099,216,1,3990000,3990000
12099,30,1,6490000,6490000
12100,172,1,3490000,3490000
12100,267,1,9490000,9490000
12101,157,1,7990000,7990000
12102,215,3,26590500,79771500
12103,213,1,18990000,18990000
12104,262,1,750000,750000
12105,2,1,35140500,35140500
12105,179,1,320000,320000
12106,55,1,9990000,9990000
12107,158,1,2691000,2691000
12107,2,1,36990000,36990000
12107,308,1,22990000,22990000
12108,32,1,11390500,11390500
12109,221,2,18990000,37980000
12110,173,1,17091000,17091000
12111,274,1,11990000,11990000
12112,133,1,25191000,25191000
12113,187,2,4491000,8982000
12114,30,1,5841000,5841000
12115,101,1,17091000,17091000
12116,208,1,120000,120000
12117,103,1,20691000,20691000
12118,164,1,3990000,3990000
12119,133,1,27990000,27990000
12120,62,2,27990000,55980000
12121,153,1,114000,114000
12121,29,3,250000,750000
12122,3,1,590000,590000
12123,92,1,250000,250000
12123,204,1,9015500,9015500
12124,204,2,8541000,17082000
12124,273,1,10791000,10791000
12125,243,1,18040500,18040500
12126,154,1,20691000,20691000
12127,239,1,6490000,6490000
12128,202,1,11990000,11990000
12129,240,1,5690500,5690500
12130,53,1,9490000,9490000
12131,161,1,18990000,18990000
12132,314,2,26590500,53181000
12133,301,1,3990000,3990000
12134,147,1,10791000,10791000
12134,140,1,4740500,4740500
12135,185,2,2840500,5681000
12136,165,1,6490000,6490000
12137,303,1,17091000,17091000
12138,80,1,9490000,9490000
12139,224,1,7990000,7990000
12139,37,1,108000,108000
12140,2,1,36990000,36990000
12141,120,1,3490000,3490000
12142,109,1,531000,531000
12142,94,1,5990000,5990000
12143,41,1,171000,171000
12143,205,1,6490000,6490000
12144,100,1,9990000,9990000
12145,311,1,3990000,3990000
12146,261,1,8541000,8541000
12147,283,1,9490000,9490000
12148,202,1,11990000,11990000
12149,161,1,18040500,18040500
12150,65,1,18990000,18990000
12151,58,1,7490000,7490000
12152,109,1,560500,560500
12153,119,1,108000,108000
12154,213,1,18990000,18990000
12155,152,1,22990000,22990000
12156,85,1,27990000,27990000
12157,157,1,7990000,7990000
12158,309,1,36990000,36990000
12159,84,1,9490000,9490000
12160,136,1,4491000,4491000
12161,226,1,18990000,18990000
12161,55,1,9990000,9990000
12161,126,1,5690500,5690500
12162,21,2,7990000,15980000
12162,41,1,190000,190000
12162,227,1,8991000,8991000
12163,105,1,9490000,9490000
12164,211,1,6490000,6490000
12165,244,1,31990000,31990000
12165,160,1,2691000,2691000
12166,171,1,2241000,2241000
12166,258,1,5990000,5990000
12166,84,1,9490000,9490000
12167,103,1,22990000,22990000
12167,259,1,36990000,36990000
12168,154,2,22990000,45980000
12169,3,2,531000,1062000
12170,160,1,2691000,2691000
12170,318,1,7990000,7990000
12171,230,1,250000,250000
12172,74,1,5990000,5990000
12173,251,1,25191000,25191000
12173,253,1,1890000,1890000
12174,277,3,6490000,19470000
12174,78,2,427500,855000
12175,147,1,11990000,11990000
12176,259,1,36990000,36990000
12177,206,1,590000,590000
12178,318,1,7990000,7990000
12179,176,1,31990000,31990000
12179,22,1,4990000,4990000
12180,236,1,7191000,7191000
12181,189,1,1890000,1890000
12181,276,1,6490000,6490000
12182,147,1,10791000,10791000
12182,276,1,6490000,6490000
12182,163,3,18990000,56970000
12183,256,1,531000,531000
12184,213,1,18990000,18990000
12185,83,1,27990000,27990000
12186,186,1,9015500,9015500
12187,114,1,31990000,31990000
12188,17,1,320000,320000
12189,188,1,9490500,9490500
12190,308,3,22990000,68970000
12190,235,1,3490000,3490000
12191,245,2,9490000,18980000
12191,170,2,18990000,37980000
12191,1,2,1795500,3591000
12192,219,1,7191000,7191000
12192,234,1,7191000,7191000
12192,128,1,450000,450000
12193,278,1,5841000,5841000
12194,84,1,9490000,9490000
12195,262,1,712500,712500
12195,244,1,31990000,31990000
12196,22,1,4990000,4990000
12197,202,2,11390500,22781000
12198,144,1,4990000,4990000
12198,149,1,31990000,31990000
12199,239,1,6490000,6490000
12200,241,1,4360500,4360500
12201,233,1,250000,250000
12202,14,1,225000,225000
12203,169,3,3490000,10470000
12204,197,1,750000,750000
12205,146,1,5990000,5990000
12206,225,1,26590500,26590500
12207,96,2,2990000,5980000
12208,150,1,12990000,12990000
12208,64,1,18990000,18990000
12209,98,1,36990000,36990000
12210,75,1,6490000,6490000
12211,254,1,7990000,7990000
12211,261,1,9490000,9490000
12212,52,1,190000,190000
12212,189,1,1890000,1890000
12212,253,1,1890000,1890000
12213,238,1,33291000,33291000
12213,55,1,9990000,9990000
12214,305,1,1890000,1890000
12214,230,1,225000,225000
12215,178,2,2840500,5681000
12215,134,1,6490000,6490000
12216,275,1,5990000,5990000
12217,28,1,4131000,4131000
12217,287,1,4990000,4990000
12218,122,1,4990000,4990000
12219,315,1,4590000,4590000
12220,192,1,7990000,7990000
12221,4,1,320000,320000
12221,241,2,4360500,8721000
12222,310,1,5990000,5990000
12223,125,1,6490000,6490000
12223,264,1,9990000,9990000
12224,280,1,4590000,4590000
12225,41,1,190000,190000
12225,192,2,7990000,15980000
12226,98,1,33291000,33291000
12227,183,1,2365500,2365500
12228,8,2,1701000,3402000
12229,74,2,5690500,11381000
12230,6,1,5990000,5990000
12231,16,1,25191000,25191000
12232,112,2,27990000,55980000
12233,120,1,3490000,3490000
12233,122,2,4990000,9980000
12234,172,1,3490000,3490000
12235,174,1,4491000,4491000
12235,296,3,21840500,65521500
12236,159,1,12990000,12990000
12237,210,1,6490000,6490000
12238,134,1,6490000,6490000
12239,156,1,26590500,26590500
12240,183,2,2490000,4980000
12240,11,1,33291000,33291000
12241,123,1,2490000,2490000
12242,259,1,36990000,36990000
12242,67,2,18040500,36081000
12242,76,1,22990000,22990000
12243,267,1,9015500,9015500
12244,100,1,9990000,9990000
12244,318,1,7990000,7990000
12244,134,1,5841000,5841000
12245,244,1,28791000,28791000
12246,111,1,7115500,7115500
12247,114,1,28791000,28791000
12247,98,1,36990000,36990000
12248,313,1,2365500,2365500
12249,295,3,750000,2250000
12249,147,1,11990000,11990000
12250,149,1,31990000,31990000
12251,318,1,7191000,7191000
12252,159,1,12340500,12340500
12252,79,1,190000,190000
12253,50,1,9015500,9015500
12254,270,1,5391000,5391000
12254,235,1,3490000,3490000
12255,227,1,9990000,9990000
12256,291,1,3315500,3315500
12257,83,1,25191000,25191000
12257,192,1,7990000,7990000
12258,34,1,18990000,18990000
12259,78,1,450000,450000
12259,212,3,7990000,23970000
12259,238,1,36990000,36990000
12260,226,1,18990000,18990000
12261,250,1,190000,190000
12262,105,2,9015500,18031000
12263,5,1,7191000,7191000
12263,157,2,7990000,15980000
12264,273,1,10791000,10791000
12265,17,1,288000,288000
12265,138,1,6741000,6741000
12266,103,1,21840500,21840500
12267,51,1,427500,427500
12268,173,1,18040500,18040500
12269,239,1,5841000,5841000
12270,233,1,250000,250000
12271,248,1,11990000,11990000
12271,312,1,4740500,4740500
12272,131,1,27990000,27990000
12273,232,1,750000,750000
12273,285,1,2490000,2490000
12274,143,1,2490000,2490000
12275,289,1,11990000,11990000
12276,58,1,7490000,7490000
12277,159,2,11691000,23382000
12278,189,1,1795500,1795500
12278,78,1,427500,427500
12279,271,1,6490000,6490000
12280,201,1,4990000,4990000
12281,42,2,9490000,18980000
12282,267,1,9490000,9490000
12283,314,1,26590500,26590500
12283,224,1,7990000,7990000
12284,90,1,450000,450000
12285,255,2,27990000,55980000
12286,80,1,9490000,9490000
12286,69,1,4990000,4990000
12287,89,1,3490000,3490000
12288,176,1,31990000,31990000
12289,26,1,31990000,31990000
12290,38,1,11990000,11990000
12291,244,1,31990000,31990000
12292,149,1,31990000,31990000
12293,54,1,6741000,6741000
12294,319,1,2840500,2840500
12295,207,1,3990000,3990000
12295,125,1,5841000,5841000
12296,255,1,27990000,27990000
12297,243,3,18990000,56970000
12298,139,1,8541000,8541000
12299,314,1,25191000,25191000
12300,81,1,6490000,6490000
12301,251,1,27990000,27990000
12301,309,1,33291000,33291000
12302,287,1,4990000,4990000
12302,271,1,6165500,6165500
12303,169,1,3490000,3490000
12303,217,1,22990000,22990000
12304,208,1,114000,114000
12305,75,1,6490000,6490000
12306,8,1,1890000,1890000
12306,100,1,9990000,9990000
12306,143,1,2490000,2490000
12307,178,1,2990000,2990000
12308,46,1,7990000,7990000
12309,243,2,18990000,37980000
12309,15,1,4990000,4990000
12310,263,1,4990000,4990000
12311,119,1,120000,120000
12312,242,1,5990000,5990000
12312,264,1,8991000,8991000
12313,146,3,5391000,16173000
12314,23,1,36990000,36990000
12315,316,1,2840500,2840500
12315,123,1,2490000,2490000
12316,44,1,2691000,2691000
12317,63,1,5690500,5690500
12318,204,1,8541000,8541000
12318,187,1,4990000,4990000
12319,149,2,30390500,60781000
12320,290,1,18990000,18990000
12321,261,1,9015500,9015500
12322,296,1,22990000,22990000
12323,285,1,2490000,2490000
12324,61,1,675000,675000
12324,70,1,1890000,1890000
12325,312,1,4990000,4990000
12325,173,1,18990000,18990000
12325,136,1,4990000,4990000
12326,250,1,190000,190000
12327,280,1,4131000,4131000
12328,200,1,26590500,26590500
12328,138,1,7490000,7490000
12328,61,1,675000,675000
12329,274,1,11390500,11390500
12329,226,1,18990000,18990000
12330,57,1,36990000,36990000
12331,275,1,5990000,5990000
12332,262,1,750000,750000
12333,85,1,27990000,27990000
12333,77,1,250000,250000
12333,123,1,2490000,2490000
12334,73,3,11990000,35970000
12335,70,3,1701000,5103000
12336,102,1,2490000,2490000
12336,49,1,2490000,2490000
12336,296,1,22990000,22990000
12337,3,1,560500,560500
12337,303,1,17091000,17091000
12338,239,1,5841000,5841000
12339,179,1,304000,304000
12340,262,2,675000,1350000
12341,274,3,11990000,35970000
12342,276,1,6490000,6490000
12343,95,1,7191000,7191000
12343,253,1,1795500,1795500
12344,107,1,304000,304000
12345,203,1,25191000,25191000
12346,224,1,7990000,7990000
12347,170,1,18990000,18990000
12348,26,1,28791000,28791000
12349,292,1,6165500,6165500
12350,23,1,36990000,36990000
12351,119,1,120000,120000
12352,71,1,11390500,11390500
12353,292,1,6490000,6490000
12354,59,1,4990000,4990000
12354,149,1,31990000,31990000
12355,144,1,4990000,4990000
12356,63,2,5990000,11980000
12357,85,1,27990000,27990000
12358,141,1,6490000,6490000
12359,315,1,4590000,4590000
12360,311,1,3990000,3990000
12361,153,1,120000,120000
12362,311,1,3990000,3990000
12363,6,1,5990000,5990000
12363,307,1,3141000,3141000
12363,249,1,304000,304000
12364,87,2,4990000,9980000
12365,62,1,26590500,26590500
12366,4,1,320000,320000
12367,192,2,7990000,15980000
12368,100,1,8991000,8991000
12368,280,1,4590000,4590000
12369,310,1,5990000,5990000
12370,125,1,6165500,6165500
12371,41,1,180500,180500
12372,48,1,6490000,6490000
12372,271,1,5841000,5841000
12372,142,1,9490000,9490000
12373,238,2,36990000,73980000
12374,89,1,3490000,3490000
12375,227,1,9990000,9990000
12375,248,1,11990000,11990000
12376,248,1,10791000,10791000
12376,267,2,9490000,18980000
12376,115,1,31990000,31990000
12377,95,1,7990000,7990000
12377,177,1,36990000,36990000
12378,294,1,5690500,5690500
12379,17,2,320000,640000
12380,124,1,2990000,2990000
12380,297,1,9490000,9490000
12380,195,1,2490000,2490000
12381,54,1,7115500,7115500
12381,89,1,3490000,3490000
12382,105,1,9490000,9490000
12383,76,1,22990000,22990000
12384,300,1,1890000,1890000
12385,29,1,225000,225000
12386,115,1,31990000,31990000
12387,188,1,9990000,9990000
12387,32,1,11990000,11990000
12387,168,2,25191000,50382000
12388,111,1,6741000,6741000
12389,266,1,120000,120000
12390,152,1,22990000,22990000
12391,10,1,6490000,6490000
12391,271,1,5841000,5841000
12392,235,1,3490000,3490000
12392,212,1,7990000,7990000
12393,13,1,27990000,27990000
12394,105,1,9490000,9490000
12395,287,1,4990000,4990000
12396,234,1,7990000,7990000
12396,215,1,27990000,27990000
12397,50,1,9490000,9490000
12397,162,3,18040500,54121500
12398,87,1,4990000,4990000
12398,229,1,237500,237500
12399,44,1,2691000,2691000
12400,141,1,6165500,6165500
12401,215,1,27990000,27990000
12401,209,1,9490500,9490500
12402,180,1,2840500,2840500
12403,165,2,6490000,12980000
12404,81,1,6490000,6490000
12405,308,1,22990000,22990000
12406,261,1,9490000,9490000
12407,70,1,1890000,1890000
12408,169,1,3315500,3315500
12409,300,1,1890000,1890000
12409,217,1,21840500,21840500
12410,214,1,26590500,26590500
12410,258,2,5990000,11980000
12411,50,1,9490000,9490000
12412,166,1,3990000,3990000
12413,1,1,1890000,1890000
12414,107,1,320000,320000
12415,51,1,450000,450000
12416,106,1,7191000,7191000
12416,203,1,26590500,26590500
12417,107,1,320000,320000
12418,262,1,750000,750000
12418,201,1,4990000,4990000
12418,13,1,27990000,27990000
12419,72,1,7191000,7191000
12420,230,1,250000,250000
12421,136,1,4990000,4990000
12422,39,1,31990000,31990000
12422,301,1,3790500,3790500
12423,26,1,31990000,31990000
12424,247,1,11990000,11990000
12425,243,1,18990000,18990000
12425,118,1,18990000,18990000
12426,279,1,4360500,4360500
12427,264,1,9490500,9490500
12428,184,2,6165500,12331000
12428,102,3,2490000,7470000
12429,159,1,12990000,12990000
12430,128,1,450000,450000
12431,248,1,11990000,11990000
12432,123,2,2490000,4980000
12432,42,1,8541000,8541000
12433,275,1,5990000,5990000
12434,226,1,18990000,18990000
12434,234,1,7990000,7990000
12435,8,1,1890000,1890000
12436,165,1,6490000,6490000
12436,56,1,5841000,5841000
12437,66,1,712500,712500
12438,234,1,7191000,7191000
12439,53,3,8541000,25623000
12439,72,1,7990000,7990000
12439,86,3,18990000,56970000
12440,234,1,7191000,7191000
12441,288,1,3990000,3990000
12442,193,1,33291000,33291000
12443,212,1,7191000,7191000
12444,284,1,2990000,2990000
12445,5,1,7990000,7990000
12445,263,1,4491000,4491000
12446,215,1,27990000,27990000
12447,14,1,250000,250000
12447,22,1,4990000,4990000
12447,214,1,27990000,27990000
12448,186,1,9490000,9490000
12449,269,1,405000,405000
12450,37,1,114000,114000
12451,125,1,6490000,6490000
12452,311,1,3990000,3990000
12452,232,1,712500,712500
12453,242,1,5990000,5990000
12453,291,1,3141000,3141000
12453,253,1,1890000,1890000
12454,94,2,5990000,11980000
12454,88,1,7590500,7590500
12455,60,1,11990000,11990000
12456,231,1,36990000,36990000
12457,234,1,7990000,7990000
12458,45,1,8541000,8541000
12459,60,1,11990000,11990000
12460,236,1,7990000,7990000
12461,200,1,27990000,27990000
12462,148,1,5391000,5391000
12463,195,1,2490000,2490000
12464,2,2,36990000,73980000
12465,25,1,3490000,3839000
12466,239,2,5841000,11682000
12467,108,1,31990000,31990000
12468,139,1,8541000,8541000
12468,183,1,2490000,2490000
12468,54,1,7490000,7490000
12469,192,1,7191000,7191000
12469,204,1,9015500,9015500
12470,301,1,3990000,3990000
12471,264,1,9990000,9990000
12472,123,1,2241000,2241000
12473,106,1,7990000,7990000
12474,142,1,9490000,9490000
12475,238,1,36990000,36990000
12476,164,1,3990000,3990000
12477,203,1,25191000,25191000
12478,7,1,6490000,6490000
12479,60,1,10791000,10791000
12480,141,1,5841000,5841000
12481,311,1,3990000,3990000
12482,307,1,3490000,3490000
12482,150,1,11691000,11691000
12482,14,2,225000,450000
12483,46,1,7990000,7990000
12484,13,1,27990000,27990000
12485,212,1,7590500,7590500
12485,285,1,2490000,2490000
12486,168,1,26590500,26590500
12487,278,1,5841000,5841000
12488,102,1,2490000,2490000
12489,310,1,5990000,5990000
12490,226,1,18990000,18990000
12491,6,1,5391000,5391000
12492,171,1,2365500,2365500
12492,105,1,8541000,8541000
12493,182,1,36990000,36990000
12493,109,1,560500,560500
12494,243,1,18990000,18990000
12495,91,1,4491000,4491000
12496,190,1,2691000,2691000
12496,45,1,8541000,8541000
12496,269,1,450000,450000
12497,80,1,9015500,9015500
12497,83,1,26590500,26590500
12498,67,1,18040500,18040500
12499,162,1,18990000,18990000
12500,211,1,5841000,5841000
12500,177,1,36990000,36990000
12501,278,1,6490000,6490000
12502,267,1,9490000,9490000
12502,308,1,22990000,22990000
12502,243,1,18990000,18990000
12503,15,2,4491000,8982000
12503,91,1,4990000,4990000
12504,136,1,4990000,4990000
12505,317,1,31990000,31990000
12506,308,1,22990000,22990000
12506,13,1,26590500,26590500
12507,71,1,11990000,11990000
12508,218,1,1795500,1795500
12508,219,1,7990000,7990000
12509,4,1,304000,304000
12510,88,1,7590500,7590500
12510,270,2,5391000,10782000
12511,278,1,6490000,6490000
12512,6,1,5990000,5990000
12513,123,1,2490000,2490000
12513,243,1,17091000,17091000
12514,266,1,120000,120000
12515,185,1,2990000,2990000
12516,32,1,11990000,11990000
12516,7,2,6490000,12980000
12517,114,1,31990000,31990000
12518,255,1,27990000,27990000
12519,297,1,8541000,8541000
12520,209,1,8991000,8991000
12521,120,1,3490000,3490000
12522,83,1,26590500,26590500
12523,105,1,9490000,9490000
12524,146,1,5690500,5690500
12525,197,1,712500,712500
12525,289,1,10791000,10791000
12526,103,1,20691000,20691000
12527,251,1,27990000,27990000
12527,131,1,27990000,27990000
12527,215,1,27990000,27990000
12528,305,1,1890000,1890000
12528,104,1,18040500,18040500
12529,6,1,5391000,5391000
12530,157,1,7990000,7990000
12531,299,1,3315500,3315500
12532,174,1,4990000,4990000
12533,165,2,6490000,12980000
12534,6,1,5990000,5990000
12535,87,1,4491000,4491000
12536,103,1,20691000,20691000
12537,197,1,675000,675000
12538,180,1,2990000,2990000
12539,7,1,6165500,6165500
12539,279,1,4590000,4590000
12540,112,1,27990000,27990000
12541,159,1,11691000,11691000
12541,138,2,7490000,13482000
12542,191,1,4491000,4491000
12542,319,2,2990000,5980000
12543,231,2,36990000,73980000
12544,16,2,27990000,55980000
12545,276,1,6490000,6490000
12546,119,1,120000,120000
12547,307,1,3490000,3490000
12548,142,1,8541000,9395100
12548,2,1,36990000,36990000
12549,223,1,5690500,5690500
12549,102,1,2490000,2490000
12550,113,1,18990000,18990000
12551,214,1,26590500,26590500
12551,201,1,4491000,4491000
12552,38,1,11990000,11990000
12552,112,1,27990000,27990000
12553,300,1,1890000,1890000
12554,222,1,36990000,36990000
12554,64,1,17091000,17091000
12555,49,1,2490000,2490000
12555,126,1,5391000,5391000
12556,258,1,5690500,5690500
12556,276,1,6490000,6490000
12557,165,1,5841000,5841000
12558,136,2,4990000,9980000
12559,168,1,27990000,27990000
12560,160,1,2840500,2840500
12561,20,1,4590000,4590000
12562,287,1,4990000,4990000
12563,92,3,225000,675000
12564,29,1,250000,250000
12565,264,1,9990000,9990000
12566,77,1,250000,250000
12567,260,1,18990000,18990000
12568,51,3,427500,1282500
12569,73,1,11990000,11990000
12570,20,1,4360500,4360500
12571,272,1,9490000,9490000
12572,231,1,35140500,35140500
12573,246,1,712500,712500
12574,268,1,450000,450000
12574,320,1,320000,320000
12574,129,1,2691000,2691000
12575,227,1,9990000,9990000
12576,31,1,5841000,5841000
12577,269,1,427500,427500
12578,270,1,5990000,5990000
12579,161,1,18990000,18990000
12580,133,1,27990000,27990000
12581,165,1,6490000,6490000
12581,99,2,12990000,25980000
12582,284,1,2990000,2990000
12583,233,1,250000,250000
12584,209,1,8991000,8991000
12585,14,1,250000,250000
12586,175,2,2241000,4482000
12586,250,1,190000,190000
12587,227,1,9990000,9990000
12588,135,1,5391000,5391000
12589,62,1,27990000,27990000
12590,273,1,10791000,10791000
12591,89,1,3141000,3141000
12591,113,1,18040500,18040500
12592,305,1,1890000,1890000
12593,228,2,2241000,4482000
12593,46,1,7990000,7990000
12594,227,1,9490500,9490500
12594,131,1,26590500,26590500
12595,230,1,250000,250000
12596,237,1,9490000,9490000
12596,18,1,9490000,9490000
12597,93,1,7590500,7590500
12598,152,1,20691000,20691000
12599,298,1,6165500,6165500
12600,155,1,26590500,26590500
12601,276,1,5841000,5841000
12602,33,3,250000,750000
12603,33,1,250000,250000
12603,45,1,9490000,9490000
12604,8,1,1701000,1701000
12605,12,1,27990000,27990000
12605,31,1,6490000,6490000
12606,276,1,6490000,6490000
12607,134,1,5841000,5841000
12607,113,1,18040500,18040500
12608,294,1,5391000,5391000
12609,101,1,18990000,18990000
12609,226,1,18990000,18990000
12610,81,1,6165500,6165500
12611,146,1,5391000,5391000
12612,46,1,7191000,7191000
12612,251,1,27990000,27990000
12612,204,1,8541000,8541000
12613,24,1,6490000,6490000
12614,58,1,7490000,7490000
12615,306,1,1890000,1890000
12616,245,3,9490000,28470000
12616,230,1,250000,250000
12617,52,2,190000,380000
12618,270,1,5990000,5990000
12618,230,1,250000,250000
12619,287,1,4990000,4990000
12619,103,1,20691000,20691000
12620,136,2,4990000,9980000
12621,211,2,6490000,12980000
12622,69,1,4990000,4990000
12622,260,1,18990000,18990000
12623,83,1,25191000,25191000
12623,195,1,2490000,2490000
12624,169,1,3141000,3141000
12624,96,1,2840500,2840500
12625,26,1,28791000,28791000
12626,48,2,6490000,12980000
12627,22,1,4491000,4491000
12628,234,1,7990000,7990000
12628,123,2,2490000,4980000
12629,132,1,4491000,4491000
12630,265,1,31990000,31990000
12631,314,1,27990000,27990000
12632,275,1,5990000,5990000
12632,2,1,35140500,35140500
12632,34,1,18040500,18040500
12633,60,1,10791000,10791000
12634,81,1,6165500,6165500
12635,178,1,2691000,2691000
12636,172,1,3490000,3490000
12637,188,1,9990000,9990000
12637,192,1,7590500,7590500
12638,245,1,9490000,9490000
12638,144,1,4990000,4990000
12639,71,1,11390500,11390500
12639,172,1,3490000,3839000
12640,280,1,4590000,4590000
12641,38,3,11990000,35970000
12642,174,1,4740500,4740500
12643,249,1,288000,288000
12644,114,1,31990000,31990000
12645,13,1,27990000,25191000
12646,221,1,18990000,18990000
12646,284,2,2990000,5980000
12647,145,1,2990000,2990000
12648,38,1,11990000,11990000
12648,258,1,5391000,5391000
12649,221,1,18990000,18990000
12650,99,1,12340500,12340500
12651,31,1,6490000,6490000
12652,211,1,6165500,6165500
12653,284,1,2990000,2990000
12653,58,1,7490000,7490000
12654,252,1,250000,250000
12654,126,1,5690500,5690500
12655,282,1,7990000,7990000
12656,41,1,190000,190000
12657,140,1,4990000,4990000
12658,202,1,10791000,11870100
12659,154,1,20691000,20691000
12660,45,3,8541000,25623000
12661,83,1,26590500,26590500
12662,300,1,1795500,1795500
12663,3,1,560500,560500
12664,260,1,18990000,18990000
12665,52,1,180500,180500
12665,220,2,12990000,25980000
12665,31,1,6490000,6490000
12666,166,1,3990000,3990000
12666,2,2,36990000,73980000
12667,276,1,5841000,5841000
12667,226,2,18990000,37980000
12668,68,1,1890000,1890000
12668,27,1,12990000,12990000
12669,84,2,8541000,17082000
12669,89,1,3315500,3315500
12670,183,1,2490000,2490000
12671,236,1,7590500,7590500
12672,319,1,2990000,2990000
12673,63,1,5990000,5990000
12674,62,1,27990000,27990000
12675,71,1,11990000,11990000
12676,186,1,9490000,9490000
12677,320,1,320000,320000
12678,58,1,7490000,7490000
12679,214,2,27990000,55980000
12680,126,1,5990000,5990000
12681,126,1,5690500,5690500
12682,131,1,25191000,25191000
12683,168,1,25191000,25191000
12684,251,1,25191000,25191000
12685,304,2,7990000,15980000
12686,265,1,30390500,30390500
12686,140,1,4740500,4740500
12687,91,1,4740500,4740500
12688,4,1,320000,320000
12688,83,1,27990000,27990000
12689,254,1,7990000,7990000
12689,262,1,750000,750000
12689,305,1,1890000,1890000
12690,78,3,450000,1350000
12690,254,1,7990000,7990000
12690,290,1,18990000,18990000
12691,28,1,4590000,4590000
12691,61,1,750000,750000
12692,185,1,2990000,2990000
12692,84,1,9490000,9490000
12693,35,1,7590500,7590500
12694,28,2,4590000,9180000
12695,207,1,3591000,3591000
12695,57,1,36990000,36990000
12696,51,1,450000,450000
12696,128,1,450000,450000
12697,13,1,25191000,25191000
12697,18,1,9490000,9490000
12698,238,1,33291000,33291000
12699,229,1,250000,250000
12699,165,1,6490000,6490000
12700,95,1,7590500,7590500
12700,146,2,5690500,11381000
12701,37,1,120000,120000
12702,47,1,6490000,6490000
12702,22,1,4990000,4990000
12703,168,1,27990000,27990000
12703,285,1,2365500,2365500
12703,296,1,21840500,21840500
12704,227,1,9990000,9990000
12705,71,1,11390500,11390500
12706,205,1,6490000,6490000
12707,180,1,2990000,2990000
12707,252,2,250000,500000
12708,52,1,190000,190000
12708,116,1,18040500,18040500
12709,108,1,28791000,28791000
12710,77,1,250000,250000
12711,317,1,28791000,28791000
12711,106,1,7191000,7910100
12712,25,1,3490000,3490000
12713,61,2,712500,1425000
12713,158,1,2691000,2691000
12714,241,1,4131000,4131000
12715,257,1,11390500,11390500
12716,35,1,7590500,8349550
12717,164,1,3990000,3990000
12718,8,1,1890000,1890000
12718,159,1,12990000,12990000
12719,203,1,27990000,27990000
12720,110,1,4740500,4740500
12721,141,1,6490000,6490000
12722,99,1,12990000,12990000
12723,70,2,1701000,3402000
12724,206,1,531000,531000
12725,197,1,750000,750000
12726,261,1,9490000,9490000
12727,106,1,7990000,7990000
12728,318,1,7990000,7990000
12729,10,1,6490000,6490000
12730,243,1,18990000,18990000
12731,93,1,7990000,7990000
12732,23,1,36990000,36990000
12732,113,1,18990000,18990000
12732,40,1,1795500,1795500
12733,214,1,27990000,27990000
12733,274,1,11990000,11990000
12734,188,1,9990000,9990000
12734,118,1,18990000,18990000
12735,254,1,7990000,7990000
12736,213,1,18990000,18990000
12737,304,1,7990000,7990000
12737,111,1,7490000,7490000
12737,218,1,1890000,1890000
12738,107,1,320000,320000
12739,230,1,225000,225000
12740,156,1,27990000,27990000
12741,292,1,5841000,5841000
12741,311,1,3990000,3990000
12742,291,1,3490000,3490000
12743,230,1,250000,250000
12743,286,1,3315500,3315500
12744,11,1,36990000,36990000
12744,314,1,25191000,25191000
12745,103,3,22990000,68970000
12746,176,1,31990000,31990000
12747,190,1,2691000,2691000
12748,232,1,750000,750000
12749,125,1,6490000,6490000
12750,261,1,8541000,8541000
12750,185,2,2840500,5681000
12751,4,1,320000,320000
12752,26,1,30390500,30390500
12753,320,1,320000,320000
12754,176,3,31990000,95970000
12754,215,1,25191000,25191000
12755,183,1,2365500,2365500
12755,305,1,1890000,1890000
12756,24,1,6490000,6490000
12757,41,1,171000,171000
12758,253,1,1890000,1890000
12759,133,1,25191000,25191000
12760,273,1,11990000,11990000
12760,206,1,590000,590000
12760,217,3,22990000,68970000
12761,230,1,250000,250000
12761,55,1,9990000,9990000
12762,153,1,108000,108000
12763,144,1,4990000,4990000
12764,234,1,7990000,7990000
12765,168,1,26590500,26590500
12766,257,2,10791000,21582000
12767,25,1,3490000,3490000
12768,186,1,9490000,9490000
12769,21,1,7990000,7990000
12769,159,3,11691000,35073000
12769,54,1,7115500,7115500
12770,169,1,3141000,3141000
12771,316,1,2990000,2990000
12771,121,1,190000,190000
12771,237,1,8541000,8541000
12772,214,1,25191000,25191000
12773,128,1,450000,450000
12774,54,1,7490000,7490000
12775,240,1,5690500,5690500
12776,27,1,12340500,12340500
12777,224,1,7191000,7191000
12777,261,1,8541000,8541000
12778,101,1,18990000,18990000
12779,82,1,2490000,2490000
12779,320,1,320000,320000
12780,207,1,3990000,3990000
12780,64,1,18990000,18990000
12781,13,2,27990000,55980000
12782,155,1,25191000,25191000
12783,179,1,320000,320000
12784,1,1,1701000,1701000
12784,193,1,36990000,36990000
12785,203,1,27990000,27990000
12786,186,1,9490000,9490000
12786,211,2,6490000,12980000
12787,3,1,590000,590000
12788,163,1,17091000,17091000
12788,152,3,20691000,62073000
12788,93,1,7990000,7990000
12789,11,3,33291000,99873000
12789,120,2,3490000,6980000
12790,317,1,31990000,31990000
12790,9,1,288000,288000
12790,101,1,17091000,17091000
12791,251,1,25191000,25191000
12792,3,1,590000,590000
12793,123,1,2241000,2465100
12794,60,1,11390500,11390500
12794,299,2,3315500,6631000
12794,310,1,5990000,5990000
12795,193,1,35140500,35140500
12796,151,2,3141000,6282000
12797,130,1,7490000,7490000
12797,47,1,5841000,5841000
12798,29,1,250000,250000
12799,124,2,2840500,5681000
12800,235,1,3141000,3141000
12800,76,3,22990000,68970000
12801,233,1,250000,250000
12802,3,1,590000,590000
12803,232,1,750000,750000
12803,288,1,3990000,3990000
12803,222,1,36990000,36990000
12804,58,1,7115500,7115500
12804,195,1,2490000,2739000
12805,319,3,2990000,8970000
12806,287,1,4740500,4740500
12807,184,1,6490000,6490000
12807,141,1,6490000,6490000
12807,34,1,18990000,18990000
12808,105,1,9490000,9490000
12809,234,1,7990000,7990000
12810,243,2,18040500,36081000
12810,290,1,18040500,18040500
12811,116,1,17091000,17091000
12812,68,1,1890000,1890000
12812,211,1,6490000,6490000
12812,73,1,11390500,11390500
12813,46,1,7990000,7990000
12814,34,1,17091000,17091000
12814,65,1,17091000,17091000
12815,311,1,3790500,3790500
12815,200,1,26590500,26590500
12815,303,1,18990000,18990000
12816,80,1,9490000,9490000
12817,135,1,5990000,5990000
12818,111,1,7115500,7115500
12819,261,1,9490000,9490000
12820,144,1,4990000,4990000
12821,13,1,25191000,25191000
12821,49,1,2241000,2241000
12822,225,1,26590500,26590500
12823,157,1,7590500,7590500
12823,4,1,320000,320000
12824,99,1,12990000,12990000
12825,93,1,7990000,7990000
12826,50,1,9490000,9490000
12827,293,1,2990000,2990000
12827,57,2,36990000,73980000
12828,242,1,5990000,5990000
12829,33,1,237500,237500
12830,85,1,27990000,27990000
12830,262,1,750000,750000
12831,240,1,5990000,5990000
12832,26,1,30390500,30390500
12833,171,1,2365500,2365500
12834,176,2,28791000,57582000
12835,101,1,18040500,18040500
12835,163,1,18990000,18990000
12835,95,1,7990000,7990000
12836,262,1,750000,750000
12836,39,1,28791000,28791000
12837,57,1,35140500,35140500
12838,208,1,120000,120000
12839,89,1,3315500,3315500
12840,58,1,7115500,7115500
12840,60,1,11990000,11990000
12841,183,1,2241000,2241000
12842,137,1,3990000,3990000
12842,297,1,9490000,9490000
12843,87,1,4990000,4990000
12844,159,1,12990000,12990000
12845,292,1,6490000,6490000
12845,258,1,5391000,5391000
12846,25,1,3490000,3490000
12846,17,1,304000,304000
12847,82,1,2365500,2365500
12848,256,1,590000,590000
12848,302,1,36990000,36990000
12849,173,1,18990000,18990000
12850,187,3,4990000,14970000
12851,158,1,2990000,2990000
12851,221,2,18990000,37980000
12852,44,1,2990000,2990000
12853,225,1,27990000,27990000
12854,269,1,450000,450000
12854,288,1,3591000,3591000
12855,50,1,9490000,9490000
12856,137,1,3990000,3990000
12857,306,1,1890000,1890000
12857,15,1,4990000,4990000
12857,137,1,3990000,3990000
12858,262,1,675000,675000
12859,97,1,4590000,4590000
12860,296,1,22990000,22990000
12861,224,1,7990000,7990000
12862,143,1,2241000,2241000
12862,295,1,750000,750000
12862,109,1,590000,590000
12863,90,1,450000,450000
12864,303,1,18990000,17091000
12865,70,3,1890000,5670000
12866,173,1,18990000,18990000
12866,317,1,31990000,31990000
12867,312,1,4740500,4740500
12867,179,2,320000,640000
12868,132,2,4491000,8982000
12869,200,1,27990000,27990000
12870,110,1,4990000,4990000
12871,71,1,11990000,11990000
12871,88,1,7990000,7990000
12872,212,1,7990000,7990000
12872,304,1,7990000,7990000
12873,181,1,4990000,4990000
12873,146,2,5391000,10782000
12873,120,1,3315500,3315500
12874,253,2,1701000,3402000
12874,195,3,2490000,7470000
12875,125,1,6490000,6490000
12875,117,1,11990000,11990000
12876,274,2,10791000,21582000
12877,164,3,3990000,11970000
12877,104,1,18990000,18990000
12878,158,1,2990000,2990000
12878,267,2,9490000,18980000
12879,112,1,27990000,27990000
12879,257,2,11990000,23980000
12879,162,1,18990000,18990000
12880,84,1,8541000,8541000
12880,230,1,250000,250000
12881,119,1,120000,120000
12882,120,2,3315500,6631000
12883,216,1,3990000,3990000
12884,102,1,2241000,2241000
12885,136,1,4491000,4491000
12885,31,1,6490000,6490000
12885,136,3,4491000,13473000
12886,199,1,35140500,35140500
12886,66,1,750000,750000
12887,300,1,1701000,1701000
12888,83,2,25191000,50382000
12889,154,1,22990000,22990000
12889,148,1,5990000,5990000
12889,238,1,36990000,36990000
12890,177,1,36990000,36990000
12890,167,1,36990000,36990000
12891,224,2,7990000,15980000
12892,283,1,9490000,9490000
12893,29,1,250000,250000
12894,18,1,9490000,9490000
12894,236,1,7590500,7590500
12895,215,1,27990000,27990000
12896,172,1,3141000,3141000
12896,308,1,22990000,22990000
12897,291,2,3490000,6980000
12897,309,1,35140500,35140500
12898,81,1,5841000,5841000
12898,68,1,1701000,1701000
12898,4,1,320000,320000
12899,17,1,320000,320000
12900,72,1,7990000,7990000
12901,216,1,3990000,3990000
12902,278,1,6165500,6165500
12903,156,1,27990000,27990000
12903,128,1,450000,450000
12904,95,1,7990000,7990000
12905,74,1,5990000,5990000
12906,76,1,22990000,22990000
12907,168,1,27990000,27990000
12907,250,1,171000,171000
12908,144,1,4990000,4990000
12908,227,1,9990000,9990000
12909,123,1,2490000,2490000
12910,10,1,5841000,5841000
12911,191,1,4990000,4990000
12912,308,1,22990000,25289000
12913,266,1,120000,120000
12913,144,2,4740500,9481000
12913,2,1,36990000,36990000
12914,315,1,4590000,4590000
12915,295,1,712500,712500
12916,42,1,9490000,9490000
12917,58,1,7490000,7490000
12918,314,1,25191000,25191000
12919,290,1,18040500,18040500
12919,75,1,5841000,5841000
12920,7,3,6165500,18496500
12920,45,1,9015500,9015500
12920,93,1,7990000,7990000
12921,193,1,33291000,33291000
12922,52,1,190000,190000
12923,281,1,3990000,3990000
12924,34,2,18040500,36081000
12925,293,1,2840500,2840500
12926,176,1,31990000,31990000
12927,158,1,2840500,2840500
12928,27,1,12990000,12990000
12929,298,1,6490000,6490000
12929,267,1,9490000,9490000
12930,220,1,12340500,12340500
12930,8,1,1890000,1890000
12931,234,1,7990000,7990000
12932,253,1,1701000,1701000
12932,89,1,3490000,3490000
12933,37,2,114000,228000
12934,172,1,3141000,3141000
12935,59,1,4740500,4740500
12936,117,1,11990000,11990000
12937,112,2,27990000,55980000
12938,307,1,3490000,3490000
12939,214,1,26590500,26590500
12940,172,1,3490000,3490000
12940,124,1,2990000,2990000
12941,135,1,5990000,5990000
12941,268,1,450000,450000
12942,261,1,9490000,9490000
12942,296,2,22990000,45980000
12943,232,1,712500,712500
12944,312,1,4990000,4990000
12944,99,1,12990000,12990000
12945,49,1,2490000,2490000
12946,29,1,250000,250000
12947,78,1,450000,450000
12948,180,1,2990000,2990000
12948,316,2,2990000,5980000
12949,121,1,190000,190000
12950,269,2,450000,990000
12951,25,2,3141000,6282000
12952,24,1,5841000,5841000
12953,172,1,3315500,3315500
12954,79,1,190000,190000
12955,100,1,9990000,9990000
12955,197,1,675000,675000
12955,13,2,25191000,50382000
12956,302,1,33291000,33291000
12956,139,1,9490000,9490000
12957,302,1,33291000,33291000
12958,171,1,2241000,2241000
12959,123,1,2490000,2490000
12960,216,1,3990000,3990000
12961,61,1,712500,712500
12961,209,1,9990000,9990000
12962,111,1,7490000,7490000
12962,23,1,36990000,36990000
12963,142,1,9490000,8541000
12964,172,1,3490000,3490000
12965,237,1,9015500,9015500
12965,39,1,31990000,31990000
12966,297,1,9490000,9490000
12967,251,1,27990000,27990000
12967,224,2,7590500,15181000
12968,216,1,3990000,3990000
12969,311,1,3990000,3990000
12970,84,1,9490000,9490000
12971,209,1,9990000,9990000
12971,249,1,288000,288000
12972,118,1,18990000,18990000
12973,131,1,27990000,27990000
12974,268,1,450000,450000
12974,27,1,12990000,12990000
12975,92,1,225000,225000
12976,35,1,7990000,7990000
12977,83,1,27990000,27990000
12978,126,1,5990000,5990000
12979,79,1,190000,190000
12980,93,1,7990000,7990000
12981,201,2,4491000,8982000
12982,128,1,405000,405000
12983,306,1,1890000,1890000
12984,36,1,190000,190000
12985,207,1,3990000,3990000
12986,205,1,6490000,6490000
12987,119,1,120000,120000
12987,294,1,5990000,5990000
12988,113,1,18990000,18990000
12989,127,1,6165500,6165500
12989,188,1,9990000,9990000
12990,166,1,3990000,3990000
12990,174,2,4990000,9980000
12991,237,1,9490000,9490000
12992,95,1,7191000,7191000
12993,189,1,1890000,1890000
12993,189,1,1890000,1890000
12994,245,1,9490000,9490000
12994,57,1,36990000,36990000
12995,176,1,31990000,31990000
12996,47,1,6490000,6490000
12997,77,1,250000,250000
12998,294,1,5990000,5990000
12998,45,1,9015500,9015500
12999,18,1,9490000,9490000
13000,310,1,5990000,5990000
13001,25,1,3141000,3141000
13002,116,1,18040500,18040500
13003,292,1,6490000,6490000
13004,1,1,1890000,1890000
13004,115,1,30390500,30390500
13005,87,2,4491000,8982000
13005,149,2,30390500,60781000
13006,124,1,2990000,2990000
13006,251,3,25191000,75573000
13007,16,1,25191000,25191000
13008,212,1,7191000,7191000
13009,223,1,5690500,5690500
13010,278,1,5841000,5841000
13011,92,1,250000,250000
13012,218,1,1890000,1890000
13013,272,1,9490000,9490000
13013,152,1,21840500,21840500
13014,87,1,4990000,4990000
13015,78,3,450000,1350000
13016,53,1,9490000,9490000
13017,79,1,190000,190000
13017,74,1,5990000,5990000
13017,67,1,18040500,18040500
13018,252,1,250000,250000
13019,70,1,1890000,1890000
13020,101,1,18990000,18990000
13020,122,1,4990000,4990000
13021,53,1,9015500,9015500
13021,140,1,4990000,4990000
13021,228,1,2490000,2490000
13022,267,2,8541000,17082000
13022,8,2,1795500,3591000
13023,112,1,26590500,26590500
13023,43,1,8541000,8541000
13024,163,1,18990000,18990000
13025,66,1,675000,675000
13026,287,1,4740500,4740500
13026,18,1,9015500,9015500
13027,304,3,7990000,23970000
13027,249,1,304000,304000
13028,42,1,9015500,9015500
13028,67,1,18990000,18990000
13029,308,1,22990000,22990000
13030,43,1,8541000,8541000
13031,116,1,18990000,18990000
13032,34,1,18040500,18040500
13033,258,1,5690500,5690500
13033,4,1,288000,288000
13034,111,2,7490000,14980000
13035,106,1,7990000,7990000
13036,74,1,5690500,5690500
13037,103,1,22990000,22990000
13038,276,1,6490000,6490000
13039,18,1,9015500,9015500
13040,138,1,6741000,6741000
13041,117,1,10791000,10791000
13041,21,1,7590500,7590500
13042,39,1,31990000,31990000
13043,75,1,5841000,5841000
13044,293,1,2990000,2990000
13045,173,1,18990000,18990000
13046,128,1,450000,450000
13046,319,1,2990000,2990000
13047,94,1,5990000,5990000
13048,252,1,250000,250000
13049,237,1,8541000,8541000
13050,304,1,7590500,7590500
13050,223,1,5990000,5990000
13050,174,1,4740500,4740500
13051,254,1,7590500,7590500
13051,37,1,108000,108000
13052,166,1,3990000,3990000
13053,10,2,5841000,11682000
13054,49,1,2490000,2490000
13055,2,1,36990000,36990000
13055,239,1,5841000,5841000
13056,146,1,5990000,5990000
13057,103,1,22990000,22990000
13058,33,1,250000,250000
13059,108,1,30390500,30390500
13060,311,3,3990000,11970000
13061,258,1,5990000,5990000
13062,220,1,12340500,12340500
13062,54,1,7490000,7490000
13063,82,1,2490000,2241000
13064,251,1,25191000,25191000
13065,24,1,6165500,6165500
13065,115,1,31990000,31990000
13065,81,1,6490000,6490000
13066,184,1,6165500,6165500
13066,95,3,7191000,21573000
13066,64,1,18990000,18990000
13067,273,3,10791000,32373000
13067,136,1,4740500,4740500
13068,32,1,11390500,11390500
13069,234,1,7590500,7590500
13069,210,1,6490000,6490000
13070,253,1,1890000,1890000
13071,51,1,450000,450000
13071,146,1,5990000,5990000
13072,119,1,120000,120000
13072,244,1,28791000,28791000
13073,145,1,2990000,2990000
13074,197,1,750000,750000
13075,52,1,180500,180500
13076,52,1,190000,190000
13076,52,1,171000,171000
13076,314,2,27990000,55980000
13077,18,1,9490000,9490000
13077,269,1,405000,405000
13078,55,2,9990000,19980000
13079,236,1,7990000,7990000
13080,184,1,6490000,6490000
13081,53,1,9015500,9015500
13082,218,1,1701000,1701000
13083,191,1,4990000,4990000
13083,34,1,18990000,18990000
13083,179,1,320000,320000
13084,70,1,1795500,1795500
13085,277,1,6490000,6490000
13086,223,1,5990000,5990000
13087,296,1,20691000,20691000
13088,52,1,190000,190000
13088,8,1,1890000,1890000
13089,195,1,2490000,2490000
13090,187,1,4990000,4990000
13091,51,1,405000,405000
13092,137,1,3790500,3790500
13093,281,1,3990000,3990000
13094,275,1,5690500,5690500
13095,106,1,7191000,7191000
13095,230,1,250000,250000
13095,310,1,5990000,5990000
13096,107,1,320000,320000
13097,144,1,4990000,4990000
13098,113,1,18990000,18990000
13099,267,1,9015500,9015500
13099,132,1,4491000,4491000
13100,134,1,6490000,6490000
13101,163,1,18990000,18990000
13102,253,1,1890000,1890000
13102,243,1,18040500,18040500
13103,213,1,18990000,18990000
13104,277,2,5841000,11682000
13105,270,1,5990000,5990000
13105,250,2,190000,380000
13106,195,1,2490000,2490000
13107,213,1,18990000,18990000
13107,275,3,5690500,17071500
13108,127,1,5841000,5841000
13108,123,1,2365500,2365500
13109,144,1,4740500,4740500
13110,303,1,18990000,18990000
13111,40,1,1890000,1890000
13112,209,1,8991000,8991000
13113,228,1,2241000,2241000
13114,9,1,288000,288000
13114,6,1,5391000,5391000
13115,299,1,3490000,3490000
13116,248,1,11990000,11990000
13117,47,1,5841000,5841000
13118,195,2,2490000,4980000
13119,226,1,18990000,18990000
13119,154,3,22990000,68970000
13120,143,1,2490000,2490000
13121,55,1,8991000,8991000
13122,162,1,18990000,18990000
13122,154,1,22990000,22990000
13123,9,1,288000,288000
13123,159,1,12990000,12990000
13124,90,2,450000,900000
13125,137,1,3990000,3990000
13125,147,1,10791000,10791000
13126,68,1,1890000,1890000
13126,231,2,35140500,70281000
13127,10,1,6490000,6490000
13127,280,1,4131000,4131000
13128,17,1,320000,320000
13129,218,1,1890000,2079000
13130,62,1,26590500,26590500
13131,71,1,10791000,10791000
13131,297,1,9490000,9490000
13131,86,1,18990000,18990000
13132,236,1,7990000,7990000
13133,71,1,11990000,11990000
13134,253,3,1701000,5103000
13135,34,1,18990000,18990000
13136,179,1,320000,320000
13137,38,1,11990000,11990000
13138,150,1,12990000,12990000
13138,71,1,11990000,11990000
13138,20,1,4360500,4360500
13139,277,1,6490000,6490000
13140,105,1,9015500,9015500
13141,145,1,2691000,2691000
13141,173,1,18040500,18040500
13141,227,1,9990000,9990000
13142,252,1,250000,250000
13142,80,2,9015500,18031000
13143,166,1,3790500,3790500
13144,247,1,11990000,11990000
13145,107,1,320000,320000
13146,93,3,7990000,23970000
13147,87,1,4740500,4740500
13148,93,1,7191000,7191000
13149,55,1,9490500,9490500
13150,68,1,1890000,1890000
13150,86,1,18040500,18040500
13150,51,1,405000,405000
13151,150,2,12340500,24681000
13152,258,1,5990000,5990000
13153,304,1,7990000,7990000
13154,315,1,4131000,4131000
13154,136,1,4990000,4990000
13155,173,1,18990000,18990000
13156,45,1,9015500,9015500
13157,173,1,18990000,18990000
13158,67,1,18990000,18990000
13159,298,1,5841000,5841000
13160,279,1,4590000,4590000
13161,57,1,36990000,40689000
13162,56,1,6490000,6490000
13162,114,3,28791000,86373000
13162,148,1,5391000,5391000
13163,318,1,7990000,7990000
13164,84,1,9490000,9490000
13165,161,1,18990000,18990000
13166,191,1,4990000,4990000
13167,132,1,4740500,4740500
13168,255,1,27990000,27990000
13169,11,1,36990000,36990000
13170,88,2,7191000,14382000
13170,309,2,36990000,73980000
13170,101,1,18040500,18040500
13171,222,1,35140500,35140500
13172,18,1,9015500,9015500
13173,166,1,3990000,3990000
13174,168,1,27990000,27990000
13175,317,2,30390500,60781000
13176,23,1,36990000,36990000
13177,1,1,1890000,1890000
13177,287,1,4990000,4990000
13178,44,1,2990000,2990000
13179,55,1,8991000,8991000
13179,64,1,17091000,17091000
13180,294,1,5391000,5391000
13181,58,1,7490000,7490000
13182,29,1,250000,250000
13183,178,1,2691000,2691000
13184,205,1,6490000,6490000
13185,119,1,108000,108000
13185,60,1,11990000,11990000
13185,36,1,190000,190000
13186,254,1,7990000,7990000
13186,230,1,250000,250000
13187,247,1,11990000,11990000
13187,28,3,4590000,13770000
13188,94,1,5690500,5690500
13189,280,1,4131000,4131000
13190,155,1,26590500,26590500
13191,76,1,22990000,22990000
13192,213,2,18990000,37980000
13193,192,1,7191000,7191000
13194,198,3,11990000,35970000
13195,282,1,7990000,7990000
13196,50,1,9490000,9490000
13197,220,1,12340500,12340500
13197,26,1,30390500,30390500
13198,5,2,7590500,15181000
13198,272,1,9490000,9490000
13199,198,1,11390500,11390500
13200,117,1,11990000,11990000
13201,259,1,36990000,36990000
13202,30,1,5841000,5841000
13202,203,3,26590500,79771500
13202,306,1,1701000,1701000
13203,217,2,22990000,45980000
13204,312,1,4990000,4990000
13205,209,1,8991000,8991000
13206,90,1,450000,450000
13207,246,1,750000,750000
13207,55,1,8991000,8991000
13208,141,1,5841000,5841000
13209,254,1,7590500,7590500
13209,27,1,12990000,12990000
13210,180,1,2990000,2990000
13211,320,1,320000,320000
13212,297,1,8541000,8541000
13213,199,2,36990000,73980000
13214,62,1,27990000,27990000
13215,74,1,5990000,5990000
13216,18,1,9490000,9490000
13217,149,1,31990000,31990000
13218,312,1,4740500,4740500
13218,240,1,5690500,5690500
13218,151,1,3490000,3490000
13219,315,1,4590000,4590000
13220,95,1,7590500,7590500
13220,279,1,4131000,4131000
13221,157,1,7990000,7990000
13222,17,1,320000,320000
13222,102,2,2490000,4980000
13223,269,1,427500,427500
13224,298,3,6490000,19470000
13224,273,1,11390500,11390500
13224,298,1,6490000,6490000
13225,177,1,33291000,33291000
13226,304,1,7990000,7990000
13226,243,1,17091000,17091000
13226,153,1,114000,114000
13227,176,1,31990000,31990000
13227,54,1,6741000,6741000
13228,188,1,8991000,8991000
13228,246,1,750000,750000
13229,82,1,2365500,2365500
13230,103,1,22990000,22990000
13231,112,1,25191000,25191000
13231,215,1,27990000,27990000
13232,252,1,250000,250000
13233,145,1,2990000,2990000
13234,286,1,3490000,3490000
13235,262,1,675000,675000
13236,189,1,1701000,1701000
13237,218,2,1795500,3591000
13238,203,1,26590500,26590500
13238,201,1,4740500,4740500
13238,107,1,288000,288000
13239,3,1,590000,590000
13239,271,1,6490000,6490000
13240,11,1,33291000,33291000
13241,28,1,4590000,4590000
13242,266,1,120000,120000
13242,131,1,26590500,26590500
13243,17,2,304000,608000
13244,310,1,5990000,5990000
13244,97,3,4131000,12393000
13245,214,1,27990000,27990000
13246,217,1,22990000,22990000
13247,3,1,590000,590000
13248,243,1,18990000,18990000
13249,107,1,304000,304000
13250,280,1,4590000,4590000
13251,4,1,320000,320000
13252,19,1,11990000,11990000
13252,252,1,237500,237500
13253,310,1,5990000,5990000
13254,135,1,5690500,5690500
13255,61,3,750000,2250000
13256,35,1,7990000,7990000
13257,143,1,2365500,2365500
13258,149,1,31990000,31990000
13258,110,1,4990000,4990000
13259,280,1,4590000,4590000
13260,233,2,250000,500000
13261,272,1,9490000,9490000
13262,20,1,4590000,4590000
13262,226,1,17091000,17091000
13262,237,1,9490000,9490000
13263,246,2,750000,1500000
13263,212,1,7990000,7990000
13264,177,1,36990000,36990000
13265,215,1,27990000,27990000
13266,235,1,3490000,3490000
13266,153,2,108000,216000
13266,220,1,12990000,12990000
13267,122,1,4990000,4990000
13268,253,1,1890000,1890000
13268,219,1,7990000,7990000
13269,210,1,6490000,6490000
13270,23,1,36990000,36990000
13270,124,1,2990000,2990000
13270,174,1,4990000,4990000
13271,3,1,560500,560500
13271,267,1,9490000,9490000
13272,39,1,30390500,30390500
13272,179,1,320000,320000
13272,241,2,4360500,8721000
13273,132,1,4740500,4740500
13273,313,1,2490000,2490000
13274,312,1,4990000,4990000
13274,165,1,6490000,6490000
13274,221,1,18040500,18040500
13275,172,1,3490000,3490000
13276,94,1,5391000,5391000
13277,22,1,4491000,4491000
13277,237,1,9490000,9490000
13278,13,1,26590500,26590500
13278,196,1,4990000,4990000
13279,288,1,3591000,3591000
13279,25,1,3490000,3490000
13280,195,1,2490000,2490000
13280,42,1,9490000,9490000
13281,202,1,11990000,11990000
13282,120,1,3315500,3315500
13283,262,1,675000,675000
13284,122,1,4740500,4740500
13285,65,1,18040500,18040500
13286,235,1,3141000,3141000
13287,31,1,6490000,6490000
13288,99,1,12990000,12990000
13288,197,1,750000,750000
13289,288,1,3990000,3990000
13290,320,1,320000,320000
13291,154,1,22990000,22990000
13292,198,3,11990000,35970000
13292,72,1,7990000,7990000
13293,105,1,9490000,9490000
13293,24,1,6165500,6165500
13293,149,1,31990000,31990000
13294,278,1,6490000,6490000
13294,106,1,7990000,7990000
13295,149,1,30390500,30390500
13296,229,3,237500,712500
13297,205,1,6490000,6490000
13298,271,1,6490000,6490000
13299,103,1,22990000,22990000
13300,122,1,4491000,4491000
13301,274,1,11390500,11390500
13302,269,1,427500,427500
13303,230,1,250000,250000
13304,299,1,3141000,3141000
13305,99,3,11691000,35073000
13306,95,1,7990000,7990000
13307,55,1,9990000,9990000
13308,189,1,1890000,1890000
13309,48,1,6490000,6490000
13310,251,1,27990000,27990000
13311,217,1,22990000,22990000
13312,193,1,35140500,35140500
13313,114,1,31990000,31990000
13314,93,2,7990000,15980000
13315,20,1,4131000,4131000
13316,52,1,190000,190000
13316,60,1,11990000,11990000
13317,291,1,3315500,3315500
13317,289,1,11390500,11390500
13318,118,1,18990000,18990000
13319,165,1,6165500,6165500
13320,98,1,35140500,35140500
13320,293,1,2990000,2990000
13321,117,1,11990000,11990000
13321,194,1,6490000,6490000
13322,300,1,1701000,1701000
13323,294,3,5990000,17970000
13323,153,1,120000,120000
13323,296,1,21840500,21840500
13324,265,1,28791000,28791000
13325,68,1,1701000,1701000
13325,238,2,36990000,73980000
13325,242,1,5990000,5990000
13326,172,1,3141000,3141000
13327,129,1,2691000,2691000
13328,182,1,36990000,36990000
13329,316,1,2691000,2960100
13329,55,1,9490500,9490500
13330,230,1,225000,225000
13331,240,1,5391000,5391000
13332,63,1,5990000,5990000
13332,292,1,5841000,5841000
13333,66,1,675000,675000
13334,237,1,9490000,9490000
13335,13,1,26590500,26590500
13335,86,2,18990000,37980000
13336,52,1,180500,180500
13336,259,1,35140500,35140500
13337,204,2,9490000,18980000
13337,134,1,6490000,6490000
13338,254,2,7990000,15980000
13338,144,1,4740500,4740500
13339,112,1,27990000,27990000
13339,186,3,8541000,25623000
13339,275,1,5690500,5690500
13340,292,1,6490000,6490000
13340,271,1,5841000,5841000
13341,260,1,18040500,18040500
13342,172,1,3490000,3490000
13343,290,1,18990000,18990000
13344,286,1,3141000,3141000
13344,77,1,250000,250000
13345,215,3,26590500,79771500
13346,257,1,11990000,11990000
13347,180,1,2691000,2691000
13348,279,1,4131000,4131000
13349,84,1,9490000,9490000
13350,128,1,405000,405000
13351,12,1,27990000,27990000
13352,289,1,11990000,11990000
13353,100,3,9490500,28471500
13354,269,1,427500,427500
13355,147,1,11990000,11990000
13355,209,1,8991000,8991000
13355,18,1,9490000,9490000
13356,61,1,750000,750000
13357,75,1,6490000,6490000
13357,317,1,31990000,31990000
13358,220,1,12990000,12990000
13359,290,1,18990000,18990000
13359,310,1,5990000,5990000
13359,7,1,6490000,6490000
13360,211,1,5841000,5841000
13361,116,1,18040500,18040500
13362,226,3,18040500,54121500
13363,150,1,11691000,11691000
13364,318,1,7590500,7590500
13364,45,1,9490000,9490000
13365,60,1,11990000,11990000
13365,228,1,2490000,2490000
13366,23,2,36990000,73980000
13367,231,1,36990000,36990000
13367,310,1,5391000,5391000
13368,160,1,2840500,2840500
13368,220,1,12340500,12340500
13369,293,2,2990000,5980000
13370,215,1,25191000,25191000
13370,37,1,120000,120000
13371,89,1,3490000,3490000
13372,300,1,1795500,1795500
13372,305,1,1890000,1890000
13372,210,2,6490000,12980000
13373,233,1,237500,237500
13374,21,1,7990000,7990000
13375,40,1,1890000,1890000
13376,175,2,2241000,4482000
13377,108,1,30390500,30390500
13378,163,1,18990000,18990000
13378,255,1,27990000,27990000
13379,132,1,4491000,4491000
13380,314,1,25191000,25191000
13381,67,1,17091000,17091000
13381,29,1,225000,225000
13381,86,1,18040500,18040500
13382,126,1,5690500,5690500
13383,86,1,18990000,18990000
13384,101,1,17091000,17091000
13385,48,1,6165500,6165500
13386,57,1,36990000,36990000
13387,126,1,5690500,5690500
13388,61,1,712500,712500
13388,187,1,4990000,4990000
13389,38,1,11990000,11990000
13390,238,1,36990000,36990000
13390,293,2,2990000,5980000
13391,127,1,5841000,5841000
13391,309,2,35140500,70281000
13392,192,1,7590500,7590500
13393,265,1,31990000,31990000
13394,98,1,35140500,35140500
13395,222,2,33291000,66582000
13395,150,1,12990000,12990000
13396,55,1,8991000,8991000
13397,154,1,22990000,22990000
13398,34,1,18990000,18990000
13399,64,1,18990000,18990000
13400,229,1,250000,250000
13400,119,1,120000,120000
13400,232,1,750000,750000
13401,228,1,2490000,2490000
13402,170,1,17091000,17091000
13403,140,1,4990000,4990000
13404,184,1,6490000,6490000
13405,319,1,2990000,2990000
13406,101,1,17091000,17091000
13407,42,1,9490000,9490000
13407,310,1,5690500,5690500
13408,190,2,2840500,5681000
13409,106,1,7590500,7590500
13410,240,1,5391000,5391000
13411,297,1,9490000,9490000
13412,3,2,560500,1121000
13413,137,1,3990000,3990000
13414,278,1,6490000,6490000
13415,8,1,1795500,1795500
13416,154,1,22990000,22990000
13416,21,1,7990000,7990000
13417,47,1,6490000,6490000
13417,15,1,4740500,5214550
13417,141,1,5841000,5841000
13418,55,2,9990000,19980000
13418,9,2,320000,640000
13418,186,1,9015500,9015500
13419,242,1,5990000,5990000
13420,309,1,36990000,36990000
13421,112,1,25191000,25191000
13422,173,1,17091000,17091000
13423,224,2,7590500,15181000
13424,8,1,1890000,1890000
13425,111,1,7115500,7115500
13426,303,1,18990000,18990000
13427,46,1,7990000,7990000
13427,111,1,6741000,6741000
13428,113,1,17091000,17091000
13429,277,3,6165500,18496500
13430,115,1,31990000,31990000
13431,168,2,27990000,55980000
13431,235,1,3315500,3315500
13432,105,3,9490000,28470000
13432,178,1,2840500,2840500
13433,112,1,26590500,26590500
13433,212,1,7990000,7990000
13434,16,1,27990000,27990000
13434,186,1,9490000,9490000
13434,154,1,21840500,21840500
13435,218,1,1701000,1701000
13436,128,1,405000,405000
13436,52,2,171000,342000
13437,199,1,36990000,36990000
13438,112,1,27990000,27990000
13439,158,1,2691000,2691000
13440,303,1,18040500,18040500
13441,174,1,4990000,4990000
13442,285,1,2365500,2365500
13443,178,1,2990000,2990000
13444,318,1,7590500,7590500
13445,43,1,9015500,9015500
13446,210,1,6490000,6490000
13446,187,1,4990000,4990000
13446,236,1,7990000,7990000
13447,145,1,2840500,2840500
13448,51,1,450000,450000
13449,65,1,18040500,18040500
13449,154,1,21840500,24024550
13450,70,1,1795500,1795500
13451,84,1,9490000,9490000
13452,305,1,1890000,1890000
13453,248,1,10791000,10791000
13454,301,1,3990000,3990000
13455,14,1,250000,250000
13456,266,1,120000,120000
13457,176,1,28791000,28791000
13457,20,1,4360500,4360500
13457,151,1,3490000,3490000
13458,71,1,11990000,11990000
13459,181,1,4491000,4491000
13460,204,1,9490000,9490000
13460,37,3,120000,360000
13461,219,1,7191000,7191000
13462,246,1,750000,750000
13463,81,1,6165500,6165500
13464,51,1,450000,450000
13464,38,3,11990000,35970000
13465,181,1,4990000,4990000
13466,225,1,26590500,26590500
13467,168,1,27990000,27990000
13468,193,1,36990000,36990000
13468,30,1,6490000,6490000
13469,206,1,590000,590000
13470,67,1,18990000,18990000
13471,278,2,6165500,12331000
13471,203,3,27990000,83970000
13471,247,1,11990000,11990000
13472,266,1,120000,120000
13472,249,1,288000,288000
13473,115,1,28791000,28791000
13474,273,1,10791000,10791000
13474,59,1,4990000,4990000
13475,57,1,36990000,36990000
13476,186,1,8541000,8541000
13477,48,1,6490000,6490000
13477,41,1,180500,180500
13478,268,1,450000,450000
13478,314,1,27990000,27990000
13478,216,1,3990000,3990000
13479,217,1,22990000,22990000
13479,245,1,9490000,9490000
13480,23,1,36990000,36990000
13481,299,1,3490000,3490000
13482,151,1,3490000,3490000
13483,164,1,3990000,3990000
13484,176,1,31990000,31990000
13484,197,2,712500,1425000
13485,143,1,2241000,2241000
13486,131,1,27990000,27990000
13486,191,1,4990000,4990000
13487,204,1,8541000,8541000
13488,264,1,9490500,9490500
13489,15,1,4740500,4740500
13490,278,1,6165500,6165500
13491,15,1,4740500,4740500
13491,66,1,712500,712500
13491,1,1,1890000,1890000
13492,189,1,1701000,1701000
13493,168,1,27990000,27990000
13494,76,1,21840500,21840500
13494,219,1,7191000,7191000
13494,281,1,3990000,3990000
13495,133,3,27990000,83970000
13496,220,1,12340500,12340500
13497,205,1,6490000,6490000
13498,21,1,7990000,7990000
13499,218,1,1795500,1795500
13499,54,1,7490000,7490000
13500,13,1,25191000,25191000
13501,203,1,27990000,27990000
13502,191,1,4990000,4990000
13503,317,1,28791000,28791000
13504,118,1,18990000,18990000
13505,4,1,320000,320000
13505,21,1,7590500,7590500
13506,221,1,18990000,18990000
13507,181,2,4990000,9980000
13508,205,1,6490000,6490000
13509,144,2,4990000,9980000
13510,1,1,1795500,1795500
13511,251,1,27990000,27990000
13512,22,1,4491000,4491000
13513,18,1,9015500,9015500
13514,224,1,7990000,7990000
13515,44,1,2840500,2840500
13515,68,1,1890000,1890000
13516,120,1,3490000,3490000
13516,82,1,2365500,2365500
13517,281,1,3790500,3790500
13517,241,1,4131000,4131000
13517,130,1,6741000,6741000
13518,237,1,8541000,8541000
13519,272,1,9490000,9490000
13520,295,1,750000,750000
13520,122,1,4990000,4990000
13520,12,2,25191000,50382000
13521,233,2,250000,500000
13521,189,1,1701000,1701000
13522,149,1,31990000,31990000
13523,194,2,5841000,11682000
13524,299,1,3490000,3490000
13525,92,1,250000,250000
13526,32,1,11990000,11990000
13527,18,1,9490000,9490000
13528,193,1,35140500,35140500
13528,121,1,190000,190000
13529,77,1,250000,250000
13530,82,1,2490000,2490000
13531,19,1,11990000,11990000
13532,119,1,120000,120000
13532,184,1,6490000,5841000
13532,186,1,9490000,9490000
13533,40,1,1890000,1890000
13534,135,2,5391000,10782000
13535,29,1,250000,250000
13536,141,1,6490000,6490000
13536,311,1,3990000,3990000
13537,284,1,2990000,2990000
13538,125,1,6490000,6490000
13539,283,2,9490000,18980000
13539,103,1,22990000,22990000
13540,42,1,9490000,9490000
13541,278,1,6165500,6165500
13542,298,1,5841000,5841000
13543,38,1,11990000,11990000
13544,108,1,31990000,31990000
13545,25,1,3315500,3315500
13546,131,1,27990000,27990000
13546,17,1,304000,304000
13547,174,1,4990000,4990000
13548,308,2,22990000,45980000
13549,103,1,21840500,21840500
13549,195,1,2490000,2490000
13550,2,1,36990000,36990000
13551,74,3,5990000,17970000
13552,237,1,9015500,9015500
13552,1,1,1890000,1890000
13553,239,1,6490000,6490000
13554,174,1,4990000,4990000
13555,230,1,250000,250000
13556,245,1,9490000,9490000
13557,58,1,7490000,7490000
13558,75,2,6490000,12980000
13558,303,1,18990000,18990000
13559,62,1,27990000,27990000
13560,1,1,1890000,1890000
13561,144,1,4990000,4990000
13561,267,1,9490000,9490000
13561,280,1,4590000,4590000
13562,276,2,6490000,12980000
13563,266,1,120000,120000
13564,14,1,237500,237500
13565,262,1,750000,750000
13565,53,1,9015500,9015500
13565,11,1,35140500,35140500
13566,100,1,9990000,9990000
13567,320,1,320000,320000
13568,39,1,31990000,31990000
13569,200,1,25191000,25191000
13569,231,1,36990000,36990000
13570,216,1,3790500,3790500
13570,208,1,114000,114000
13571,94,1,5391000,5391000
13571,25,1,3141000,3141000
13572,235,1,3141000,3141000
13572,244,1,30390500,30390500
13573,120,1,3315500,3315500
13574,82,1,2365500,2365500
13575,213,1,18040500,18040500
13575,24,1,6490000,6490000
13576,137,2,3990000,7980000
13577,96,1,2990000,2990000
13578,306,1,1701000,1701000
13579,205,1,6490000,6490000
13579,54,1,7490000,7490000
13580,171,2,2490000,4980000
13581,99,1,12990000,12990000
13581,103,1,21840500,21840500
13582,195,1,2490000,2490000
13582,60,1,11990000,11990000
13582,24,3,6165500,18496500
13583,49,1,2241000,2241000
13583,308,1,20691000,20691000
13584,177,1,36990000,36990000
13585,195,1,2241000,2241000
13585,121,1,190000,190000
13586,206,1,590000,590000
13586,275,1,5990000,5990000
13587,310,1,5391000,5391000
13588,166,1,3990000,3990000
13588,18,2,8541000,17082000
13589,40,3,1890000,5670000
13590,213,1,18040500,18040500
13591,306,1,1890000,1890000
13591,173,1,18040500,18040500
13592,11,1,33291000,33291000
13593,223,1,5990000,5990000
13594,202,1,11990000,11990000
13595,239,1,6490000,6490000
13596,102,1,2490000,2490000
13596,3,1,531000,531000
13597,218,1,1890000,1890000
13598,32,2,11990000,23980000
13599,215,2,27990000,55980000
13600,169,1,3490000,3490000
13600,113,1,18040500,18040500
13601,200,1,25191000,25191000
13602,80,1,9490000,9490000
13603,165,1,6490000,6490000
13604,65,1,18990000,18990000
13604,305,1,1890000,1890000
13605,95,1,7990000,7990000
13605,190,1,2691000,2691000
13605,127,1,5841000,5841000
13606,19,2,11990000,23980000
13607,54,1,7490000,7490000
13608,112,1,27990000,27990000
13608,293,1,2990000,2990000
13609,112,1,27990000,27990000
13610,280,1,4590000,4590000
13610,101,2,18990000,37980000
13611,101,1,18990000,18990000
13611,239,1,6490000,6490000
13611,140,1,4990000,4990000
13612,8,1,1890000,1890000
13612,284,3,2840500,8521500
13613,104,1,18990000,18990000
13614,93,1,7990000,7990000
13615,9,1,320000,320000
13615,305,1,1890000,1890000
13616,257,1,10791000,10791000
13617,11,1,33291000,33291000
13617,251,1,25191000,25191000
13618,133,1,27990000,27990000
13618,102,1,2490000,2490000
13619,295,1,750000,750000
13620,145,1,2990000,2990000
13621,206,1,590000,590000
13622,45,1,9490000,9490000
13623,99,1,12990000,12990000
13624,8,1,1890000,1890000
13625,288,1,3790500,3790500
13626,153,1,120000,120000
13627,100,1,9490500,9490500
13628,26,1,30390500,30390500
13628,299,1,3490000,3490000
13629,90,1,450000,450000
13630,219,1,7590500,7590500
13631,164,1,3990000,3990000
13632,28,1,4131000,4131000
13632,21,1,7990000,7990000
13632,4,1,288000,288000
13633,113,1,18990000,18990000
13634,160,1,2691000,2691000
13635,263,1,4491000,4491000
13636,90,1,405000,405000
13637,85,1,27990000,27990000
13638,40,1,1795500,1795500
13639,145,1,2990000,2990000
13639,40,1,1890000,1890000
13640,233,1,250000,275000
13640,91,1,4491000,4491000
13640,111,1,7490000,6741000
13641,175,1,2490000,2490000
13642,86,1,17091000,17091000
13643,16,1,27990000,27990000
13644,258,1,5990000,5990000
13644,212,1,7990000,7191000
13644,13,1,27990000,27990000
13645,90,1,450000,450000
13645,186,1,9490000,9490000
13646,125,1,5841000,5841000
13647,254,1,7191000,7191000
13647,287,1,4491000,4491000
13648,34,1,18990000,18990000
13649,107,1,304000,304000
13650,212,1,7990000,7990000
13651,86,1,18990000,18990000
13652,25,1,3490000,3490000
13653,85,2,25191000,50382000
13654,220,1,12990000,12990000
13655,268,1,427500,427500
13656,87,1,4740500,4740500
13657,267,1,8541000,8541000
13658,1,1,1890000,1890000
13658,243,1,18990000,18990000
13659,36,1,190000,190000
13660,14,1,225000,225000
13661,162,1,17091000,17091000
13662,319,1,2840500,2556450
13662,222,1,36990000,36990000
13662,275,1,5990000,5990000
13663,242,1,5690500,5690500
13664,15,1,4990000,4990000
13665,294,1,5391000,5391000
13665,232,1,750000,750000
13666,63,2,5690500,11381000
13667,109,1,590000,590000
13667,47,1,6490000,6490000
13668,277,2,6165500,12331000
13669,33,1,250000,250000
13670,106,2,7990000,15980000
13670,13,1,27990000,27990000
13671,124,1,2990000,2990000
13672,313,1,2365500,2365500
13673,297,1,9490000,9490000
13674,291,1,3490000,3490000
13675,180,1,2990000,2990000
13676,303,1,18040500,18040500
13677,234,1,7990000,7990000
13677,295,1,712500,712500
13678,263,1,4990000,4491000
13679,305,1,1890000,1890000
13680,148,1,5391000,5391000
13681,174,1,4990000,4990000
13682,262,1,675000,675000
13683,95,1,7990000,7990000
13684,163,1,17091000,17091000
13685,103,1,20691000,20691000
13686,75,1,6490000,6490000
13687,93,1,7990000,7990000
13687,50,2,9490000,18980000
13688,160,1,2691000,2691000
13689,254,1,7990000,7990000
13690,116,1,18990000,18990000
13690,120,1,3490000,3490000
13691,151,1,3490000,3141000
13691,22,1,4740500,4740500
13692,190,1,2990000,2990000
13693,181,1,4990000,4990000
13694,241,2,4590000,9180000
13694,158,2,2840500,5681000
13694,273,1,11390500,11390500
13695,22,2,4990000,9980000
13696,16,1,27990000,27990000
13697,112,1,25191000,25191000
13698,134,1,5841000,5841000
13698,223,1,5690500,5690500
13699,167,1,36990000,36990000
13700,228,1,2490000,2490000
13701,53,1,9015500,9015500
13702,148,1,5690500,5690500
13703,86,1,18990000,18990000
13704,161,1,18990000,18990000
13705,129,2,2990000,5980000
13706,102,1,2490000,2490000
13707,137,1,3990000,3990000
13708,248,1,11990000,11990000
13708,57,1,36990000,36990000
13709,167,1,33291000,33291000
13710,10,1,5841000,5841000
13711,105,1,9490000,9490000
13712,75,1,6490000,6490000
13712,79,1,190000,190000
13712,186,1,9490000,9490000
13713,55,2,9990000,19980000
13714,241,2,4590000,9180000
13715,6,1,5391000,5391000
13715,187,1,4740500,4740500
13716,38,3,11390500,34171500
13717,165,2,6165500,12331000
13717,92,1,225000,225000
13718,286,1,3490000,3490000
13719,154,1,22990000,22990000
13720,113,1,18990000,18990000
13720,254,1,7990000,7990000
13721,206,1,560500,560500
13721,250,1,171000,171000
13721,56,1,6490000,6490000
13722,221,1,18040500,18040500
13723,176,1,31990000,31990000
13724,142,2,9490000,18980000
13724,295,2,750000,1500000
13725,276,1,6165500,6165500
13725,252,1,250000,250000
13726,147,1,10791000,10791000
13727,112,2,27990000,55980000
13728,194,1,6490000,6490000
13729,242,1,5990000,5990000
13729,94,1,5990000,5990000
13729,301,1,3990000,3990000
13730,116,1,18040500,18040500
13731,164,1,3790500,3790500
13732,86,1,18990000,18990000
13732,243,1,18990000,18990000
13732,134,2,6490000,12980000
13733,219,1,7990000,7990000
13734,309,3,36990000,110970000
13735,106,1,7990000,7990000
13736,194,1,6490000,6490000
13737,303,1,18040500,18040500
13738,93,1,7990000,7990000
13739,59,1,4990000,4990000
13740,138,2,7115500,14231000
13740,101,1,18990000,18990000
13741,304,1,7990000,7990000
13742,94,1,5391000,5391000
13742,280,1,4590000,4590000
13743,283,1,9490000,9490000
13743,207,1,3591000,3591000
13744,317,1,28791000,28791000
13745,179,1,320000,320000
13746,94,1,5990000,5990000
13747,311,1,3790500,3790500
13747,75,1,6490000,6490000
13748,68,1,1890000,1890000
13749,294,1,5990000,5990000
13750,204,1,9490000,9490000
13751,220,1,12990000,12990000
13752,43,1,9015500,9015500
13753,122,1,4990000,4990000
13754,64,1,18040500,18040500
13754,61,1,712500,712500
13754,306,1,1795500,1795500
13755,112,1,27990000,27990000
13756,298,1,6490000,6490000
13756,4,1,320000,320000
13757,251,1,25191000,25191000
13758,126,1,5690500,5690500
13758,264,1,9990000,9990000
13758,49,1,2490000,2490000
13759,231,1,36990000,36990000
13759,91,1,4740500,4740500
13760,204,1,9490000,9490000
13761,283,2,9015500,18031000
13762,315,1,4131000,4131000
13762,128,1,427500,427500
13763,2,1,36990000,36990000
13764,201,1,4990000,4990000
13765,116,2,17091000,34182000
13765,214,1,27990000,27990000
13766,218,2,1795500,3591000
13767,186,1,9490000,9490000
13767,258,1,5990000,5990000
13768,61,1,675000,675000
13769,139,1,9490000,9490000
13769,21,1,7990000,7990000
13769,273,1,11990000,11990000
13770,213,1,18990000,18990000
13770,120,1,3315500,3315500
13770,150,3,12990000,38970000
13771,53,1,9490000,9490000
13772,64,1,17091000,17091000
13772,109,1,590000,590000
13773,317,1,31990000,31990000
13774,122,1,4990000,4990000
13775,22,2,4990000,9980000
13776,170,1,17091000,17091000
13776,111,1,7115500,7115500
13777,281,1,3790500,3790500
13778,319,1,2840500,2840500
13779,129,2,2691000,5382000
13780,212,1,7990000,7990000
13781,166,1,3990000,3990000
13781,285,1,2490000,2490000
13781,254,1,7590500,7590500
13782,145,1,2990000,2990000
13783,297,1,9490000,8541000
13784,110,1,4740500,4740500
13785,265,1,28791000,28791000
13785,320,1,320000,320000
13786,1,1,1890000,1890000
13786,134,2,6165500,12331000
13786,296,1,22990000,22990000
13787,209,1,9990000,9990000
13788,76,1,22990000,22990000
13789,12,1,27990000,27990000
13789,151,1,3141000,3141000
13790,197,1,750000,750000
13791,165,1,6490000,6490000
13792,126,2,5990000,11980000
13793,288,1,3591000,3591000
13793,180,1,2990000,2990000
13794,69,1,4990000,4990000
13794,173,1,18990000,18990000
13795,150,1,12990000,12990000
13795,239,1,6490000,6490000
13796,126,1,5990000,5990000
13797,293,1,2990000,2990000
13797,144,1,4740500,4740500
13798,264,1,8991000,8991000
13799,240,2,5990000,11980000
13799,244,1,28791000,28791000
13800,140,1,4990000,4990000
13801,138,1,7115500,7115500
13802,206,1,531000,531000
13802,179,1,288000,288000
13803,42,2,9490000,18980000
13803,62,1,27990000,27990000
13804,258,1,5990000,5990000
13804,224,1,7191000,7191000
13805,28,1,4360500,4360500
13806,77,1,237500,237500
13807,271,2,6490000,12980000
13808,256,1,590000,590000
13809,158,3,2691000,8073000
13810,79,1,190000,190000
13810,171,1,2241000,2241000
13810,70,1,1701000,1701000
13811,135,1,5990000,5990000
13811,284,1,2990000,2990000
13812,317,1,31990000,31990000
13812,283,1,9490000,9490000
13813,304,1,7590500,7590500
13813,257,1,11990000,11990000
13814,137,1,3591000,3591000
13815,177,1,35140500,35140500
13816,17,1,320000,320000
13817,285,1,2490000,2241000
13818,297,1,9490000,9490000
13819,122,1,4990000,4990000
13820,19,1,11990000,11990000
13821,201,1,4990000,4990000
13821,29,1,237500,237500
13822,73,1,11390500,11390500
13823,131,1,27990000,27990000
13823,8,1,1890000,1890000
13824,218,1,1890000,1890000
13825,165,1,6490000,6490000
13826,148,1,5990000,5990000
13827,256,1,590000,590000
13828,17,2,288000,576000
13829,213,1,18040500,18040500
13830,263,2,4990000,9980000
13831,273,1,10791000,10791000
13831,283,1,8541000,8541000
13831,279,1,4590000,4590000
13832,113,1,18990000,18990000
13833,274,1,11390500,11390500
13834,296,1,21840500,21840500
13835,269,2,450000,900000
13835,98,1,36990000,36990000
13835,163,1,18990000,18990000
13836,67,1,17091000,17091000
13836,249,1,288000,288000
13836,148,2,5690500,11381000
13837,202,1,11390500,11390500
13837,165,1,6490000,6490000
13837,143,1,2490000,2490000
13838,19,1,10791000,10791000
13839,94,2,5990000,11980000
13839,81,1,6165500,6165500
13840,240,1,5391000,5391000
13840,17,1,320000,320000
13841,268,1,450000,450000
13842,60,1,10791000,10791000
13842,62,1,27990000,27990000
13843,82,1,2241000,2241000
13844,91,2,4990000,9980000
13845,108,1,31990000,31990000
13846,170,1,18990000,18990000
13846,179,1,288000,288000
13847,208,1,114000,114000
13847,165,1,6490000,6490000
13848,306,1,1795500,1795500
13848,306,1,1795500,1795500
13849,298,1,6490000,6490000
13850,161,1,18990000,18990000
13850,319,1,2840500,2840500
13850,312,3,4740500,14221500
13851,116,1,18040500,18040500
13852,232,1,750000,750000
13853,164,1,3790500,3790500
13853,252,1,250000,250000
13853,77,1,250000,250000
13854,110,1,4491000,4491000
13855,56,1,6165500,6165500
13856,39,1,31990000,31990000
13857,25,1,3490000,3490000
13857,202,1,10791000,10791000
13858,203,1,25191000,25191000
13859,174,1,4491000,4491000
13860,248,1,11990000,11990000
13861,317,1,31990000,31990000
13861,187,1,4990000,4990000
13862,92,1,250000,250000
13863,96,1,2990000,2990000
13864,158,1,2990000,2990000
13864,296,1,20691000,20691000
13865,45,1,9015500,9015500
13866,198,1,11390500,11390500
13866,298,1,6490000,6490000
13867,198,1,10791000,10791000
13868,72,1,7990000,7990000
13869,103,1,22990000,22990000
13870,91,1,4990000,4990000
13871,103,1,22990000,20691000
13872,124,1,2691000,2691000
13873,168,1,27990000,27990000
13874,19,1,11990000,11990000
13875,172,1,3490000,3490000
13876,166,1,3990000,3990000
13876,141,2,5841000,11682000
13876,9,1,320000,320000
13877,33,1,250000,250000
13878,189,1,1890000,1890000
13879,231,1,36990000,36990000
13880,174,1,4990000,4990000
13881,53,2,9015500,18031000
13881,67,1,17091000,17091000
13882,31,1,6490000,6490000
13883,270,1,5690500,5690500
13883,275,1,5990000,5990000
13883,115,1,28791000,28791000
13884,10,1,6490000,6490000
13885,43,1,8541000,8541000
13886,245,3,9490000,28470000
13887,90,1,450000,450000
13887,102,1,2365500,2365500
13888,192,1,7990000,7990000
13888,311,3,3990000,11970000
13889,204,3,9490000,28470000
13890,266,1,120000,120000
13891,151,1,3315500,3315500
13892,308,1,21840500,21840500
13893,243,1,18040500,18040500
13893,310,1,5990000,5990000
13894,286,1,3141000,3141000
13894,199,1,35140500,35140500
13894,139,1,8541000,8541000
13895,90,1,450000,450000
13896,33,3,250000,750000
13897,72,1,7990000,7990000
13898,213,1,17091000,17091000
13899,70,1,1890000,1890000
13900,146,1,5391000,5391000
13901,121,1,190000,190000
13901,252,1,250000,250000
13902,66,1,750000,750000
13903,159,1,12340500,12340500
13903,111,1,7490000,7490000
13904,223,1,5990000,5990000
13905,67,1,18990000,18990000
13906,290,2,18990000,34182000
13907,7,1,5841000,5841000
13908,114,1,31990000,31990000
13908,295,1,750000,750000
13909,310,1,5990000,5990000
13910,296,1,22990000,22990000
13911,220,1,11691000,11691000
13911,11,1,36990000,36990000
13912,171,1,2241000,2241000
13913,118,1,17091000,17091000
13914,119,1,120000,120000
13914,242,1,5690500,5690500
13915,114,1,31990000,31990000
13916,132,1,4990000,4990000
13916,11,1,36990000,36990000
13917,314,1,27990000,27990000
13918,55,1,9990000,9990000
13919,218,2,1701000,3402000
13920,11,1,36990000,36990000
13921,244,1,31990000,31990000
13922,133,2,27990000,55980000
13923,203,1,27990000,27990000
13924,175,1,2241000,2241000
13925,48,2,6165500,12331000
13926,281,1,3591000,3591000
13926,21,1,7191000,7191000
13927,205,1,6490000,6490000
13928,170,1,18990000,18990000
13929,207,1,3790500,3790500
13929,81,1,6490000,6490000
13930,183,1,2365500,2365500
13931,27,1,12990000,12990000
13932,140,1,4990000,5489000
13933,318,2,7990000,15980000
13933,83,3,27990000,83970000
13934,180,1,2990000,2990000
13935,198,1,10791000,10791000
13935,102,1,2490000,2490000
13936,265,1,31990000,31990000
13936,10,1,6165500,6165500
13937,307,1,3141000,3141000
13938,222,1,36990000,36990000
13939,254,1,7990000,7990000
13939,1,1,1890000,1890000
13940,21,1,7990000,7990000
13941,11,2,36990000,73980000
13942,148,1,5990000,5990000
13942,137,1,3990000,3990000
13943,292,1,5841000,5841000
13943,80,1,9490000,9490000
13944,100,1,8991000,8991000
13945,123,1,2490000,2490000
13946,47,1,6490000,6490000
13947,223,1,5391000,5391000
13948,249,1,304000,304000
13948,25,1,3315500,3315500
13949,44,1,2691000,2691000
13949,15,1,4990000,4990000
13950,304,1,7990000,7990000
13950,156,1,26590500,26590500
13951,153,1,114000,114000
13952,224,1,7990000,7990000
13953,300,1,1890000,1890000
13954,298,1,6490000,6490000
13954,209,2,9990000,19980000
13955,33,1,250000,250000
13956,219,1,7191000,7191000
13957,164,1,3591000,3591000
13958,196,1,4740500,4740500
13959,2,1,36990000,36990000
13960,130,1,7490000,7490000
13961,257,1,11390500,11390500
13962,317,2,31990000,63980000
13963,263,1,4990000,4990000
13963,102,1,2490000,2490000
13964,178,1,2840500,2840500
13965,98,1,36990000,36990000
13966,148,1,5990000,5990000
13967,269,1,450000,450000
13967,277,1,5841000,5841000
13968,95,1,7990000,7990000
13969,198,1,10791000,10791000
13970,85,1,27990000,27990000
13971,202,1,11990000,11990000
13971,276,1,6490000,6490000
13972,151,1,3315500,3315500
13972,51,1,450000,450000
13973,155,3,25191000,75573000
13973,264,1,9490500,9490500
13974,307,1,3315500,3315500
13974,185,1,2840500,2840500
13974,34,1,18040500,18040500
13975,240,1,5990000,5990000
13976,42,1,9490000,9490000
13976,95,1,7191000,7191000
13977,315,1,4131000,4131000
13978,220,1,12340500,12340500
13979,144,1,4740500,4740500
13980,62,1,26590500,26590500
13980,149,2,30390500,60781000
13981,143,1,2365500,2365500
13981,94,1,5990000,5990000
13981,48,2,5841000,11682000
13982,59,1,4990000,4990000
13982,263,1,4990000,4990000
13983,240,1,5690500,5690500
13983,147,1,11990000,11990000
13984,319,2,2691000,5382000
13985,70,1,1701000,1701000
13986,86,2,18990000,37980000
13987,173,1,18990000,18990000
13988,231,2,33291000,66582000
13989,16,2,27990000,55980000
13990,274,1,10791000,10791000
13991,206,1,590000,590000
13991,247,1,10791000,10791000
13992,314,1,26590500,26590500
13993,182,2,36990000,73980000
13993,281,1,3591000,3591000
13993,46,1,7990000,7990000
13994,18,1,9490000,9490000
13995,264,1,9490500,9490500
13995,109,1,560500,560500
13995,262,1,712500,712500
13996,85,1,27990000,27990000
13997,130,1,7490000,7490000
13997,92,3,225000,675000
13998,272,1,9015500,9015500
13999,33,1,250000,250000
14000,28,1,4590000,5049000
14000,307,1,3141000,3141000
14000,62,1,27990000,27990000
14001,173,1,18990000,18990000
14002,23,2,36990000,73980000
14003,248,3,11390500,34171500
14004,177,1,33291000,33291000
14005,299,1,3490000,3490000
14005,49,1,2365500,2365500
14006,271,1,6490000,6490000
14006,184,1,6490000,6490000
14006,160,1,2691000,2691000
14007,311,1,3990000,3990000
14008,272,1,9490000,9490000
14009,240,1,5990000,5990000
14010,186,1,9490000,9490000
14011,60,1,11990000,11990000
14012,86,1,18040500,18040500
14013,18,1,9490000,9490000
14013,292,1,5841000,5841000
14014,168,1,26590500,26590500
14014,188,3,8991000,26973000
14015,312,1,4990000,4990000
14016,282,1,7590500,7590500
14017,11,1,33291000,33291000
14018,24,1,5841000,5841000
14019,50,1,9490000,9490000
14020,77,1,225000,225000
14021,85,1,27990000,27990000
14022,17,1,320000,320000
14022,161,1,18040500,18040500
14023,139,1,9015500,9015500
14023,229,2,250000,500000
14023,75,2,6490000,12980000
14024,319,1,2990000,2990000
14025,129,1,2990000,2990000
14026,248,1,11990000,11990000
14027,145,1,2990000,2990000
14027,303,1,18990000,18990000
14028,68,1,1795500,1795500
14029,207,1,3990000,3990000
14030,48,1,6490000,6490000
14031,63,1,5990000,5990000
14032,128,1,405000,405000
14032,157,1,7191000,7191000
14033,125,2,5841000,11682000
14034,172,1,3315500,3315500
14035,269,1,450000,450000
14036,26,1,28791000,28791000
14037,62,1,27990000,27990000
14037,298,2,6490000,12980000
14038,8,1,1701000,1701000
14039,224,1,7990000,7990000
14040,258,1,5990000,5990000
14040,286,1,3315500,3315500
14041,80,2,9015500,18031000
14042,209,3,9990000,29970000
14043,137,1,3990000,3990000
14044,64,1,18990000,18990000
14045,147,1,11390500,11390500
14046,284,1,2840500,2840500
14047,268,2,450000,900000
14048,106,1,7990000,7990000
14049,74,1,5990000,5990000
14050,240,1,5391000,5391000
14050,34,1,18990000,18990000
14051,118,1,18990000,18990000
14052,210,1,6490000,6490000
14053,188,1,8991000,8991000
14054,215,1,25191000,25191000
14054,108,1,28791000,28791000
14055,277,3,6490000,19470000
14056,266,1,108000,108000
14056,283,1,8541000,8541000
14057,158,1,2990000,2990000
14058,1,3,1890000,5670000
14059,281,1,3790500,3790500
14059,261,1,9490000,9490000
14060,213,1,18990000,18990000
14061,190,1,2691000,2691000
14061,273,1,11390500,11390500
14062,111,1,7490000,7490000
14063,72,1,7990000,7990000
14064,15,1,4990000,4990000
14065,303,1,18990000,18990000
14066,217,2,22990000,45980000
14067,146,1,5990000,5990000
14068,131,1,25191000,25191000
14069,93,1,7990000,7990000
14069,69,1,4990000,4990000
14069,113,1,17091000,17091000
14070,173,1,17091000,17091000
14070,15,1,4740500,4740500
14070,223,1,5990000,5990000
14071,228,1,2365500,2365500
14072,80,1,9490000,9490000
14073,61,1,750000,750000
14074,194,1,5841000,5841000
14075,34,1,17091000,17091000
14075,22,1,4740500,4740500
14076,210,1,6165500,6165500
14077,209,2,9990000,19980000
14078,104,1,18040500,18040500
14078,198,1,11990000,11990000
14079,228,1,2241000,2241000
14080,219,2,7191000,14382000
14080,156,1,26590500,26590500
14080,206,1,531000,531000
14081,297,1,9490000,9490000
14081,269,1,405000,405000
14082,19,1,11990000,11990000
14083,247,1,10791000,10791000
14084,299,1,3490000,3490000
14085,196,1,4491000,4491000
14085,144,1,4990000,4990000
14086,290,1,18990000,18990000
14087,270,1,5990000,5990000
14088,308,1,22990000,22990000
14089,186,1,8541000,8541000
14090,195,1,2490000,2490000
14090,251,2,26590500,53181000
14091,298,1,6490000,6490000
14092,46,1,7990000,7990000
14093,71,1,11990000,11990000
14093,148,1,5990000,5990000
14093,150,1,12990000,12990000
14094,177,1,36990000,36990000
14095,282,1,7990000,7990000
14096,115,1,31990000,31990000
14097,11,2,36990000,73980000
14098,119,1,120000,120000
14099,269,1,450000,450000
14100,32,1,11390500,11390500
14101,250,1,190000,190000
14101,254,1,7990000,7990000
14101,159,2,12990000,25980000
14102,156,1,27990000,27990000
14103,38,1,11390500,11390500
14103,231,1,36990000,36990000
14104,77,1,250000,250000
14105,262,1,750000,750000
14106,110,1,4990000,4990000
14107,221,1,18040500,18040500
14108,43,1,9490000,9490000
14109,298,1,5841000,5841000
14110,90,1,427500,427500
14110,286,1,3141000,3141000
14110,293,1,2840500,2840500
14111,132,1,4990000,4990000
14112,307,1,3315500,3315500
14113,2,1,36990000,36990000
14114,226,1,18040500,18040500
14115,125,2,6490000,12980000
14116,274,1,11990000,11990000
14116,87,1,4740500,4740500
14117,10,1,6165500,6165500
14117,265,1,31990000,31990000
14117,308,2,22990000,45980000
14118,149,1,30390500,30390500
14118,288,3,3990000,11970000
14118,241,1,4590000,4590000
14119,316,1,2990000,2990000
14120,187,1,4990000,4990000
14121,137,1,3591000,3591000
14121,259,1,33291000,33291000
14122,190,1,2990000,2990000
14123,48,1,6490000,6490000
14124,59,1,4740500,4740500
14125,143,1,2490000,2490000
14125,86,1,18990000,18990000
14125,116,1,18990000,18990000
14126,139,1,9490000,9490000
14126,119,1,120000,120000
14127,46,1,7990000,7990000
14128,84,3,9490000,28470000
14128,136,1,4491000,4491000
14129,215,1,25191000,25191000
14129,232,1,750000,750000
14130,272,1,9490000,9490000
14131,12,1,25191000,25191000
14132,152,1,22990000,22990000
14132,315,1,4131000,4131000
14133,271,1,5841000,5841000
14134,78,2,405000,810000
14135,45,1,9490000,9490000
14135,138,1,7115500,7115500
14136,211,1,5841000,5841000
14137,245,2,9490000,18980000
14138,215,1,27990000,27990000
14139,183,1,2490000,2490000
14139,228,2,2490000,4980000
14140,91,1,4990000,4990000
14141,122,1,4740500,4740500
14141,182,3,36990000,110970000
14142,228,1,2490000,2490000
14143,44,1,2691000,2691000
14144,96,1,2691000,2691000
14145,277,1,6490000,6490000
14146,118,1,17091000,17091000
14147,276,1,6165500,6165500
14148,136,1,4990000,4990000
14148,306,2,1890000,3780000
14148,278,1,6490000,6490000
14149,121,1,190000,190000
14150,9,1,320000,320000
14151,283,1,8541000,7686900
14152,106,2,7590500,15181000
14153,28,1,4360500,4360500
14153,279,1,4590000,4590000
14153,18,2,9490000,18980000
14154,273,2,11990000,23980000
14154,91,1,4990000,4990000
14155,136,1,4740500,4740500
14156,154,2,21840500,43681000
14157,205,1,6490000,6490000
14158,68,1,1890000,1890000
14159,119,1,120000,120000
14159,26,1,28791000,28791000
14159,199,1,36990000,36990000
14160,150,1,12990000,12990000
14161,212,1,7590500,7590500
14162,141,1,6165500,6165500
14163,97,1,4590000,4590000
14164,117,1,11390500,11390500
14164,225,1,27990000,27990000
14165,168,1,27990000,27990000
14165,286,1,3490000,3490000
14166,307,1,3490000,3490000
14167,63,1,5391000,5391000
14168,139,1,9490000,9490000
14169,199,1,35140500,35140500
14169,312,2,4740500,9481000
14170,144,2,4740500,9481000
14170,18,1,8541000,8541000
14171,251,1,27990000,27990000
14171,238,1,36990000,36990000
14171,231,1,35140500,35140500
14172,121,1,171000,171000
14173,225,1,27990000,27990000
14174,280,1,4131000,4131000
14174,4,1,320000,320000
14175,17,2,304000,608000
14176,26,1,31990000,31990000
14177,76,1,21840500,21840500
14178,19,1,11990000,11990000
14179,304,1,7191000,7191000
14179,76,1,22990000,22990000
14180,195,1,2490000,2490000
14181,195,1,2241000,2241000
14182,223,1,5990000,5990000
14183,194,1,6490000,6490000
14183,89,1,3490000,3490000
14183,186,1,9490000,9490000
14184,51,1,405000,405000
14185,249,2,320000,640000
14185,236,2,7990000,15980000
14186,40,1,1890000,1890000
14186,83,1,27990000,27990000
14187,284,1,2840500,2840500
14187,117,1,11990000,11990000
14187,280,1,4590000,4590000
14188,40,1,1890000,1890000
14189,271,3,6490000,19470000
14190,250,1,190000,190000
14190,202,1,11990000,11990000
14191,261,1,9015500,9015500
14192,223,3,5690500,17071500
14193,222,1,36990000,36990000
14194,259,1,36990000,36990000
14195,35,1,7990000,7990000
14196,162,1,18040500,18040500
14196,38,1,11390500,11390500
14197,172,3,3490000,10470000
14198,127,1,5841000,5841000
14199,280,1,4590000,4590000
14200,92,1,225000,225000
14201,69,1,4491000,4491000
14202,152,1,22990000,22990000
14203,90,1,427500,427500
14203,237,1,8541000,8541000
14204,313,1,2490000,2490000
14204,66,1,750000,750000
14205,108,1,28791000,28791000
14206,311,1,3591000,3591000
14206,289,1,11990000,11990000
14207,269,1,450000,450000
14207,36,1,190000,190000
14208,24,1,6165500,6165500
14208,247,1,11390500,11390500
14208,281,1,3790500,3790500
14209,201,1,4990000,4990000
14209,230,1,237500,237500
14210,146,2,5990000,11980000
14211,4,1,320000,320000
14212,99,1,11691000,11691000
14213,124,1,2990000,2990000
14214,292,1,6490000,6490000
14215,172,1,3490000,3490000
14216,203,1,25191000,25191000
14217,177,1,36990000,36990000
14218,290,2,18040500,36081000
14219,63,3,5990000,17970000
14219,63,1,5690500,5690500
14220,227,1,9990000,9990000
14221,318,1,7590500,7590500
14222,167,1,36990000,36990000
14222,49,2,2365500,4731000
14223,126,2,5690500,11381000
14224,43,1,9490000,9490000
14224,246,1,750000,750000
14225,48,2,6490000,12980000
14225,292,1,6490000,6490000
14226,66,1,750000,750000
14227,245,2,9490000,18980000
14228,33,1,250000,250000
14229,239,1,6490000,6490000
14229,312,1,4990000,4990000
14229,84,1,9490000,10439000
14230,22,1,4990000,4990000
14231,294,1,5990000,5990000
14232,23,1,36990000,36990000
14233,10,1,6490000,6490000
14234,271,1,5841000,5841000
14234,271,1,6490000,6490000
14235,204,1,9490000,9490000
14236,68,1,1890000,1890000
14237,213,1,18040500,18040500
14238,82,1,2490000,2490000
14238,24,1,5841000,5841000
14238,88,1,7191000,7191000
14239,7,1,6490000,6490000
14240,118,1,18990000,18990000
14241,173,1,18990000,18990000
14242,260,1,17091000,17091000
14242,284,1,2990000,2990000
14243,71,1,11990000,11990000
14243,251,1,26590500,26590500
14243,86,1,18990000,18990000
14244,235,1,3490000,3490000
14245,8,2,1890000,3780000
14246,212,1,7191000,7191000
14247,154,1,22990000,22990000
14248,215,1,27990000,27990000
14249,162,1,18990000,18990000
14250,163,1,18990000,18990000
14250,222,1,36990000,36990000
14251,30,1,6165500,6165500
14252,212,1,7990000,7990000
14253,307,1,3490000,3490000
14253,104,1,18990000,18990000
14254,45,1,9490000,9490000
14254,105,2,8541000,17082000
14255,105,1,9490000,9490000
14256,99,1,12340500,12340500
14257,147,1,11990000,11990000
14258,112,1,27990000,27990000
14259,155,1,25191000,25191000
14260,162,2,18990000,37980000
14261,123,2,2365500,4731000
14261,223,1,5990000,5990000
14262,58,1,7490000,7490000
14263,230,1,237500,237500
14263,49,1,2490000,2490000
14264,291,1,3490000,3490000
14264,26,1,28791000,28791000
14264,213,1,18990000,18990000
14265,67,1,18990000,18990000
14266,283,1,8541000,8541000
14267,184,1,6165500,6165500
14267,272,1,9015500,9015500
14268,276,2,6490000,12980000
14268,182,1,33291000,33291000
14269,17,1,288000,288000
14270,109,1,590000,590000
14271,5,3,7191000,21573000
14272,25,1,3490000,3490000
14273,6,1,5990000,5990000
14273,23,1,35140500,35140500
14274,32,1,11990000,11990000
14274,67,1,18990000,18990000
14275,64,2,18990000,37980000
14275,117,1,11990000,11990000
14276,211,1,5841000,5841000
14277,68,1,1701000,1701000
14277,190,1,2691000,2691000
14277,231,1,36990000,36990000
14278,107,1,288000,288000
14279,163,1,18040500,16236450
14280,212,1,7990000,7990000
14281,252,1,250000,250000
14282,91,1,4491000,4491000
14282,152,1,22990000,22990000
14283,306,1,1890000,1890000
14284,91,3,4740500,14221500
14284,16,1,27990000,27990000
14285,235,1,3490000,3490000
14286,133,1,27990000,27990000
14287,76,1,20691000,20691000
14288,117,1,11990000,11990000
14289,150,2,12990000,25980000
14289,120,1,3490000,3490000
14290,234,1,7990000,7990000
14291,77,1,250000,250000
14291,252,1,250000,250000
14292,185,1,2840500,2840500
14293,193,1,36990000,36990000
14294,7,1,6165500,6165500
14294,140,1,4990000,4990000
14295,219,2,7990000,15980000
14295,196,1,4990000,4990000
14296,289,1,10791000,10791000
14297,110,1,4491000,4491000
14298,285,1,2490000,2490000
14299,264,2,9990000,19980000
14300,273,1,11990000,11990000
14300,126,1,5391000,5391000
14301,110,1,4990000,4990000
14302,87,1,4740500,4740500
14303,224,1,7590500,7590500
14304,168,1,27990000,27990000
14304,319,2,2990000,5980000
14305,34,1,18990000,18990000
14306,186,1,9490000,9490000
14307,74,1,5391000,5391000
14308,84,1,8541000,8541000
14308,194,1,6490000,6490000
14309,210,1,5841000,5841000
14309,223,1,5990000,5990000
14310,174,1,4990000,4990000
14311,256,2,560500,1121000
14312,295,1,750000,750000
14313,155,1,27990000,27990000
14313,317,1,31990000,31990000
14314,108,2,31990000,63980000
14314,191,1,4990000,4990000
14315,69,1,4990000,4990000
14316,308,1,22990000,22990000
14317,77,1,237500,237500
14318,183,1,2241000,2241000
14318,226,1,18990000,18990000
14319,318,1,7590500,7590500
14320,1,2,1890000,3780000
14321,42,1,8541000,8541000
14322,315,2,4590000,9180000
14323,219,1,7191000,7191000
14324,29,1,250000,250000
14325,120,1,3490000,3490000
14326,237,1,9490000,9490000
14326,60,1,11390500,11390500
14327,95,1,7990000,7990000
14328,213,1,18990000,18990000
14328,289,1,10791000,10791000
14328,5,1,7990000,7990000
14329,1,1,1795500,1795500
14330,17,1,320000,320000
14330,156,1,25191000,25191000
14331,274,1,11390500,11390500
14332,212,1,7990000,7990000
14333,127,3,5841000,17523000
14334,182,1,36990000,36990000
14335,31,1,6165500,6165500
14335,272,1,9490000,9490000
14336,182,1,36990000,36990000
14337,30,1,6165500,6165500
14338,93,1,7990000,7990000
14339,53,1,9015500,9015500
14339,167,2,35140500,70281000
14340,82,2,2241000,4482000
14341,267,1,9490000,9490000
14342,143,2,2490000,4980000
14343,203,1,26590500,26590500
14343,309,1,36990000,36990000
14344,304,1,7590500,7590500
14344,89,1,3490000,3490000
14345,291,1,3315500,3315500
14346,121,1,180500,180500
14347,121,2,190000,380000
14347,58,1,7490000,7490000
14348,11,1,36990000,36990000
14349,195,1,2490000,2490000
14349,6,1,5990000,5990000
14350,229,1,250000,250000
14351,251,1,27990000,27990000
14352,188,1,9990000,9990000
14352,318,1,7590500,7590500
14353,242,2,5990000,11980000
14354,26,1,31990000,31990000
14355,75,1,6165500,6165500
14356,42,1,9490000,9490000
14357,18,1,9490000,9490000
14358,256,1,590000,590000
14358,71,1,11990000,11990000
14358,88,1,7990000,7990000
14359,56,1,6490000,6490000
14360,238,1,36990000,36990000
14360,121,1,180500,180500
14360,304,1,7191000,7191000
14361,5,1,7990000,7990000
14361,237,1,9015500,9015500
14362,154,1,22990000,22990000
14363,244,1,31990000,31990000
14363,37,1,108000,108000
14364,262,1,675000,675000
14364,185,1,2990000,2990000
14364,239,1,6490000,6490000
14365,298,1,6165500,6165500
14366,110,1,4990000,4990000
14367,250,1,171000,171000
14368,18,1,8541000,8541000
14369,226,1,18990000,18990000
14370,65,1,17091000,17091000
14370,71,1,11990000,11990000
14371,239,2,6490000,12980000
14371,316,2,2840500,5681000
14371,50,1,9490000,9490000
14372,81,1,6165500,6782050
14373,85,1,25191000,25191000
14373,8,1,1890000,1890000
14374,2,1,36990000,36990000
14374,162,1,18040500,18040500
14374,320,1,288000,288000
14375,159,1,12990000,12990000
14375,54,1,7490000,7490000
14376,157,2,7990000,15980000
14377,94,1,5990000,5990000
14378,62,1,27990000,27990000
14379,287,2,4990000,9980000
14380,126,1,5990000,5990000
14381,31,1,6490000,6490000
14381,209,1,9990000,9990000
14382,146,1,5391000,5391000
14383,60,1,11390500,11390500
14383,15,1,4990000,4990000
14384,131,2,27990000,55980000
14384,307,1,3141000,3141000
14385,247,1,10791000,10791000
14386,219,1,7990000,7990000
14387,247,1,11990000,11990000
14387,38,1,11990000,11990000
14388,16,1,27990000,27990000
14389,296,1,22990000,22990000
14390,179,1,320000,320000
14391,300,3,1890000,5670000
14391,282,2,7990000,15980000
14392,289,1,11390500,11390500
14393,312,1,4990000,4990000
14394,50,1,8541000,8541000
14395,124,1,2990000,2990000
14396,153,1,120000,120000
14396,24,3,6490000,19470000
14396,68,1,1701000,1701000
14397,9,1,304000,304000
14398,2,1,36990000,36990000
14399,22,1,4740500,4740500
14399,59,1,4990000,4990000
14399,278,1,6490000,6490000
14400,152,1,20691000,20691000
14400,101,1,18990000,18990000
14401,41,1,190000,190000
14402,60,1,11990000,11990000
14402,33,1,250000,250000
14403,137,1,3591000,3591000
14404,188,1,9990000,9990000
14404,179,1,320000,320000
14405,241,1,4590000,4590000
14406,50,1,9490000,9490000
14407,207,1,3591000,3591000
14407,53,1,9490000,9490000
14408,230,1,250000,250000
14409,320,1,288000,288000
14410,87,1,4990000,4990000
14410,245,1,9490000,9490000
14411,119,1,114000,114000
14411,60,1,11990000,11990000
14412,213,2,18990000,37980000
14413,318,1,7191000,7191000
14414,100,1,8991000,8991000
14415,81,1,6165500,6165500
14415,209,1,8991000,8991000
14416,261,1,9490000,9490000
14417,192,1,7990000,7990000
14417,290,1,18990000,18990000
14418,231,1,33291000,33291000
14418,135,1,5990000,5990000
14419,138,1,7490000,7490000
14420,90,1,450000,450000
14421,23,1,33291000,33291000
14422,152,1,22990000,22990000
14423,37,1,114000,114000
14424,186,1,9490000,9490000
14424,182,1,36990000,36990000
14425,134,1,6165500,6165500
14425,210,1,6490000,6490000
14426,235,2,3490000,6980000
14426,254,2,7990000,15980000
14427,109,1,590000,590000
14427,302,1,36990000,36990000
14428,108,1,30390500,30390500
14429,236,1,7191000,7191000
14430,53,1,8541000,8541000
14431,37,1,120000,120000
14432,259,1,36990000,36990000
14432,169,1,3490000,3490000
14432,91,1,4491000,4491000
14433,163,1,18990000,18990000
14434,311,1,3990000,3990000
14435,222,1,36990000,36990000
14436,158,1,2990000,2990000
14437,42,1,9490000,9490000
14438,246,2,750000,1500000
14439,76,1,21840500,21840500
14440,52,1,171000,171000
14441,138,1,6741000,6741000
14442,201,1,4740500,4740500
14443,178,1,2990000,2990000
14443,291,2,3490000,6980000
14444,30,1,6490000,6490000
14445,315,2,4590000,9180000
14446,35,1,7990000,7990000
14447,176,1,31990000,31990000
14447,37,1,120000,120000
14448,306,1,1890000,1890000
14449,230,1,250000,250000
14450,2,1,36990000,36990000
14451,161,1,17091000,17091000
14451,49,1,2365500,2365500
14452,315,1,4590000,4590000
14453,319,1,2990000,2990000
14453,22,1,4990000,4990000
14454,72,1,7990000,7990000
14454,242,1,5990000,5990000
14455,210,1,6165500,6165500
14456,75,2,5841000,11682000
14457,267,1,9490000,9490000
14457,14,1,250000,250000
14457,260,1,17091000,17091000
14458,248,1,11390500,11390500
14459,53,1,9490000,9490000
14460,200,1,27990000,27990000
14461,203,1,26590500,26590500
14461,222,1,35140500,35140500
14462,244,1,30390500,30390500
14462,233,1,250000,250000
14462,265,1,31990000,31990000
14463,93,1,7990000,7990000
14464,269,1,450000,450000
14465,162,1,18990000,18990000
14466,7,1,6490000,6490000
14467,85,1,27990000,27990000
14468,143,1,2490000,2490000
14468,218,1,1795500,1795500
14468,243,1,18040500,18040500
14469,260,1,18990000,18990000
14470,264,2,9990000,19980000
14471,102,1,2490000,2490000
14472,75,1,6490000,6490000
14473,93,2,7990000,15980000
14474,220,1,11691000,11691000
14474,56,1,6165500,6165500
14475,18,1,9490000,9490000
14475,45,1,9490000,9490000
14476,247,3,11990000,35970000
14476,126,1,5391000,5391000
14477,302,1,36990000,36990000
14478,138,1,7490000,7490000
14478,120,1,3141000,3141000
14479,281,2,3990000,7980000
14480,136,2,4990000,9980000
14481,154,1,21840500,21840500
14481,156,1,25191000,25191000
14482,133,1,27990000,27990000
14482,288,1,3591000,3591000
14483,145,1,2990000,2990000
14484,191,1,4990000,4990000
14485,200,1,26590500,26590500
14485,128,1,427500,427500
14485,256,1,590000,590000
14486,165,1,6165500,6165500
14487,26,1,28791000,28791000
14488,256,1,590000,590000
14489,53,1,9490000,9490000
14489,190,1,2990000,2990000
14490,255,1,25191000,25191000
14490,52,1,190000,190000
14491,200,2,26590500,53181000
14492,151,1,3315500,3315500
14492,277,1,6490000,6490000
14493,139,1,9490000,9490000
14494,32,1,11990000,11990000
14495,209,2,9990000,21978000
14495,64,1,18040500,18040500
14496,283,1,8541000,8541000
14496,214,1,27990000,27990000
14497,26,1,31990000,31990000
14498,45,1,9490000,9490000
14498,48,2,6490000,12980000
14499,299,1,3141000,3141000
14499,247,1,10791000,10791000
14499,304,2,7990000,15980000
14500,260,1,17091000,17091000
14501,32,1,11990000,11990000
14501,278,1,6490000,6490000
14502,200,1,27990000,27990000
14503,168,1,25191000,25191000
14504,286,1,3490000,3490000
14504,258,2,5690500,11381000
14505,223,1,5990000,5990000
14506,310,1,5990000,5990000
14506,12,1,27990000,27990000
14507,208,1,114000,114000
14508,306,1,1795500,1795500
14509,166,1,3990000,3990000
14509,240,1,5990000,5990000
14510,84,1,9015500,9015500
14510,163,1,17091000,17091000
14511,207,3,3790500,11371500
14511,315,1,4590000,4590000
14512,246,1,750000,750000
14513,145,1,2840500,2840500
14513,3,1,590000,590000
14514,2,1,33291000,33291000
14515,152,1,21840500,21840500
14515,217,1,22990000,22990000
14516,307,1,3315500,3315500
14517,124,3,2990000,8970000
14518,255,1,27990000,27990000
14518,72,1,7191000,7191000
14519,239,1,5841000,5841000
14520,103,1,22990000,22990000
14521,319,1,2990000,2990000
14522,296,1,22990000,22990000
14523,55,1,9990000,9990000
14523,173,1,17091000,17091000
14524,144,3,4990000,14970000
14524,110,1,4491000,4491000
14525,81,1,6490000,6490000
14526,172,2,3490000,6980000
14527,284,1,2990000,2990000
14527,182,1,36990000,36990000
14528,168,1,26590500,26590500
14529,21,1,7590500,7590500
14530,219,1,7990000,7990000
14531,256,2,560500,1121000
14531,292,1,6490000,6490000
14532,92,1,250000,250000
14533,236,1,7990000,7990000
14534,139,1,9490000,9490000
14535,235,1,3490000,3490000
14536,229,1,237500,237500
14537,214,1,26590500,26590500
14538,26,1,30390500,30390500
14538,319,1,2990000,2990000
14539,36,1,171000,171000
14540,71,1,11990000,11990000
14541,66,1,750000,750000
14542,21,1,7191000,7191000
14542,135,1,5391000,5391000
14542,170,1,17091000,17091000
14543,43,1,9015500,9015500
14543,156,1,26590500,26590500
14544,189,1,1701000,1701000
14545,119,1,108000,108000
14546,21,2,7990000,15980000
14547,154,1,22990000,22990000
14548,39,1,28791000,28791000
14548,296,1,22990000,22990000
14548,121,1,190000,190000
14549,71,1,11990000,11990000
14550,214,1,27990000,27990000
14550,37,2,120000,240000
14551,74,1,5690500,5690500
14552,63,1,5990000,5990000
14553,141,1,6165500,6165500
14554,139,1,8541000,8541000
14554,103,1,21840500,21840500
14555,39,1,31990000,31990000
14556,301,2,3790500,7581000
14557,165,1,6165500,6165500
14558,318,1,7191000,7191000
14558,87,1,4740500,4740500
14558,292,1,6490000,6490000
14559,287,1,4740500,4740500
14560,125,1,6490000,6490000
14560,286,1,3490000,3490000
14560,177,1,36990000,36990000
14561,168,1,27990000,27990000
14562,187,1,4990000,4990000
14563,294,1,5690500,5690500
14564,187,1,4740500,4740500
14565,193,1,36990000,36990000
14566,11,1,33291000,33291000
14567,127,1,6490000,6490000
14568,216,1,3990000,3990000
14569,316,1,2990000,2990000
14569,94,1,5990000,5990000
14569,152,1,22990000,22990000
14570,93,1,7990000,7990000
14570,58,1,7115500,6403950
14571,3,2,590000,1180000
14571,229,2,250000,500000
14572,204,1,9490000,9490000
14573,111,1,7490000,7490000
14573,125,1,6490000,6490000
14574,201,1,4990000,4990000
14575,293,1,2840500,2840500
14575,61,1,750000,750000
14576,303,1,18990000,18990000
14577,161,1,18040500,18040500
14577,8,1,1890000,1890000
14577,237,1,8541000,8541000
14578,62,1,25191000,25191000
14579,120,1,3141000,3141000
14579,138,1,7490000,7490000
14580,81,1,6490000,6490000
14580,272,1,9015500,9015500
14580,133,1,27990000,27990000
14581,135,3,5391000,16173000
14581,72,1,7990000,7990000
14582,133,1,26590500,26590500
14583,142,1,8541000,8541000
14584,169,1,3490000,3490000
14585,260,1,18990000,18990000
14586,177,1,36990000,36990000
14587,174,3,4990000,14970000
14588,190,2,2691000,5382000
14588,319,1,2691000,2691000
14589,31,1,6165500,6165500
14590,150,3,12990000,42867000
14590,114,1,31990000,31990000
14590,78,3,427500,1282500
14591,139,1,9490000,9490000
14592,320,2,320000,640000
14593,107,1,304000,304000
14593,161,1,18990000,18990000
14593,269,1,427500,427500
14594,26,1,31990000,31990000
14595,215,1,27990000,27990000
14596,134,1,6490000,6490000
14597,278,1,5841000,5841000
14598,146,1,5990000,5990000
14598,12,1,26590500,26590500
14599,205,1,6490000,6490000
14599,118,1,17091000,17091000
14599,179,1,288000,288000
14600,276,1,6165500,6165500
14601,54,1,7115500,7115500
14602,77,1,225000,225000
14603,33,1,237500,237500
14603,272,2,9490000,18980000
14604,22,1,4990000,4990000
14604,256,1,590000,590000
14605,210,1,6165500,6165500
14606,212,1,7590500,7590500
14607,108,1,28791000,28791000
14608,72,1,7990000,7990000
14609,142,1,9490000,9490000
14610,28,1,4590000,4590000
14611,132,1,4491000,4491000
14612,35,1,7191000,7191000
14613,308,1,20691000,20691000
14614,72,1,7590500,7590500
14615,118,1,18040500,18040500
14616,148,2,5690500,11381000
14617,302,1,36990000,36990000
14618,216,1,3790500,3790500
14619,38,1,11990000,11990000
14619,226,1,18990000,18990000
14620,57,1,35140500,35140500
14620,267,1,8541000,8541000
14621,76,1,22990000,22990000
14622,287,1,4990000,4990000
14623,201,1,4740500,4740500
14624,71,1,10791000,10791000
14625,231,1,36990000,36990000
14626,87,1,4990000,4990000
14626,309,1,33291000,33291000
14626,9,1,288000,288000
14627,97,1,4590000,4590000
14627,263,1,4740500,4740500
14627,237,1,9015500,9015500
14628,204,1,9490000,9490000
14628,310,1,5990000,5990000
14629,124,1,2990000,2990000
14629,276,3,6490000,19470000
14630,250,1,190000,190000
14631,36,1,190000,190000
14632,49,1,2241000,2241000
14633,250,1,190000,190000
14634,170,1,18990000,18990000
14634,31,1,6490000,6490000
14635,267,1,9490000,9490000
14635,49,1,2365500,2365500
14636,104,2,18990000,37980000
14637,138,1,7115500,7115500
14638,81,1,5841000,5841000
14639,46,1,7191000,7191000
14639,293,1,2840500,2840500
14640,255,1,25191000,25191000
14640,42,1,9490000,9490000
14641,152,1,22990000,22990000
14642,307,1,3490000,3490000
14643,178,1,2691000,2691000
14644,98,1,33291000,33291000
14645,48,1,5841000,5841000
14645,32,1,11990000,11990000
14646,265,1,30390500,30390500
14647,94,1,5990000,5990000
14648,131,2,26590500,53181000
14649,295,1,675000,675000
14649,75,1,6490000,6490000
14650,30,1,6165500,6165500
14651,144,1,4740500,4740500
14651,169,1,3490000,3490000
14652,27,1,11691000,11691000
14653,290,1,17091000,17091000
14654,302,1,36990000,36990000
14654,20,1,4360500,4360500
14655,42,1,9490000,9490000
14655,165,1,6490000,6490000
14656,217,3,22990000,68970000
14657,85,1,25191000,25191000
14657,270,1,5391000,5391000
14658,101,1,18990000,18990000
14659,171,1,2365500,2365500
14660,168,1,25191000,25191000
14661,227,1,8991000,8991000
14662,287,1,4740500,4740500
14663,316,1,2990000,2990000
14664,17,1,320000,320000
14665,55,1,9490500,9490500
14666,196,1,4990000,4990000
14666,231,1,33291000,33291000
14666,286,1,3490000,3490000
14667,52,1,190000,190000
14667,6,1,5990000,5990000
14668,208,1,108000,108000
14668,248,1,11990000,11990000
14669,297,1,9490000,9490000
14670,215,1,27990000,27990000
14671,241,1,4360500,4360500
14672,246,1,750000,750000
14673,207,1,3790500,3790500
14674,255,1,27990000,27990000
14675,76,1,20691000,20691000
14675,229,1,225000,225000
14676,103,3,22990000,68970000
14676,115,1,28791000,28791000
14677,193,1,36990000,36990000
14677,233,1,250000,250000
14677,292,1,6490000,6490000
14678,121,1,190000,190000
14679,194,1,5841000,5841000
14679,134,1,5841000,5841000
14680,283,1,9490000,9490000
14680,138,1,7115500,6403950
14680,5,1,7191000,7191000
14681,149,1,31990000,31990000
14681,280,1,4360500,4360500
14682,146,1,5990000,5990000
14683,245,1,9490000,9490000
14683,199,1,36990000,36990000
14684,114,1,30390500,30390500
14685,225,1,26590500,26590500
14685,17,1,288000,288000
14685,101,1,18990000,18990000
14686,313,1,2490000,2490000
14687,142,1,9490000,9490000
14688,167,3,33291000,99873000
14689,299,1,3490000,3490000
14690,114,1,28791000,28791000
14691,24,1,6165500,6165500
14691,103,3,22990000,68970000
14692,249,2,288000,576000
14692,284,1,2840500,2840500
14693,309,1,35140500,35140500
14694,265,1,31990000,31990000
14695,65,1,18990000,18990000
14696,66,3,750000,2250000
14696,186,1,9490000,9490000
14696,316,1,2990000,2990000
14697,173,1,17091000,17091000
14698,301,1,3790500,3790500
14698,273,1,11990000,11990000
14699,259,1,36990000,36990000
14699,128,1,405000,405000
14700,173,1,17091000,17091000
14701,28,1,4590000,4590000
14702,22,1,4990000,4990000
14703,165,1,6165500,6165500
14704,284,1,2990000,2990000
14705,303,1,18990000,18990000
14706,88,1,7990000,7990000
14706,176,1,28791000,28791000
14707,98,1,36990000,36990000
14708,74,2,5990000,11980000
14708,28,2,4590000,9180000
14708,96,1,2840500,2840500
14709,10,1,6490000,6490000
14710,134,1,5841000,5841000
14711,249,1,320000,320000
14712,147,1,11990000,11990000
14713,85,1,27990000,27990000
14714,280,1,4131000,4131000
14714,74,1,5391000,5391000
14714,231,1,36990000,36990000
14715,256,1,590000,590000
14715,256,1,531000,531000
14716,177,1,36990000,36990000
14717,166,1,3990000,3990000
14718,299,3,3490000,10470000
14719,133,1,27990000,27990000
14720,163,1,18990000,20889000
14721,56,1,6165500,6165500
14722,100,1,9490500,9490500
14723,59,1,4990000,4990000
14723,129,1,2840500,2840500
14724,27,2,11691000,23382000
14725,62,1,27990000,25191000
14726,154,1,22990000,22990000
14727,143,2,2490000,4980000
14727,213,1,18990000,18990000
14728,94,1,5690500,5690500
14729,193,1,35140500,35140500
14730,130,1,7490000,7490000
14731,55,1,9490500,9490500
14731,237,1,9015500,9015500
14732,53,1,9490000,9490000
14732,150,1,11691000,11691000
14732,176,1,28791000,28791000
14733,39,1,30390500,30390500
14734,179,1,320000,320000
14735,306,1,1890000,1890000
14735,105,1,9490000,9490000
14736,147,1,11990000,11990000
14736,210,2,6490000,12980000
14736,318,1,7590500,7590500
14737,1,2,1701000,3402000
14738,144,1,4491000,4491000
14738,107,1,288000,316800
14739,134,1,6490000,6490000
14740,286,1,3490000,3490000
14741,82,1,2365500,2365500
14742,150,1,11691000,11691000
14742,254,1,7990000,7990000
14742,131,1,27990000,27990000
14743,221,1,17091000,17091000
14744,247,1,11390500,11390500
14745,218,1,1795500,1795500
14745,290,1,17091000,17091000
14745,279,3,4590000,13770000
14746,256,1,590000,590000
14747,173,1,18990000,18990000
14748,76,1,22990000,22990000
14748,205,2,5841000,11682000
14749,73,1,11990000,11990000
14750,104,1,18990000,18990000
14751,88,1,7590500,7590500
14751,36,1,190000,190000
14752,113,1,18040500,18040500
14753,115,1,31990000,31990000
14754,253,1,1890000,1890000
14754,102,1,2490000,2490000
14755,155,1,27990000,27990000
14756,49,2,2490000,4980000
14757,185,1,2990000,2990000
14758,269,1,405000,405000
14758,79,1,171000,171000
14759,39,1,28791000,28791000
14759,94,1,5690500,5690500
14760,194,3,6490000,19470000
14761,119,1,120000,120000
14761,275,1,5690500,5690500
14762,18,1,9490000,9490000
14763,238,1,36990000,36990000
14764,3,1,590000,590000
14765,49,1,2365500,2365500
14766,314,1,27990000,27990000
14767,21,1,7590500,7590500
14768,51,1,405000,405000
14769,201,1,4740500,4740500
14770,206,1,590000,590000
14770,293,1,2840500,2840500
14771,192,1,7990000,7990000
14772,123,1,2490000,2490000
14772,261,1,9490000,9490000
14773,230,1,250000,250000
14774,52,1,190000,190000
14775,243,2,17091000,34182000
14776,46,1,7990000,7990000
14776,276,1,6490000,5841000
14777,317,3,28791000,86373000
14778,271,1,5841000,5841000
14779,30,1,6165500,6165500
14780,113,1,18040500,18040500
14781,148,1,5391000,5391000
14782,252,1,237500,237500
14783,126,1,5391000,5391000
14784,299,1,3315500,3315500
14784,161,1,18990000,18990000
14785,256,1,590000,590000
14786,222,1,36990000,36990000
14787,32,1,11990000,11990000
14788,309,1,36990000,36990000
14789,268,1,450000,450000
14789,10,1,6490000,6490000
14790,263,1,4740500,4740500
14791,260,1,18990000,18990000
14792,229,1,237500,237500
14793,267,1,8541000,8541000
14793,36,1,190000,190000
14794,179,1,304000,304000
14794,147,1,10791000,10791000
14795,252,1,250000,250000
14795,195,1,2490000,2490000
14796,186,1,9490000,9490000
14796,74,1,5990000,5990000
14797,204,1,9490000,9490000
14798,1,1,1701000,1701000
14799,76,1,22990000,22990000
14800,5,1,7990000,7990000
14801,259,3,33291000,99873000
14802,46,1,7990000,7990000
14803,265,1,31990000,31990000
14804,239,1,6490000,6490000
14804,283,1,8541000,8541000
14805,251,1,27990000,27990000
14806,34,2,18040500,36081000
14806,307,2,3490000,6980000
14807,253,1,1795500,1795500
14808,6,1,5690500,5690500
14809,301,2,3591000,7182000
14810,247,1,11990000,11990000
14810,84,1,9015500,9015500
14811,186,1,9015500,9015500
14811,255,1,27990000,27990000
14812,108,1,30390500,30390500
14813,109,2,560500,1121000
14813,205,1,6490000,6490000
14814,127,1,6165500,6165500
14814,285,1,2490000,2490000
14815,5,1,7990000,7990000
14816,163,1,18040500,18040500
14817,151,1,3141000,3141000
14818,11,1,36990000,36990000
14819,221,1,18990000,18990000
14820,75,1,5841000,5841000
14821,165,1,5841000,5841000
14821,103,1,21840500,21840500
14821,286,1,3490000,3490000
14822,1,1,1701000,1701000
14822,252,1,237500,237500
14822,149,1,31990000,31990000
14823,291,3,3315500,9946500
14824,54,1,6741000,6741000
14824,247,1,11990000,11990000
14824,185,1,2840500,2840500
14825,49,1,2490000,2490000
14826,68,1,1890000,1890000
14827,200,1,27990000,27990000
14828,231,1,35140500,35140500
14829,225,1,26590500,26590500
14830,86,1,18990000,18990000
14830,258,1,5690500,5690500
14831,81,2,6490000,12980000
14832,281,2,3990000,7980000
14833,304,1,7990000,7990000
14834,315,1,4590000,4590000
14835,20,1,4590000,4590000
14835,66,1,712500,712500
14836,24,1,5841000,5841000
14837,122,1,4740500,4740500
14838,222,1,36990000,36990000
14839,149,3,31990000,95970000
14840,122,1,4491000,4491000
14841,82,1,2490000,2490000
14841,61,1,750000,675000
14842,244,1,31990000,31990000
14842,49,2,2490000,4980000
14843,10,1,6165500,6165500
14844,224,1,7990000,7990000
14845,176,1,31990000,31990000
14846,198,2,11390500,22781000
14847,302,1,33291000,33291000
14848,148,1,5990000,5990000
14848,266,1,120000,120000
14849,18,1,9490000,9490000
14850,274,1,11990000,11990000
14851,296,1,20691000,20691000
14852,21,1,7990000,7990000
14852,204,1,9490000,9490000
14852,278,1,5841000,5841000
14853,208,1,114000,114000
14854,276,1,6490000,6490000
14855,11,1,36990000,36990000
14856,152,1,21840500,21840500
14856,193,1,33291000,33291000
14856,33,1,225000,225000
14857,186,1,9490000,9490000
14858,244,1,31990000,31990000
14859,98,1,36990000,36990000
14860,3,1,590000,590000
14861,162,1,18990000,18990000
14861,56,1,6490000,6490000
14861,111,1,7490000,7490000
14862,213,1,17091000,17091000
14863,230,1,225000,225000
14864,224,1,7990000,7990000
14865,58,1,6741000,6741000
14866,170,1,18990000,18990000
14867,175,1,2241000,2016900
14868,295,1,712500,712500
14869,16,1,26590500,26590500
14870,25,1,3141000,3141000
14871,298,2,6165500,12331000
14871,35,1,7990000,7990000
14872,262,1,750000,750000
14873,121,2,190000,380000
14874,288,1,3990000,3990000
14874,301,1,3990000,3990000
14874,13,1,27990000,27990000
14875,90,1,427500,427500
14876,100,3,9490500,28471500
14876,257,1,10791000,10791000
14877,157,1,7990000,7990000
14878,2,1,36990000,36990000
14879,54,1,7490000,7490000
14880,254,1,7990000,7990000
14880,276,1,6165500,6165500
14881,210,2,6490000,12980000
14882,302,2,36990000,73980000
14883,233,2,237500,475000
14884,145,1,2691000,2691000
14885,287,1,4740500,4740500
14885,45,1,9490000,9490000
14886,69,1,4491000,4491000
14887,97,1,4590000,4590000
14888,89,1,3490000,3490000
14888,150,1,12340500,12340500
14889,268,1,450000,450000
14890,105,1,9490000,9490000
14890,42,1,9490000,9490000
14891,88,2,7990000,15980000
14892,9,1,304000,304000
14893,289,1,10791000,10791000
14893,91,1,4990000,4491000
14894,30,1,6165500,6165500
14895,243,1,18990000,18990000
14896,286,1,3315500,3315500
14897,24,1,6490000,6490000
14897,277,1,6490000,6490000
14898,197,1,750000,750000
14899,239,1,6490000,6490000
14900,162,1,18990000,18990000
14900,16,1,26590500,26590500
14900,265,1,31990000,31990000
14901,179,1,320000,320000
14902,177,1,36990000,36990000
14903,7,1,5841000,5841000
14904,253,1,1890000,1890000
14905,200,1,27990000,27990000
14906,27,1,12990000,12990000
14907,32,1,11990000,11990000
14907,137,1,3790500,3790500
14907,148,1,5990000,5990000
14908,258,1,5990000,5990000
14909,300,1,1890000,1890000
14910,140,1,4990000,4990000
14911,23,1,35140500,35140500
14912,158,1,2990000,2990000
14913,26,1,31990000,31990000
14913,51,1,450000,450000
14914,29,2,250000,500000
14915,297,1,9490000,9490000
14916,261,1,9015500,9015500
14917,212,1,7590500,7590500
14917,134,1,5841000,5841000
14918,70,1,1890000,1890000
14919,255,1,25191000,25191000
14920,291,2,3490000,6980000
14921,156,3,26590500,79771500
14922,313,1,2490000,2490000
14923,30,1,6490000,6490000
14924,299,1,3315500,3315500
14925,37,2,120000,240000
14926,206,1,531000,531000
14926,155,1,27990000,27990000
14927,99,1,12990000,12990000
14927,178,1,2691000,2691000
14928,175,1,2365500,2365500
14929,197,1,675000,675000
14930,172,1,3490000,3490000
14931,292,1,6490000,6490000
14931,170,1,18990000,18990000
14931,171,1,2490000,2490000
14932,52,1,180500,180500
14933,293,1,2840500,2840500
14933,111,1,7490000,7490000
14934,62,1,27990000,27990000
14935,277,1,6490000,6490000
14936,125,1,5841000,5841000
14937,215,1,27990000,27990000
14938,147,1,10791000,10791000
14939,283,1,8541000,8541000
14940,132,1,4990000,4990000
14941,235,1,3490000,3490000
14942,205,1,6490000,6490000
14943,233,1,225000,225000
14944,159,1,12990000,12990000
14945,128,1,405000,405000
14945,256,1,560500,560500
14945,201,1,4990000,4990000
14946,286,1,3141000,3141000
14946,209,1,9990000,9990000
14946,17,1,288000,288000
14947,194,2,6165500,12331000
14948,3,1,531000,531000
14949,180,1,2990000,2990000
14949,61,1,750000,750000
14950,44,1,2840500,2840500
14951,64,1,18040500,18040500
14952,229,1,237500,237500
14952,11,1,33291000,33291000
14952,255,1,25191000,25191000
14953,160,1,2840500,2840500
14954,205,1,6165500,6165500
14955,214,1,27990000,27990000
14956,1,1,1890000,1890000
14957,225,1,27990000,27990000
14957,309,1,36990000,36990000
14957,130,1,7490000,7490000
14958,179,1,320000,320000
14959,121,1,171000,171000
14960,266,1,120000,120000
14961,241,2,4590000,9180000
14962,17,1,320000,320000
14963,78,1,450000,450000
14964,255,1,25191000,27710100
14965,118,1,18990000,18990000
14966,97,1,4590000,4590000
14967,309,1,33291000,33291000
14968,135,1,5990000,5990000
14969,210,1,6490000,6490000
14970,37,2,120000,240000
14970,120,1,3490000,3490000
14971,73,1,10791000,10791000
14972,159,1,12340500,12340500
14973,265,1,31990000,31990000
14974,248,1,11990000,11990000
14975,295,1,675000,675000
14975,64,1,18990000,18990000
14975,279,2,4360500,8721000
14976,200,1,25191000,25191000
14977,220,1,12990000,12990000
14978,134,1,6490000,6490000
14978,258,1,5990000,5990000
14979,66,1,750000,750000
14980,169,1,3490000,3490000
14981,119,1,108000,108000
14981,288,1,3990000,3990000
14982,290,1,17091000,17091000
14983,193,1,36990000,36990000
14984,114,1,31990000,31990000
14984,232,1,750000,750000
14985,5,1,7990000,7990000
14985,280,1,4131000,4131000
14985,83,1,27990000,27990000
14986,126,1,5990000,5990000
14987,106,1,7990000,7990000
14988,314,1,27990000,27990000
14989,213,3,18990000,56970000
14990,158,1,2840500,2840500
14991,79,1,190000,190000
14992,260,1,18040500,18040500
14992,178,1,2840500,2840500
14993,85,3,27990000,83970000
14994,30,1,6490000,6490000
14995,201,1,4491000,4491000
14996,146,1,5990000,5990000
14997,172,1,3490000,3490000
14998,231,1,36990000,36990000
14999,46,1,7990000,7990000
15000,252,1,250000,250000
15001,130,1,7490000,7490000
15002,82,1,2365500,2365500
15003,93,1,7990000,7990000
15004,101,1,17091000,17091000
15004,201,2,4491000,8982000
15005,226,1,17091000,17091000
15006,252,1,237500,237500
15007,12,1,25191000,25191000
15008,253,1,1701000,1701000
15008,232,1,750000,750000
15009,19,1,11990000,11990000
15010,87,1,4740500,4740500
15011,76,1,22990000,22990000
15012,128,1,450000,450000
15013,253,1,1890000,1890000
15014,307,1,3490000,3490000
15014,204,1,9490000,9490000
15015,156,1,27990000,27990000
15016,73,1,11990000,11990000
15016,212,1,7990000,7990000
15016,121,1,180500,180500
15017,37,1,120000,120000
15018,301,1,3990000,3990000
15018,17,1,304000,304000
15018,309,1,36990000,36990000
15019,48,3,6490000,19470000
15020,274,2,11990000,23980000
15021,115,1,31990000,31990000
15022,308,1,22990000,22990000
15023,162,1,18990000,18990000
15024,42,1,9490000,9490000
15024,12,1,27990000,27990000
15025,279,1,4590000,4590000
15025,197,1,675000,675000
15026,1,1,1890000,1701000
15027,25,1,3490000,3490000
15028,40,1,1795500,1795500
15029,38,1,10791000,10791000
15029,110,2,4990000,9980000
15029,179,3,320000,960000
15030,246,2,712500,1425000
15031,35,1,7590500,7590500
15032,126,1,5990000,5990000
15033,151,1,3490000,3490000
15033,179,2,320000,640000
15034,33,2,250000,500000
15034,133,1,25191000,25191000
15035,284,2,2840500,5681000
15035,253,1,1890000,1890000
15035,247,1,11990000,11990000
15036,168,1,26590500,26590500
15037,226,1,17091000,17091000
15038,307,1,3490000,3490000
15038,98,1,36990000,36990000
15039,103,1,22990000,22990000
15039,230,1,237500,237500
15040,70,1,1890000,1890000
15041,258,2,5391000,10782000
15041,183,1,2490000,2490000
15042,261,1,8541000,8541000
15042,261,1,8541000,8541000
15043,280,1,4590000,4590000
15043,90,1,427500,427500
15044,42,1,9490000,9490000
15045,236,1,7990000,7990000
15046,316,1,2840500,2840500
15046,94,1,5990000,5990000
15046,118,1,18990000,18990000
15047,129,1,2990000,2990000
15048,297,1,9015500,9015500
15049,217,1,22990000,22990000
15049,63,1,5990000,5990000
15050,317,1,31990000,31990000
15051,216,1,3990000,3990000
15052,56,1,6165500,6165500
15053,44,2,2990000,5980000
15054,90,1,427500,427500
15054,31,1,5841000,5841000
15054,288,1,3990000,3990000
15055,315,1,4590000,4590000
15055,218,1,1701000,1701000
15055,37,1,120000,120000
15056,78,2,450000,900000
15057,92,1,250000,250000
15058,29,1,237500,237500
15059,314,1,27990000,27990000
15060,204,2,8541000,17082000
15060,205,1,6165500,6165500
15061,138,1,7490000,7490000
15062,269,1,450000,450000
15063,143,1,2365500,2365500
15063,213,1,18990000,18990000
15064,242,1,5990000,5990000
15065,317,1,28791000,28791000
15065,97,1,4590000,4590000
15066,155,2,27990000,55980000
15066,17,1,288000,288000
15067,303,1,18040500,18040500
15067,12,1,27990000,27990000
15068,182,1,35140500,35140500
15069,280,1,4590000,4590000
15070,263,1,4491000,4491000
15071,13,1,27990000,27990000
15072,10,1,6490000,6490000
15073,255,1,25191000,25191000
15073,16,2,27990000,55980000
15073,86,1,17091000,17091000
15074,110,1,4491000,4491000
15075,165,1,6490000,6490000
15076,153,1,120000,120000
15076,236,1,7990000,7990000
15077,169,1,3490000,3490000
15078,101,2,18990000,37980000
15079,101,1,18040500,18040500
15080,243,1,18040500,18040500
15081,308,1,22990000,22990000
15082,76,2,22990000,45980000
15082,39,1,31990000,31990000
15083,234,1,7590500,7590500
15084,165,1,6490000,6490000
15085,149,1,31990000,31990000
15086,188,2,9990000,19980000
15086,77,1,225000,225000
15086,158,1,2990000,2990000
15087,35,1,7590500,7590500
15087,137,1,3990000,3990000
15088,99,1,12990000,12990000
15088,267,1,9490000,9490000
15089,94,1,5690500,5690500
15089,127,1,6490000,6490000
15089,128,1,405000,405000
15090,73,1,11990000,11990000
15091,261,1,8541000,8541000
15091,256,1,590000,590000
15092,260,1,18990000,18990000
15093,101,1,18990000,18990000
15093,132,1,4491000,4491000
15094,94,1,5391000,5391000
15095,38,1,10791000,10791000
15096,64,1,18040500,18040500
15096,224,2,7990000,15980000
15097,158,2,2990000,5980000
15097,52,1,180500,180500
15097,254,1,7990000,7990000
15098,104,1,18040500,18040500
15098,150,1,12990000,12990000
15099,186,1,8541000,8541000
15100,65,1,18990000,18990000
15100,125,1,5841000,5841000
15100,296,1,22990000,22990000
15101,78,1,405000,405000
15102,90,1,450000,450000
15103,168,1,27990000,27990000
15103,104,1,18990000,18990000
15103,148,1,5990000,5990000
15104,76,3,21840500,65521500
15105,290,2,18990000,37980000
15106,100,1,9990000,9990000
15106,43,1,8541000,8541000
15107,161,1,18040500,18040500
15108,62,1,25191000,25191000
15108,318,1,7191000,7191000
15109,304,1,7990000,7990000
15110,306,1,1890000,1890000
15111,126,1,5990000,5990000
15112,10,2,6490000,12980000
15113,150,1,12990000,12990000
15114,39,1,28791000,28791000
15114,195,1,2490000,2490000
15115,245,1,9490000,9490000
15116,320,2,288000,576000
15117,98,1,35140500,35140500
15118,102,1,2241000,2241000
15119,44,1,2990000,2990000
15119,47,1,6490000,6490000
15120,309,2,36990000,73980000
15121,104,1,18990000,18990000
15122,291,2,3490000,6980000
15123,197,1,750000,750000
15124,282,1,7590500,7590500
15125,27,1,12340500,12340500
15126,1,1,1890000,1890000
15126,126,1,5990000,5990000
15127,253,1,1795500,1795500
15128,154,1,22990000,22990000
15129,297,1,9490000,9490000
15130,184,2,5841000,11682000
15131,199,1,33291000,33291000
15131,121,1,180500,180500
15132,269,1,427500,427500
15132,218,1,1890000,1890000
15133,227,2,9990000,19980000
15134,100,1,9990000,9990000
15135,111,1,7490000,7490000
15136,144,1,4990000,4990000
15136,125,1,6490000,6490000
15137,192,1,7590500,7590500
15137,303,3,18040500,54121500
15138,38,3,11990000,35970000
15139,304,1,7590500,7590500
15139,250,1,190000,190000
15140,288,1,3790500,3790500
15141,202,1,11390500,11390500
15142,319,1,2990000,2990000
15142,45,1,9015500,9015500
15143,12,1,27990000,27990000
15144,274,1,11990000,11990000
15144,115,1,28791000,28791000
15145,38,1,11390500,11390500
15146,177,1,36990000,36990000
15147,68,1,1701000,1701000
15147,208,1,120000,120000
15147,293,1,2840500,2840500
15148,253,1,1890000,1890000
15149,139,1,9490000,9490000
15149,59,1,4491000,4491000
15150,266,1,114000,114000
15150,63,1,5990000,5990000
15151,42,1,9015500,9015500
15152,85,1,25191000,25191000
15153,188,1,9990000,9990000
15153,84,1,9490000,9490000
15154,238,1,35140500,35140500
15154,269,1,450000,450000
15154,302,1,36990000,36990000
15155,214,2,25191000,50382000
15155,190,1,2840500,2840500
15155,84,1,9490000,9490000
15156,66,1,750000,750000
15157,162,1,18990000,18990000
15158,255,1,27990000,27990000
15159,216,2,3990000,7980000
15160,28,1,4360500,4360500
15161,26,2,31990000,63980000
15162,172,1,3315500,3315500
15162,49,1,2490000,2490000
15163,128,3,450000,1350000
15163,141,1,6490000,6490000
15164,151,1,3490000,3490000
15164,216,1,3990000,3990000
15165,240,1,5990000,5990000
15166,290,1,17091000,17091000
15167,151,1,3490000,3490000
15168,30,1,5841000,5841000
15169,281,2,3990000,7980000
15170,1,1,1890000,1890000
15171,51,1,450000,450000
15171,289,1,11990000,11990000
15171,91,1,4990000,4990000
15172,171,1,2365500,2365500
15172,56,1,6490000,6490000
15173,37,2,120000,240000
15174,149,1,31990000,31990000
15175,319,1,2990000,2691000
15176,320,1,320000,320000
15177,41,1,180500,180500
15178,266,1,120000,120000
15178,105,1,9490000,9490000
15179,11,1,36990000,36990000
15180,223,1,5690500,5690500
15181,256,1,590000,590000
15182,37,1,120000,120000
15183,53,1,9490000,9490000
15183,107,1,304000,304000
15184,186,1,9490000,9490000
15185,34,1,18990000,18990000
15186,293,1,2840500,2840500
15187,11,2,36990000,73980000
15188,167,1,35140500,35140500
15189,152,1,22990000,22990000
15189,21,1,7990000,7990000
15189,84,1,9490000,9490000
15190,296,1,21840500,21840500
15191,214,1,26590500,26590500
15192,145,1,2691000,2691000
15193,181,1,4990000,4990000
15193,226,1,18990000,18990000
15193,241,1,4590000,4590000
15194,199,1,33291000,33291000
15194,60,1,11990000,11990000
15195,17,3,320000,960000
15195,85,2,27990000,55980000
15196,201,1,4990000,4990000
15197,81,2,6490000,12980000
15198,171,2,2241000,4482000
15199,291,1,3490000,3490000
15199,74,2,5990000,11980000
15200,155,1,27990000,27990000
15200,244,1,31990000,31990000
15201,126,1,5690500,5690500
15202,83,1,27990000,27990000
15203,185,1,2990000,2990000
15204,255,3,25191000,75573000
15205,56,1,6490000,6490000
15205,138,1,7490000,7490000
15206,316,1,2691000,2691000
15207,290,1,17091000,17091000
15208,17,1,320000,320000
15209,184,1,6490000,6490000
15210,186,1,8541000,8541000
15211,261,1,8541000,8541000
15212,180,1,2840500,2840500
15212,274,1,11990000,11990000
15212,125,1,6165500,6165500
15213,145,1,2990000,2990000
15213,114,1,31990000,31990000
15214,208,2,120000,240000
15215,110,1,4990000,4990000
15216,33,1,250000,250000
15217,96,1,2691000,2691000
15218,312,1,4990000,4990000
15219,244,1,30390500,30390500
15220,213,3,18990000,56970000
15220,221,1,18990000,18990000
15221,51,1,450000,450000
15222,30,2,6490000,12980000
15223,141,1,6490000,6490000
15224,129,1,2691000,2691000
15224,146,1,5990000,5990000
15225,273,1,11390500,11390500
15226,19,1,11990000,11990000
15227,116,1,17091000,17091000
15228,8,1,1701000,1701000
15229,237,1,9490000,9490000
15230,261,1,9490000,9490000
15231,300,1,1890000,1890000
15232,114,1,30390500,30390500
15232,214,1,27990000,27990000
15233,157,1,7590500,7590500
15234,5,1,7990000,7990000
15235,191,1,4990000,4990000
15236,145,1,2990000,2990000
15237,21,1,7990000,7990000
15238,276,1,6490000,6490000
15239,154,1,22990000,22990000
15239,233,1,237500,237500
15240,211,1,6490000,6490000
15241,33,1,225000,225000
15242,283,1,9490000,9490000
15242,229,1,250000,250000
15242,248,1,10791000,10791000
15243,241,1,4131000,4131000
15244,152,1,20691000,20691000
15245,315,1,4131000,4131000
15245,39,1,30390500,30390500
15245,205,1,6490000,6490000
15246,171,1,2490000,2490000
15247,219,1,7590500,7590500
15248,76,1,20691000,20691000
15249,235,1,3490000,3490000
15249,274,1,11990000,11990000
15250,125,1,6490000,6490000
15250,148,1,5990000,5990000
15251,4,1,288000,288000
15251,119,1,108000,108000
15252,224,1,7590500,7590500
15253,2,1,36990000,36990000
15253,137,1,3990000,3990000
15254,154,1,21840500,21840500
15255,7,1,6490000,6490000
15256,216,1,3591000,3591000
15257,104,1,18990000,18990000
15258,188,2,9490500,18981000
15258,44,1,2840500,2840500
15258,76,1,20691000,20691000
15259,233,1,250000,250000
15260,197,1,750000,750000
15261,30,1,5841000,5841000
15261,112,1,27990000,27990000
15262,257,1,11990000,11990000
15263,130,1,7490000,7490000
15263,274,1,11390500,11390500
15264,130,1,7490000,7490000
15265,265,1,31990000,31990000
15265,180,1,2990000,2990000
15266,6,1,5990000,5990000
15267,157,1,7990000,7990000
15268,197,1,712500,712500
15269,222,1,33291000,33291000
15270,299,1,3490000,3490000
15271,8,1,1890000,1701000
15271,22,1,4491000,4491000
15271,293,1,2691000,2691000
15272,196,1,4990000,4990000
15273,254,1,7191000,7191000
15274,30,1,6490000,6490000
15275,98,1,36990000,36990000
15276,232,1,750000,750000
15276,54,1,7490000,7490000
15277,277,1,6490000,6490000
15278,222,1,35140500,35140500
15278,84,1,9015500,9015500
15278,302,1,35140500,35140500
15279,6,1,5990000,5990000
15280,105,1,9015500,9015500
15281,74,1,5391000,5391000
15281,165,1,5841000,5841000
15281,9,1,304000,304000
15282,304,1,7990000,7990000
15282,125,1,5841000,5841000
15282,129,3,2990000,8970000
15283,294,1,5990000,5990000
15283,281,1,3591000,3591000
15284,143,1,2490000,2490000
15284,245,1,9490000,9490000
15285,32,2,11990000,23980000
15285,293,1,2990000,2990000
15285,94,1,5990000,5990000
15286,137,1,3990000,3990000
15287,134,1,5841000,5841000
15288,293,1,2840500,2840500
15289,42,2,9015500,18031000
15290,5,1,7590500,7590500
15291,141,1,6165500,6165500
15291,285,2,2365500,4731000
15292,223,1,5990000,5990000
15293,57,1,36990000,36990000
15294,54,1,6741000,6741000
15295,261,1,9015500,9015500
15296,152,1,20691000,20691000
15296,310,1,5990000,5990000
15296,155,1,27990000,27990000
15297,257,1,11990000,11990000
15298,164,1,3591000,3591000
15299,274,1,10791000,10791000
15300,151,1,3490000,3490000
15301,236,1,7990000,7990000
15301,181,1,4990000,4990000
15301,129,1,2990000,2990000
15302,301,1,3990000,3591000
15303,1,1,1795500,1795500
15303,115,1,31990000,31990000
15304,159,1,12340500,12340500
15305,165,1,6490000,6490000
15305,56,1,6165500,6165500
15306,187,1,4990000,4990000
15307,38,1,10791000,10791000
15307,179,1,320000,320000
15308,175,1,2490000,2490000
15308,177,1,35140500,35140500
15309,100,2,9990000,19980000
15309,253,1,1890000,1890000
15310,209,1,9990000,9990000
15311,98,1,35140500,35140500
15311,60,1,11990000,11990000
15312,241,1,4590000,4590000
15313,140,1,4990000,4990000
15313,23,1,36990000,40689000
15314,259,1,36990000,36990000
15315,121,1,180500,180500
15316,142,1,8541000,8541000
15316,192,1,7191000,7191000
15317,78,1,450000,450000
15317,264,2,9990000,17982000
15318,29,1,250000,250000
15318,176,1,30390500,30390500
15319,82,2,2241000,4482000
15320,168,1,26590500,26590500
15320,223,1,5990000,5990000
15321,188,1,9490500,9490500
15322,36,1,180500,180500
15323,111,1,6741000,6741000
15324,134,2,6165500,13564100
15325,166,1,3790500,3790500
15326,251,1,27990000,27990000
15327,201,1,4990000,4990000
15328,270,1,5990000,5990000
15329,175,1,2490000,2490000
15330,315,1,4590000,4590000
15330,299,1,3490000,3490000
15331,164,1,3591000,3591000
15332,195,1,2490000,2490000
15332,308,1,22990000,22990000
15333,51,1,450000,450000
15334,132,1,4491000,4491000
15334,48,1,5841000,5841000
15335,205,1,6490000,6490000
15336,74,3,5990000,17970000
15337,226,1,17091000,17091000
15337,146,1,5990000,5990000
15338,169,1,3315500,3315500
15339,33,1,250000,250000
15340,61,2,675000,1350000
15341,74,1,5990000,5990000
15342,59,1,4740500,4740500
15342,7,2,6490000,12980000
15342,276,2,6490000,12980000
15343,130,2,6741000,13482000
15344,319,1,2990000,2990000
15344,120,1,3490000,3490000
15345,234,1,7990000,7990000
15346,134,1,6165500,6165500
15346,200,1,26590500,26590500
15347,231,1,36990000,36990000
15348,135,1,5391000,5391000
15348,210,2,6490000,12980000
15349,1,1,1890000,1890000
15350,130,1,6741000,6741000
15351,306,1,1701000,1701000
15352,146,2,5690500,11381000
15353,264,1,9490500,9490500
15353,202,1,11390500,11390500
15354,177,1,33291000,33291000
15354,156,1,26590500,26590500
15354,303,1,18040500,18040500
15355,260,1,17091000,17091000
15356,228,1,2365500,2128950
15356,83,1,26590500,26590500
15357,103,1,22990000,22990000
15357,111,1,7115500,6403950
15357,204,1,9490000,9490000
15358,33,3,237500,712500
15359,224,1,7990000,7990000
15360,104,1,18990000,18990000
15361,300,1,1890000,1890000
15362,289,1,11990000,13189000
15363,64,1,18990000,18990000
15364,33,1,250000,250000
15365,309,2,36990000,73980000
15365,296,1,21840500,21840500
15365,230,1,225000,225000
15366,253,1,1701000,1701000
15367,29,1,250000,250000
15368,261,1,9490000,9490000
15369,295,1,750000,750000
15370,98,1,36990000,36990000
15371,188,1,9490500,9490500
15371,289,1,11990000,11990000
15372,69,1,4990000,4990000
15373,214,2,26590500,53181000
15374,160,1,2990000,2990000
15374,96,1,2990000,2990000
15375,224,1,7990000,7990000
15376,26,1,30390500,30390500
15377,11,1,36990000,36990000
15378,103,1,22990000,22990000
15378,220,3,12990000,38970000
15379,133,1,27990000,27990000
15380,86,1,18990000,18990000
15381,94,1,5690500,5690500
15382,201,1,4990000,4990000
15382,163,1,18990000,18990000
15382,309,1,36990000,36990000
15383,307,1,3141000,3141000
15384,81,2,6490000,12980000
15384,38,1,11390500,11390500
15385,134,1,6490000,6490000
15386,195,1,2490000,2490000
15386,26,1,30390500,30390500
15387,92,1,225000,225000
15388,167,1,36990000,36990000
15388,273,2,11990000,23980000
15389,173,1,17091000,17091000
15390,197,1,750000,750000
15391,320,1,320000,320000
15392,59,1,4990000,4990000
15393,240,1,5990000,5990000
15393,5,1,7191000,7191000
15394,145,1,2990000,2990000
15394,53,1,9490000,9490000
15395,11,1,36990000,36990000
15395,23,1,36990000,36990000
15396,50,1,9490000,9490000
15396,60,1,11990000,11990000
15396,318,1,7990000,7990000
15397,97,2,4590000,9180000
15398,20,1,4131000,4131000
15399,277,1,5841000,5841000
15400,232,1,750000,750000
15400,225,1,27990000,27990000
15400,126,2,5391000,9703800
15401,8,1,1701000,1701000
15402,313,2,2365500,4731000
15402,220,1,12340500,12340500
15403,250,1,190000,190000
15403,122,1,4990000,4990000
15404,180,2,2990000,5980000
15404,111,1,7490000,7490000
15405,66,1,750000,750000
15406,12,1,25191000,25191000
15407,11,1,36990000,36990000
15407,63,2,5990000,11980000
15408,216,3,3790500,11371500
15409,165,1,6490000,6490000
15410,276,1,6490000,6490000
15411,67,1,18040500,18040500
15412,250,1,190000,190000
15413,301,1,3990000,3990000
15414,88,2,7191000,14382000
15415,139,1,8541000,8541000
15415,199,1,36990000,36990000
15415,217,1,22990000,22990000
15416,237,2,9490000,18980000
15417,58,1,6741000,6741000
15418,166,2,3990000,7980000
15418,193,1,36990000,36990000
15419,48,1,6490000,6490000
15419,278,1,6165500,6165500
15419,82,1,2490000,2490000
15420,187,1,4990000,4990000
15420,24,1,5841000,5841000
15421,82,1,2490000,2490000
15421,97,1,4590000,4590000
15422,128,1,450000,450000
15422,51,1,427500,427500
15423,272,1,9490000,9490000
15424,297,1,9015500,9015500
15424,13,2,26590500,53181000
15425,284,1,2990000,2990000
15426,17,1,288000,288000
15426,196,1,4740500,4740500
15426,236,2,7990000,15980000
15427,179,2,288000,576000
15428,198,1,11390500,11390500
15429,316,1,2990000,2990000
15429,112,3,25191000,83130300
15430,94,1,5690500,5690500
15430,155,1,27990000,27990000
15430,257,3,11990000,35970000
15431,19,2,10791000,21582000
15431,100,1,9990000,9990000
15432,190,1,2990000,2990000
15433,194,1,6490000,6490000
15434,169,1,3490000,3490000
15435,253,1,1890000,1890000
15435,61,1,750000,750000
15436,63,1,5391000,5391000
15437,154,2,22990000,45980000
15438,159,3,12990000,38970000
15439,94,1,5690500,5690500
15440,143,2,2365500,4731000
15440,292,1,6490000,6490000
15441,2,1,36990000,36990000
15442,16,1,27990000,27990000
15443,319,1,2990000,2990000
15444,236,1,7191000,7191000
15444,212,1,7990000,7990000
15444,12,2,27990000,55980000
15445,82,1,2490000,2490000
15446,2,1,36990000,36990000
15446,203,1,27990000,27990000
15446,260,1,17091000,17091000
15447,154,1,20691000,20691000
15447,204,1,9490000,9490000
15448,227,1,9990000,9990000
15449,250,3,190000,570000
15450,273,1,11990000,11990000
15451,129,1,2691000,2691000
15452,117,1,11990000,11990000
15453,176,1,28791000,28791000
15453,6,1,5690500,5690500
15454,7,1,6490000,6490000
15455,221,1,17091000,17091000
15456,187,1,4990000,4990000
15457,193,1,33291000,33291000
15458,60,1,10791000,10791000
15459,199,2,36990000,73980000
15459,290,2,17091000,34182000
15460,146,1,5990000,5990000
15461,112,1,27990000,27990000
15461,149,2,31990000,63980000
15462,218,1,1701000,1701000
15463,118,1,17091000,17091000
15464,315,1,4131000,4131000
15465,308,1,21840500,21840500
15465,298,1,6490000,6490000
15466,60,1,11990000,11990000
15467,303,1,18040500,18040500
15468,213,3,18990000,56970000
15468,190,1,2990000,2990000
15469,71,1,11990000,11990000
15470,243,1,18040500,18040500
15470,190,1,2990000,2990000
15471,233,1,250000,250000
15471,228,1,2490000,2490000
15472,181,1,4990000,4990000
15473,195,2,2490000,4980000
15474,280,1,4590000,4590000
15475,128,1,450000,450000
15476,238,1,36990000,36990000
15477,248,1,11990000,11990000
15477,224,1,7990000,7990000
15478,161,2,17091000,34182000
15478,146,3,5690500,17071500
15479,240,2,5990000,11980000
15479,3,1,531000,531000
15479,64,1,18990000,18990000
15480,17,1,320000,320000
15481,210,1,5841000,5841000
15482,179,1,320000,320000
15482,70,1,1795500,1795500
15483,30,1,6490000,6490000
15483,116,1,18990000,18990000
15483,267,1,9490000,9490000
15484,38,1,11990000,11990000
15484,75,1,6490000,6490000
15485,287,1,4990000,4990000
15486,310,1,5990000,5990000
15487,94,1,5690500,5690500
15488,94,1,5391000,5391000
15489,191,1,4990000,4990000
15490,166,1,3990000,3990000
15491,77,1,225000,225000
15492,278,1,6165500,6165500
15492,163,1,17091000,17091000
15492,70,1,1701000,1701000
15493,153,2,120000,240000
15493,248,2,10791000,21582000
15494,317,1,31990000,31990000
15495,239,1,6165500,6165500
15496,319,1,2990000,2990000
15497,10,1,6490000,6490000
15497,168,1,27990000,27990000
15498,165,1,6490000,6490000
15499,305,1,1795500,1795500
15500,311,1,3990000,3990000
15500,223,1,5690500,5690500
15501,165,1,6165500,6165500
15502,262,1,750000,750000
15503,21,1,7990000,7990000
15504,39,1,31990000,31990000
15505,169,1,3490000,3490000
15506,182,3,36990000,110970000
15507,81,1,5841000,5841000
15508,212,1,7191000,7191000
15509,286,1,3490000,3490000
15509,75,1,6490000,6490000
15510,33,1,250000,250000
15511,118,1,17091000,17091000
15512,173,1,18990000,18990000
15513,227,1,8991000,8991000
15513,149,1,31990000,31990000
15514,117,1,11990000,11990000
15515,286,1,3315500,3315500
15516,29,2,250000,500000
15517,212,1,7590500,7590500
15517,113,2,18990000,37980000
15517,160,1,2840500,2556450
15518,152,1,22990000,22990000
15519,307,1,3141000,3141000
15519,249,1,304000,304000
15520,61,1,750000,750000
15521,74,1,5990000,5990000
15522,256,2,560500,1121000
15523,53,2,9490000,18980000
15524,211,2,5841000,11682000
15524,180,1,2990000,2990000
15524,21,1,7990000,7990000
15525,153,1,120000,120000
15526,60,1,10791000,10791000
15527,228,1,2365500,2365500
15528,130,1,7490000,7490000
15529,12,1,27990000,27990000
15530,173,1,18990000,18990000
15530,102,1,2490000,2490000
15531,200,1,27990000,27990000
15532,42,1,9490000,9490000
15533,268,1,450000,450000
15534,156,1,27990000,27990000
15535,199,3,36990000,110970000
15536,226,1,18990000,18990000
15536,201,1,4990000,4990000
15537,30,1,6490000,6490000
15538,266,1,108000,108000
15538,153,1,120000,120000
15539,148,1,5990000,5990000
15540,112,1,25191000,25191000
15540,138,2,7490000,14980000
15540,126,1,5690500,5690500
15541,266,1,114000,114000
15542,263,1,4740500,4740500
15542,65,1,18040500,18040500
15543,202,1,11990000,11990000
15543,294,1,5391000,5391000
15544,69,1,4491000,4491000
15545,48,1,5841000,5841000
15546,77,1,225000,225000
15546,35,1,7590500,7590500
15547,141,1,6165500,6165500
15547,288,1,3990000,3990000
15548,318,1,7590500,7590500
15548,90,1,450000,450000
15549,45,1,9490000,9490000
15550,197,1,712500,712500
15551,217,1,22990000,22990000
15552,111,2,7490000,14980000
15553,283,1,9490000,9490000
15554,161,1,18040500,18040500
15555,2,1,36990000,36990000
15556,225,1,27990000,27990000
15557,256,1,590000,590000
15558,271,1,5841000,5841000
15559,167,1,36990000,36990000
15560,296,1,22990000,22990000
15561,236,1,7990000,7990000
15561,230,1,237500,237500
15562,1,1,1890000,1890000
15563,70,1,1890000,1890000
15564,172,1,3141000,3141000
15565,172,1,3141000,3141000
15565,317,1,31990000,31990000
15566,292,1,6490000,6490000
15567,286,1,3490000,3490000
15568,168,2,25191000,50382000
15569,289,1,11990000,11990000
15570,153,1,114000,114000
15571,16,1,27990000,27990000
15572,229,3,237500,712500
15573,280,1,4590000,4590000
15573,22,1,4990000,5489000
15574,169,1,3490000,3490000
15574,35,2,7590500,15181000
15574,98,1,35140500,35140500
15575,25,1,3141000,3141000
15576,156,1,27990000,27990000
15577,63,1,5990000,5990000
15578,274,1,11990000,11990000
15579,76,1,22990000,22990000
15580,51,1,427500,427500
15580,205,1,6490000,6490000
15581,196,1,4990000,4990000
15581,253,1,1795500,1795500
15582,187,1,4990000,4990000
15583,309,1,35140500,35140500
15584,200,1,27990000,27990000
15585,181,2,4990000,9980000
15586,123,1,2490000,2490000
15586,37,1,108000,108000
15587,125,1,5841000,5841000
15588,165,1,6490000,6490000
15589,312,1,4990000,4990000
15590,56,1,6490000,6490000
15591,107,1,320000,320000
15592,130,2,6741000,13482000
15593,9,1,320000,320000
15594,167,2,36990000,73980000
15595,54,1,7490000,7490000
15596,20,1,4360500,4360500
15597,209,1,9990000,9990000
15597,283,1,9015500,9015500
15598,107,3,288000,864000
15598,59,3,4990000,14970000
15599,124,1,2990000,2990000
15600,232,3,750000,2250000
15601,87,1,4990000,4990000
15602,269,2,450000,900000
15602,311,1,3990000,3990000
15602,193,1,35140500,35140500
15603,3,1,590000,590000
15603,34,1,17091000,17091000
15604,283,1,9490000,9490000
15605,153,1,114000,114000
15605,255,1,25191000,25191000
15605,126,1,5990000,5990000
15606,8,1,1890000,1890000
15606,293,1,2691000,2691000
15607,235,1,3315500,3315500
15608,273,1,11990000,11990000
15609,119,1,114000,114000
15610,289,1,10791000,10791000
15611,263,2,4990000,9980000
15612,185,1,2990000,2990000
15613,72,1,7590500,7590500
15614,90,1,427500,427500
15615,286,1,3315500,3315500
15616,304,1,7990000,7990000
15617,187,1,4491000,4491000
15617,57,1,36990000,36990000
15618,265,1,31990000,31990000
15619,158,1,2840500,2840500
15620,66,1,750000,750000
15621,205,1,6490000,6490000
15622,194,1,6490000,6490000
15622,46,1,7990000,7990000
15623,9,1,304000,304000
15624,296,1,20691000,20691000
15625,182,1,36990000,36990000
15625,102,1,2490000,2490000
15626,229,1,250000,250000
15627,141,1,6490000,6490000
15627,91,1,4990000,4990000
15628,240,1,5990000,5990000
15628,8,1,1890000,1890000
15628,37,1,120000,120000
15629,185,1,2990000,2990000
15630,159,1,12990000,12990000
15631,2,1,35140500,35140500
15631,138,2,7490000,14980000
15632,17,1,288000,288000
15633,271,1,5841000,5841000
15634,261,1,9015500,9015500
15635,266,1,108000,108000
15635,270,1,5990000,5990000
15636,233,1,225000,225000
15636,318,1,7990000,7990000
15637,104,1,18990000,18990000
15638,95,1,7990000,7990000
15639,134,1,5841000,5841000
15639,32,1,10791000,10791000
15639,249,1,320000,320000
15640,64,1,18990000,18990000
15640,157,1,7990000,7990000
15640,252,1,250000,250000
15641,52,1,190000,190000
15641,47,1,6490000,6490000
15642,174,1,4990000,4491000
15643,103,1,22990000,22990000
15644,158,1,2840500,2840500
15645,41,2,171000,342000
15646,270,1,5690500,5690500
15646,99,1,12990000,12990000
15647,264,1,9490500,9490500
15647,287,1,4990000,4990000
15648,94,1,5990000,5990000
15648,26,1,30390500,30390500
15649,316,1,2840500,2840500
15650,126,1,5990000,5990000
15651,78,1,450000,450000
15651,88,1,7191000,7191000
15652,262,1,750000,750000
15653,119,2,120000,240000
15653,218,1,1890000,1890000
15654,295,3,712500,2137500
15655,95,1,7590500,7590500
15655,162,1,17091000,17091000
15655,18,2,9490000,20878000
15656,149,1,31990000,31990000
15657,157,1,7590500,7590500
15658,256,2,590000,1180000
15658,115,1,31990000,31990000
15659,129,1,2990000,2990000
15659,175,1,2490000,2490000
15660,200,2,27990000,55980000
15660,173,1,18040500,18040500
15661,167,1,36990000,36990000
15661,249,1,288000,288000
15662,28,1,4590000,4590000
15663,186,1,9490000,9490000
15664,261,1,8541000,8541000
15664,174,1,4990000,4990000
15665,66,1,750000,750000
15665,120,1,3490000,3490000
15666,10,2,6490000,12980000
15667,203,1,25191000,25191000
15667,293,1,2990000,2990000
15668,220,2,12990000,25980000
15669,193,1,33291000,33291000
15670,201,1,4990000,4990000
15671,165,1,5841000,5841000
15672,315,1,4590000,4590000
15673,27,1,11691000,11691000
15673,205,1,6490000,6490000
15674,132,1,4491000,4491000
15675,302,1,36990000,36990000
15676,80,1,8541000,8541000
15677,69,1,4491000,4491000
15678,155,1,27990000,27990000
15679,218,1,1890000,1890000
15679,45,1,8541000,8541000
15680,168,1,25191000,25191000
15680,96,1,2990000,2990000
15681,139,1,9015500,9015500
15682,14,1,237500,237500
15683,8,1,1701000,1701000
15684,129,1,2990000,2990000
15685,12,1,27990000,27990000
15686,67,1,17091000,17091000
15687,165,1,6490000,6490000
15687,96,1,2691000,2691000
15688,192,1,7990000,7990000
15689,199,1,36990000,36990000
15690,91,1,4990000,4990000
15691,173,1,18040500,18040500
15692,224,1,7990000,7990000
15693,52,1,190000,190000
15694,315,1,4590000,4590000
15695,164,1,3990000,3990000
15696,94,1,5690500,5690500
15697,114,1,31990000,31990000
15698,39,1,30390500,30390500
15699,220,1,11691000,11691000
15700,216,1,3790500,3790500
15701,173,1,18040500,18040500
15702,309,1,36990000,36990000
15702,73,1,11990000,11990000
15702,319,1,2990000,2990000
15703,150,1,12340500,12340500
15704,191,1,4990000,4990000
15705,73,1,11390500,11390500
15706,45,1,9490000,9490000
15706,172,1,3490000,3490000
15707,7,1,6490000,6490000
15707,156,3,25191000,75573000
15708,99,1,12990000,12990000
15709,307,2,3141000,6282000
15710,300,1,1890000,1890000
15711,194,1,6490000,6490000
15711,94,1,5391000,5391000
15712,200,1,25191000,25191000
15712,222,1,33291000,33291000
15713,8,1,1795500,1795500
15713,145,1,2840500,2840500
15713,299,1,3141000,3141000
15714,293,1,2990000,2990000
15715,83,1,27990000,27990000
15716,67,1,18040500,18040500
15716,112,1,27990000,27990000
15717,194,1,6490000,6490000
15717,283,1,9015500,9015500
15718,22,1,4740500,4740500
15719,245,1,9490000,10439000
15720,85,1,27990000,27990000
15721,57,1,35140500,35140500
15722,83,1,26590500,26590500
15723,155,1,27990000,27990000
15724,90,2,450000,900000
15725,13,1,26590500,26590500
15726,69,3,4990000,14970000
15726,10,1,6165500,6165500
15727,292,1,6165500,6165500
15728,14,1,250000,250000
15729,265,1,31990000,31990000
15729,52,1,171000,171000
15730,71,1,11390500,11390500
15731,90,1,450000,450000
15732,30,1,5841000,5841000
15732,20,2,4590000,9180000
15733,230,3,250000,750000
15733,66,1,750000,750000
15734,68,1,1701000,1701000
15735,190,1,2990000,2990000
15735,63,1,5990000,5990000
15735,103,1,21840500,21840500
15736,255,1,27990000,27990000
15737,75,1,6490000,6490000
15737,275,1,5990000,5391000
15738,11,1,36990000,36990000
15739,77,1,250000,250000
15740,209,1,8991000,8991000
15741,113,1,17091000,17091000
15741,177,1,36990000,36990000
15742,192,1,7191000,7191000
15742,248,1,11990000,11990000
15743,69,1,4740500,4740500
15743,89,1,3315500,3315500
15744,117,2,10791000,21582000
15745,47,1,6165500,6165500
15746,304,1,7990000,7990000
15747,86,1,18990000,18990000
15748,304,1,7990000,7990000
15749,12,1,25191000,25191000
15750,286,1,3490000,3490000
15751,80,1,9490000,9490000
15752,54,2,7115500,14231000
15753,252,1,225000,225000
15753,168,1,27990000,27990000
15754,213,1,17091000,17091000
15754,199,1,33291000,33291000
15754,14,1,225000,225000
15755,92,3,250000,750000
15756,289,1,11990000,11990000
15757,285,1,2490000,2490000
15758,78,1,450000,450000
15758,267,1,9490000,9490000
15758,26,1,31990000,31990000
15759,33,1,250000,250000
15760,130,1,7115500,7115500
15761,156,1,27990000,27990000
15761,103,1,22990000,22990000
15762,256,1,590000,590000
15763,143,1,2365500,2365500
15764,269,1,450000,450000
15765,68,1,1890000,1890000
15766,80,1,9490000,9490000
15767,146,1,5391000,5391000
15768,249,1,288000,316800
15769,270,2,5990000,11980000
15770,242,1,5990000,5990000
15770,266,1,114000,114000
15771,191,1,4740500,4740500
15772,262,1,712500,712500
15772,188,1,9990000,9990000
15773,3,1,590000,590000
15774,174,1,4990000,4990000
15775,80,2,9015500,18031000
15776,213,1,17091000,17091000
15777,82,2,2490000,4980000
15778,297,2,9490000,18980000
15779,102,1,2241000,2241000
15780,20,1,4590000,4590000
15781,257,1,10791000,10791000
15782,140,1,4491000,4491000
15783,25,1,3315500,3315500
15784,219,1,7990000,7990000
15785,235,1,3141000,3141000
15785,37,1,114000,114000
15785,200,1,26590500,26590500
15786,271,1,6490000,6490000
15786,256,1,590000,590000
15787,83,2,27990000,55980000
15788,161,1,18990000,18990000
15788,237,1,9015500,9015500
15789,178,2,2691000,5382000
15789,177,1,36990000,36990000
15789,173,2,18990000,37980000
15790,227,1,9990000,9990000
15791,215,1,25191000,25191000
15792,304,1,7990000,7990000
15793,320,1,320000,320000
15794,274,1,11990000,11990000
15795,162,1,18990000,18990000
15796,81,1,6490000,6490000
15797,257,1,11990000,11990000
15798,15,1,4990000,4990000
15799,124,1,2990000,2990000
15800,295,2,750000,1500000
15801,43,1,9490000,9490000
15802,132,1,4740500,4740500
15803,250,1,190000,190000
15803,228,1,2490000,2490000
15804,243,1,18040500,18040500
15805,123,2,2490000,4980000
15806,295,1,712500,712500
15807,248,1,11990000,11990000
15808,243,1,18990000,18990000
15808,166,1,3990000,3990000
15809,150,1,11691000,11691000
15810,135,1,5990000,5990000
15811,312,1,4740500,4740500
15812,90,1,427500,427500
15812,48,1,6490000,6490000
15813,92,1,237500,237500
15814,192,1,7990000,7990000
15815,298,1,6490000,6490000
15815,279,1,4590000,4590000
15816,5,1,7990000,7990000
15817,189,1,1701000,1701000
15817,198,1,11990000,11990000
15818,146,1,5690500,5690500
15819,42,1,9490000,8541000
15820,13,1,27990000,27990000
15821,102,1,2490000,2490000
15822,124,1,2840500,2840500
15823,255,1,25191000,25191000
15824,118,1,18990000,18990000
15825,135,1,5990000,5990000
15826,314,1,25191000,25191000
15827,266,1,120000,120000
15828,181,1,4990000,4990000
15829,140,1,4491000,4491000
15829,178,1,2990000,2990000
15829,245,1,8541000,8541000
15830,79,1,180500,180500
15830,141,1,6490000,6490000
15831,273,1,11390500,11390500
15832,33,1,225000,225000
15833,231,1,36990000,36990000
15834,263,1,4491000,4491000
15835,284,1,2990000,2990000
15835,263,1,4740500,4740500
15836,224,1,7191000,7191000
15837,145,1,2691000,2691000
15838,45,1,9015500,9015500
15839,221,1,18040500,18040500
15839,318,1,7590500,7590500
15839,79,2,180500,361000
15840,188,1,9990000,9990000
15841,22,3,4990000,14970000
15842,223,1,5391000,5391000
15842,59,1,4990000,4990000
15842,55,1,9990000,9990000
15843,220,1,12990000,12990000
15844,171,1,2490000,2490000
15845,2,1,35140500,35140500
15846,280,1,4590000,4590000
15846,295,1,750000,750000
15846,138,3,7490000,22470000
15847,56,1,5841000,5841000
15848,42,1,9015500,9015500
15849,82,1,2490000,2490000
15850,118,1,17091000,17091000
15851,151,1,3141000,3141000
15852,119,1,120000,120000
15852,244,1,30390500,30390500
15853,128,1,450000,450000
15854,85,1,27990000,27990000
15855,181,1,4740500,4740500
15856,262,1,750000,750000
15857,30,2,6490000,12980000
15858,101,1,18040500,18040500
15859,181,1,4990000,4990000
15860,181,1,4990000,4990000
15861,266,1,120000,120000
15862,167,1,33291000,33291000
15863,161,1,18990000,18990000
15864,277,1,6490000,6490000
15865,100,1,9490500,9490500
15866,317,1,31990000,31990000
15866,9,1,320000,320000
15867,31,1,5841000,5841000
15867,262,1,675000,675000
15868,61,1,750000,750000
15868,39,1,31990000,31990000
15869,17,1,304000,304000
15870,122,1,4990000,4990000
15870,44,1,2691000,2691000
15871,67,1,18040500,18040500
15872,256,1,590000,590000
15872,49,1,2365500,2365500
15872,300,1,1701000,1701000
15873,126,1,5391000,5391000
15873,62,1,25191000,25191000
15873,139,1,9015500,9015500
15874,73,1,11990000,11990000
15875,157,1,7191000,7191000
15876,61,1,750000,825000
15876,199,1,33291000,33291000
15877,199,1,36990000,36990000
15878,300,1,1890000,1890000
15879,41,1,171000,171000
15880,139,1,8541000,8541000
15881,68,1,1701000,1701000
15881,150,1,11691000,11691000
15882,296,1,20691000,20691000
15883,220,1,12990000,12990000
15884,21,1,7990000,7990000
15885,41,1,180500,180500
15886,206,1,590000,590000
15887,124,1,2840500,2840500
15888,185,1,2990000,2990000
15889,110,1,4990000,4990000
15890,195,1,2490000,2490000
15891,125,1,6490000,6490000
15891,157,2,7590500,15181000
15892,232,1,712500,712500
15893,222,1,36990000,36990000
15894,306,1,1795500,1795500
15895,89,1,3141000,3141000
15896,229,1,225000,225000
15896,7,1,6490000,6490000
15897,304,1,7191000,7191000
15898,231,1,33291000,33291000
15899,141,1,5841000,5841000
15900,231,1,36990000,36990000
15901,35,1,7590500,7590500
15902,41,1,171000,171000
15903,246,1,750000,750000
15904,110,1,4990000,4990000
15905,113,1,18990000,18990000
15906,87,1,4990000,4990000
15907,198,1,11990000,11990000
15907,279,3,4590000,13770000
15907,85,1,27990000,27990000
15908,120,3,3141000,9423000
15908,46,1,7990000,7990000
15908,196,1,4491000,4491000
15909,284,1,2990000,2990000
15909,244,1,28791000,28791000
15910,240,1,5690500,5690500
15911,223,1,5990000,5990000
15911,288,1,3990000,3990000
15912,7,1,6490000,6490000
15913,105,1,9490000,10439000
15914,70,1,1890000,1890000
15915,71,2,11390500,22781000
15915,218,1,1701000,1701000
15915,52,1,190000,190000
15916,279,1,4590000,4590000
15917,148,1,5990000,5391000
15918,26,1,31990000,31990000
15919,191,1,4740500,4740500
15919,110,1,4990000,4990000
15919,272,1,9015500,9917050
15920,38,3,11990000,35970000
15921,214,1,27990000,27990000
15922,41,1,190000,190000
15923,41,1,171000,171000
15924,127,1,6165500,6165500
15924,146,1,5990000,5990000
15924,243,1,18040500,18040500
15925,20,1,4590000,4590000
15925,277,1,6490000,6490000
15926,231,1,35140500,31626450
15927,90,1,450000,450000
15928,77,1,225000,225000
15929,168,1,26590500,26590500
15930,112,1,25191000,25191000
15931,215,1,27990000,27990000
15932,121,1,190000,190000
15933,217,1,20691000,20691000
15934,24,1,6490000,6490000
15935,319,1,2840500,2840500
15936,197,1,750000,750000
15936,235,1,3490000,3490000
15937,222,1,36990000,36990000
15938,320,1,304000,304000
15939,121,1,180500,180500
15940,174,2,4990000,9980000
15941,248,1,11990000,11990000
15942,156,1,27990000,27990000
15943,185,1,2840500,2840500
15944,14,1,250000,250000
15945,226,1,18990000,18990000
15946,283,1,9490000,9490000
15947,21,1,7191000,7191000
15948,73,1,11990000,11990000
15949,236,1,7990000,7990000
15950,216,1,3990000,3990000
15950,183,1,2490000,2490000
15951,33,3,237500,712500
15951,221,1,18990000,18990000
15952,319,1,2691000,2691000
15952,24,1,6490000,6490000
15953,32,1,11990000,11990000
15953,196,1,4990000,4990000
15954,64,1,18040500,18040500
15955,224,3,7990000,23970000
15955,103,2,21840500,43681000
15956,167,1,36990000,36990000
15957,170,2,18990000,37980000
15958,172,1,3490000,3490000
15959,184,1,6490000,6490000
15960,101,1,18990000,18990000
15961,21,1,7990000,7990000
15961,122,1,4740500,4740500
15962,227,1,8991000,8991000
15963,293,1,2691000,2691000
15963,274,1,11390500,11390500
15964,126,1,5990000,5990000
15964,246,1,750000,750000
15965,193,1,35140500,35140500
15966,149,2,28791000,57582000
15967,187,1,4491000,4491000
15968,18,1,9490000,9490000
15969,309,1,36990000,36990000
15970,113,1,18040500,18040500
15971,282,2,7990000,15980000
15971,162,1,18990000,18990000
15972,51,1,450000,450000
15973,35,1,7590500,7590500
15974,211,1,6165500,6165500
15974,229,1,250000,250000
15974,280,2,4590000,9180000
15975,46,1,7191000,7191000
15975,180,1,2990000,2990000
15976,134,1,6165500,6165500
15977,22,1,4990000,4990000
15978,190,1,2840500,2840500
15979,225,1,27990000,27990000
15980,302,1,33291000,33291000
15980,75,1,6490000,6490000
15981,144,1,4990000,4990000
15982,170,1,18990000,18990000
15983,71,1,11990000,11990000
15983,78,1,405000,405000
15984,137,1,3990000,3990000
15985,125,1,6490000,6490000
15985,113,1,18990000,18990000
15986,290,1,18990000,18990000
15986,155,2,27990000,55980000
15987,285,1,2490000,2490000
15988,306,3,1701000,5103000
15988,293,1,2840500,2840500
15989,68,1,1701000,1701000
15990,98,1,36990000,36990000
15990,28,1,4590000,4590000
15991,94,1,5690500,5690500
15991,99,1,12340500,12340500
15992,126,1,5990000,5990000
15992,289,1,10791000,10791000
15993,306,1,1701000,1701000
15994,308,1,20691000,20691000
15995,307,1,3315500,2983950
15996,278,1,6490000,6490000
15997,90,1,427500,427500
15997,45,2,9490000,18980000
15997,267,1,9490000,9490000
15998,12,1,25191000,25191000
15999,211,3,6165500,18496500
15999,140,1,4740500,4740500
16000,235,1,3141000,3141000
16000,255,1,27990000,27990000
16001,234,1,7990000,7191000
16001,25,1,3141000,3141000
16002,183,1,2490000,2490000
16002,282,1,7990000,7990000
16002,202,1,11990000,11990000
16003,159,1,12990000,12990000
16004,280,1,4590000,4590000
16004,183,1,2490000,2490000
16004,270,1,5990000,5990000
16005,234,1,7191000,7191000
16006,238,1,35140500,35140500
16006,311,1,3990000,4389000
16007,271,1,6490000,6490000
16008,243,1,18990000,18990000
16009,96,1,2691000,2691000
16010,199,1,36990000,36990000
16010,236,1,7191000,7191000
16011,40,1,1795500,1795500
16012,254,1,7990000,7990000
16013,69,3,4740500,14221500
16013,152,1,22990000,22990000
16014,6,1,5391000,5391000
16015,203,1,27990000,27990000
16016,249,1,304000,304000
16016,176,3,31990000,95970000
16017,122,1,4990000,4990000
16018,205,1,5841000,5841000
16018,201,1,4491000,4491000
16019,265,1,28791000,28791000
16020,36,1,180500,180500
16021,57,2,36990000,73980000
16021,261,1,9490000,9490000
16022,18,1,8541000,8541000
16023,274,1,11390500,11390500
16023,171,1,2490000,2490000
16023,25,1,3315500,3315500
16024,67,1,17091000,17091000
16025,118,1,18990000,18990000
16026,167,1,36990000,36990000
16027,45,1,9490000,9490000
16027,8,2,1701000,3402000
16028,193,1,36990000,36990000
16029,175,1,2241000,2241000
16030,113,1,18040500,18040500
16031,295,2,675000,1350000
16031,133,1,25191000,25191000
16032,250,1,190000,190000
16033,162,2,18040500,36081000
16034,193,1,36990000,36990000
16035,177,1,36990000,36990000
16036,138,1,6741000,6741000
16036,161,1,17091000,17091000
16037,185,1,2990000,2990000
16037,113,1,18040500,18040500
16037,232,2,712500,1425000
16038,197,1,675000,675000
16038,258,2,5690500,11381000
16038,167,1,33291000,33291000
16039,34,1,18990000,18990000
16040,202,1,11990000,11990000
16041,116,1,17091000,17091000
16041,263,1,4990000,4990000
16041,62,1,26590500,26590500
16042,3,1,590000,590000
16043,230,1,250000,250000
16043,153,1,120000,120000
16043,127,1,6490000,6490000
16044,77,1,250000,250000
16045,43,2,9490000,18980000
16045,90,1,450000,450000
16046,162,1,17091000,17091000
16046,167,1,36990000,36990000
16047,251,1,27990000,27990000
16047,82,1,2490000,2490000
16048,91,1,4990000,4990000
16049,85,1,26590500,26590500
16049,64,1,17091000,17091000
16050,181,1,4990000,4990000
16050,186,1,9015500,9015500
16051,81,1,6490000,6490000
16052,59,1,4990000,4990000
16052,153,1,120000,120000
16053,2,1,33291000,33291000
16054,34,1,18040500,18040500
16055,194,1,6490000,6490000
16055,139,1,8541000,8541000
16056,248,1,11390500,11390500
16057,127,1,6490000,6490000
16058,303,2,18040500,36081000
16058,153,1,120000,120000
16059,154,1,22990000,22990000
16059,90,1,450000,405000
16060,309,1,36990000,36990000
16060,162,1,18040500,18040500
16061,64,1,17091000,17091000
16062,279,1,4131000,4131000
16062,240,1,5990000,5990000
16062,31,3,6490000,19470000
16063,262,1,750000,750000
16063,25,1,3315500,3315500
16063,40,1,1701000,1701000
16064,265,1,30390500,30390500
16065,33,1,250000,250000
16065,143,1,2241000,2241000
16065,122,1,4740500,4740500
16066,112,1,27990000,27990000
16067,214,1,27990000,27990000
16067,257,1,11990000,11990000
16068,56,1,6490000,6490000
16068,133,1,27990000,27990000
16068,228,1,2241000,2241000
16069,223,1,5990000,5990000
16070,308,1,22990000,22990000
16071,52,1,190000,190000
16071,61,1,750000,750000
16071,286,1,3490000,3490000
16072,98,1,36990000,36990000
16073,242,1,5990000,5990000
16074,59,1,4990000,4990000
16075,206,1,590000,590000
16076,304,3,7990000,23970000
16077,199,1,36990000,36990000
16078,249,1,320000,288000
16079,123,1,2365500,2365500
16080,183,1,2365500,2365500
16081,305,1,1795500,1795500
16082,144,1,4740500,4740500
16083,85,2,25191000,50382000
16084,40,1,1890000,1890000
16085,275,1,5990000,5990000
16086,220,1,11691000,11691000
16086,306,2,1890000,3780000
16087,119,1,120000,120000
16087,217,1,21840500,21840500
16087,307,1,3315500,3315500
16088,19,1,11990000,11990000
16089,216,1,3990000,3990000
16089,172,1,3141000,3141000
16090,15,1,4740500,4740500
16091,274,1,11990000,11990000
16092,57,1,36990000,36990000
16093,188,1,8991000,8991000
16094,126,1,5990000,5990000
16095,5,1,7990000,7990000
16096,305,1,1890000,1890000
16097,114,1,31990000,31990000
16098,150,2,12990000,25980000
16099,79,3,190000,570000
16099,262,1,750000,750000
16099,2,1,36990000,36990000
16100,245,1,9490000,9490000
16101,95,1,7191000,7191000
16102,87,3,4990000,14970000
16103,75,1,5841000,5841000
16104,73,1,10791000,10791000
16105,38,1,11990000,11990000
16106,132,1,4990000,4990000
16107,165,1,6490000,6490000
16107,59,1,4740500,4740500
16108,143,1,2365500,2365500
16109,168,1,27990000,27990000
16109,147,1,10791000,10791000
16109,86,3,18990000,56970000
16110,251,1,26590500,26590500
16111,225,1,26590500,26590500
16111,71,1,11390500,11390500
16112,199,1,36990000,36990000
16112,300,1,1890000,1890000
16113,263,1,4491000,4491000
16114,272,1,8541000,8541000
16115,101,1,18040500,18040500
16115,159,1,12990000,12990000
16116,215,1,27990000,27990000
16117,242,3,5990000,17970000
16118,175,2,2490000,4980000
16118,19,1,11990000,11990000
16119,172,2,3315500,6631000
16120,102,1,2490000,2490000
16121,208,2,108000,216000
16121,5,1,7990000,7990000
16122,59,1,4990000,4990000
16123,12,1,26590500,26590500
16123,159,1,12990000,12990000
16124,257,2,11990000,23980000
16125,139,1,9490000,9490000
16126,232,1,675000,675000
16127,45,1,9490000,9490000
16128,150,1,11691000,11691000
16129,102,1,2241000,2241000
16130,183,1,2490000,2490000
16131,42,1,8541000,8541000
16132,68,1,1701000,1701000
16133,37,1,120000,120000
16133,162,1,18040500,18040500
16134,198,1,11990000,11990000
16135,70,2,1890000,3780000
16136,105,1,9490000,9490000
16137,293,1,2990000,2990000
16138,311,1,3990000,3990000
16139,135,1,5990000,5990000
16140,179,1,320000,320000
16140,180,1,2990000,2990000
16141,195,1,2490000,2490000
16142,87,1,4990000,4990000
16143,200,1,27990000,27990000
16144,162,2,18990000,37980000
16144,242,1,5990000,5990000
16145,2,1,35140500,35140500
16146,285,1,2365500,2365500
16147,242,1,5391000,5391000
16148,142,1,9490000,9490000
16149,9,1,320000,320000
16149,121,1,190000,190000
16150,185,1,2691000,2691000
16151,141,1,5841000,5841000
16152,180,1,2990000,2990000
16153,157,1,7590500,7590500
16154,78,1,450000,450000
16154,229,2,250000,500000
16155,72,1,7191000,7191000
16156,29,1,250000,250000
16157,267,1,9490000,9490000
16158,238,1,36990000,36990000
16159,138,1,7490000,7490000
16159,91,2,4990000,9980000
16160,172,1,3490000,3490000
16161,213,1,18990000,18990000
16162,76,1,22990000,22990000
16163,109,1,590000,590000
16164,209,1,9490500,9490500
16165,165,1,5841000,5841000
16166,162,1,18990000,18990000
16167,45,2,8541000,17082000
16167,285,1,2490000,2490000
16167,5,1,7990000,7990000
16168,7,1,6490000,6490000
16168,180,1,2840500,2840500
16168,93,1,7990000,7990000
16169,264,1,9490500,9490500
16170,178,1,2840500,2840500
16171,198,2,10791000,21582000
16172,35,1,7590500,7590500
16173,25,1,3490000,3490000
16174,187,1,4491000,4491000
16175,200,1,26590500,26590500
16176,46,1,7990000,7990000
16176,115,1,31990000,31990000
16177,262,1,750000,750000
16177,242,1,5990000,5990000
16178,157,1,7990000,7990000
16179,45,1,9015500,9015500
16180,136,1,4491000,4491000
16181,37,1,114000,114000
16182,281,1,3591000,3591000
16183,226,1,18040500,18040500
16183,194,1,6490000,6490000
16184,83,1,26590500,26590500
16185,86,1,18990000,18990000
16185,256,2,590000,1180000
16186,314,1,27990000,27990000
16187,194,1,6490000,6490000
16187,216,1,3591000,3591000
16188,317,1,30390500,30390500
16189,55,1,9490500,9490500
16190,268,1,450000,450000
16190,135,1,5690500,5690500
16191,231,1,36990000,36990000
16191,152,1,22990000,22990000
16192,287,1,4491000,4491000
16192,181,1,4990000,4990000
16192,210,1,6165500,6165500
16193,134,1,6490000,6490000
16194,106,2,7990000,15980000
16195,311,1,3990000,3990000
16196,205,1,5841000,5841000
16197,121,1,171000,171000
16198,135,1,5990000,5990000
16199,254,1,7990000,7990000
16199,153,1,114000,114000
16200,289,1,11990000,11990000
16201,119,1,120000,120000
16202,75,1,6490000,6490000
16202,294,1,5990000,5990000
16203,14,1,225000,225000
16204,186,1,9490000,9490000
16204,196,2,4491000,8982000
16205,65,1,18990000,18990000
16205,176,1,31990000,31990000
16206,124,1,2840500,2840500
16207,242,1,5690500,6259550
16208,19,1,10791000,10791000
16209,310,1,5990000,5990000
16209,285,2,2490000,4980000
16210,43,1,8541000,8541000
16210,28,1,4360500,4360500
16211,134,1,6490000,6490000
16212,156,1,26590500,26590500
16213,24,3,5841000,17523000
16213,210,1,5841000,5841000
16214,135,1,5391000,5391000
16215,53,1,9490000,9490000
16216,22,1,4990000,4990000
16217,60,1,11990000,11990000
16218,105,1,8541000,8541000
16219,16,1,27990000,27990000
16219,38,1,11390500,11390500
16220,199,1,35140500,35140500
16221,88,1,7990000,7990000
16221,70,1,1795500,1795500
16222,236,1,7191000,7191000
16222,272,2,8541000,15373800
16223,217,1,21840500,21840500
16224,242,1,5990000,5990000
16225,128,1,450000,450000
16226,198,1,11390500,11390500
16226,233,1,237500,237500
16226,100,1,9990000,9990000
16227,96,1,2840500,2840500
16228,206,1,531000,531000
16229,33,1,250000,250000
16230,107,1,320000,320000
16231,315,1,4360500,4360500
16232,8,1,1795500,1795500
16232,156,1,26590500,26590500
16233,265,1,30390500,30390500
16234,77,1,250000,250000
16234,21,1,7990000,7990000
16235,111,1,7490000,7490000
16235,18,1,9490000,9490000
16236,315,1,4590000,4590000
16237,187,1,4990000,4990000
16237,94,2,5990000,11980000
16238,16,3,25191000,75573000
16239,310,1,5990000,5990000
16240,161,1,18990000,18990000
16241,320,1,320000,320000
16242,315,1,4590000,4590000
16243,261,1,8541000,7686900
16244,16,1,27990000,27990000
16245,31,3,6490000,19470000
16246,153,1,120000,120000
16246,179,2,288000,576000
16247,110,1,4740500,4740500
16247,265,1,31990000,31990000
16248,145,1,2990000,2990000
16249,193,2,36990000,73980000
16250,98,1,36990000,36990000
16251,263,1,4740500,4740500
16251,144,1,4990000,4990000
16252,143,1,2241000,2241000
16253,223,1,5990000,5990000
16254,233,1,250000,250000
16255,92,2,250000,500000
16255,64,1,18040500,18040500
16256,202,1,10791000,10791000
16257,158,1,2990000,2990000
16257,122,1,4990000,4990000
16258,54,1,7490000,7490000
16259,81,1,6490000,6490000
16259,238,1,35140500,35140500
16260,260,1,18040500,18040500
16261,304,1,7990000,7990000
16262,146,1,5990000,5990000
16262,94,1,5990000,5990000
16263,317,1,31990000,31990000
16264,68,1,1795500,1795500
16265,50,1,9490000,9490000
16266,214,1,27990000,27990000
16267,178,1,2691000,2691000
16268,270,1,5990000,5990000
16268,88,2,7990000,15980000
16269,244,1,31990000,31990000
16269,52,1,171000,171000
16270,193,2,35140500,70281000
16270,151,1,3490000,3490000
16270,286,1,3490000,3490000
16271,194,1,6490000,6490000
16272,287,1,4990000,4990000
16273,157,1,7990000,7990000
16274,90,1,450000,450000
16275,253,1,1795500,1795500
16276,226,1,18990000,18990000
16277,307,1,3315500,3315500
16277,147,1,10791000,10791000
16278,319,1,2990000,2990000
16279,56,1,6490000,6490000
16280,177,1,36990000,36990000
16280,290,3,18990000,56970000
16281,295,1,750000,750000
16282,211,2,6490000,12980000
16283,62,3,25191000,75573000
16284,198,1,11390500,11390500
16284,12,1,27990000,27990000
16285,108,2,31990000,63980000
16286,201,1,4990000,4990000
16287,5,1,7990000,7990000
16287,249,1,288000,288000
16288,104,1,18990000,18990000
16288,276,2,6490000,12980000
16289,71,1,11390500,11390500
16290,161,1,18990000,18990000
16291,167,1,36990000,36990000
16292,118,1,17091000,17091000
16293,111,1,7490000,7490000
16294,143,1,2490000,2490000
16294,118,1,18040500,18040500
16295,3,1,560500,560500
16296,280,1,4590000,4590000
16297,270,1,5990000,5990000
16297,83,1,26590500,26590500
16298,108,1,28791000,28791000
16299,7,1,6490000,6490000
16300,45,1,9490000,9490000
16300,135,1,5990000,5990000
16301,128,1,450000,450000
16301,55,2,9490500,18981000
16301,7,1,6490000,6490000
16302,134,1,6165500,6165500
16303,272,1,9490000,9490000
16304,248,1,11390500,11390500
16305,82,1,2365500,2365500
16306,310,1,5990000,5990000
16307,155,1,25191000,25191000
16308,49,1,2365500,2365500
16309,25,1,3490000,3490000
16310,260,1,18040500,18040500
16311,151,1,3315500,3315500
16311,242,2,5990000,11980000
16312,89,1,3315500,2983950
16313,107,1,320000,320000
16313,212,1,7990000,7990000
16314,162,1,18040500,18040500
16315,112,1,25191000,25191000
16315,195,1,2490000,2490000
16316,171,1,2365500,2365500
16317,215,1,27990000,27990000
16318,252,1,250000,250000
16319,189,1,1795500,1795500
16320,287,1,4491000,4491000
16320,15,1,4990000,4990000
16321,233,1,237500,237500
16321,91,1,4491000,4491000
16321,52,1,180500,180500
16322,208,1,120000,120000
16323,300,1,1890000,1890000
16324,304,1,7191000,7191000
16324,77,1,250000,250000
16325,54,1,6741000,6741000
16325,216,1,3591000,3591000
16326,52,1,171000,171000
16327,234,1,7990000,7990000
16328,65,1,18990000,18990000
16329,32,1,11990000,11990000
16330,133,1,25191000,25191000
16331,30,1,5841000,5841000
16332,97,1,4131000,4131000
16333,28,1,4590000,4590000
16334,49,1,2490000,2490000
16335,26,1,31990000,31990000
16336,101,1,17091000,17091000
16336,26,1,28791000,28791000
16337,255,1,27990000,27990000
16338,114,1,31990000,28791000
16339,19,1,11390500,11390500
16339,214,1,27990000,27990000
16340,6,1,5391000,5391000
16341,310,1,5690500,6259550
16342,284,1,2691000,2691000
16343,163,1,17091000,17091000
16344,7,1,6490000,6490000
16345,209,1,9990000,9990000
16345,116,1,18990000,18990000
16346,138,1,7490000,7490000
16347,246,1,750000,750000
16348,12,1,27990000,27990000
16349,317,1,31990000,31990000
16349,243,1,18990000,18990000
16350,29,1,225000,225000
16350,105,1,9015500,9015500
16350,305,1,1795500,1795500
16351,188,3,9490500,28471500
16352,98,1,36990000,36990000
16353,310,1,5990000,5990000
16354,170,1,18990000,18990000
16355,36,1,190000,190000
16356,254,1,7590500,7590500
16357,141,1,5841000,5841000
16358,244,2,28791000,57582000
16358,128,1,450000,450000
16359,193,1,33291000,33291000
16359,258,1,5990000,5990000
16360,146,1,5391000,5391000
16360,9,1,320000,320000
16361,127,1,6490000,6490000
16361,79,1,171000,171000
16362,174,1,4990000,4990000
16363,126,1,5990000,5990000
16364,120,1,3490000,3490000
16364,62,1,26590500,26590500
16365,173,1,18990000,18990000
16366,5,1,7990000,7990000
16367,157,1,7990000,7990000
16368,153,1,120000,120000
16368,91,1,4740500,4740500
16369,90,1,450000,450000
16370,241,1,4590000,4590000
16370,161,1,18040500,18040500
16371,173,2,17091000,34182000
16372,225,1,27990000,27990000
16373,49,1,2365500,2365500
16374,176,1,31990000,31990000
16375,79,1,190000,190000
16375,233,1,237500,237500
16375,48,2,6490000,12980000
16376,318,1,7990000,7990000
16376,78,1,450000,450000
16377,126,2,5990000,11980000
16378,1,1,1890000,1890000
16378,215,1,26590500,26590500
16378,207,1,3990000,3990000
16379,81,1,6165500,6165500
16379,48,1,5841000,5841000
16380,298,2,6165500,12331000
16381,140,1,4990000,4990000
16382,143,1,2241000,2241000
16383,269,1,427500,427500
16384,89,1,3490000,3490000
16385,257,1,11990000,11990000
16386,180,1,2840500,2840500
16387,248,1,11990000,11990000
16387,306,1,1701000,1701000
16388,42,1,9490000,9490000
16389,285,1,2490000,2490000
16390,46,1,7590500,7590500
16391,249,1,288000,288000
16391,220,2,12340500,24681000
16392,314,1,27990000,27990000
16393,166,1,3990000,3990000
16393,16,2,27990000,55980000
16394,198,1,11990000,11990000
16394,240,1,5690500,5690500
16395,103,2,22990000,45980000
16396,92,1,250000,250000
16397,159,1,12990000,12990000
16397,72,1,7990000,7990000
16398,273,1,11990000,11990000
16399,309,1,36990000,36990000
16400,96,2,2840500,5681000
16401,266,1,114000,114000
16401,232,1,712500,712500
16401,84,2,9490000,18980000
16402,135,1,5990000,5990000
16402,309,1,36990000,36990000
16402,43,2,8541000,17082000
16403,268,2,450000,900000
16403,26,1,31990000,31990000
16404,130,2,7490000,14980000
16405,184,1,6490000,6490000
16405,184,2,6490000,12980000
16406,44,1,2691000,2691000
16406,316,1,2990000,2990000
16407,179,1,288000,288000
16408,205,1,6490000,6490000
16409,133,1,27990000,27990000
16410,226,1,17091000,17091000
16411,52,1,171000,171000
16412,41,1,190000,190000
16413,90,1,405000,405000
16414,265,1,31990000,31990000
16415,263,1,4990000,4990000
16415,96,1,2990000,2990000
16416,7,1,6165500,6165500
16417,283,1,9490000,9490000
16417,124,1,2840500,2840500
16417,188,1,9990000,9990000
16418,158,1,2990000,2990000
16419,149,1,31990000,31990000
16420,5,2,7191000,14382000
16420,18,1,9490000,9490000
16421,226,1,18990000,18990000
16422,303,1,17091000,17091000
16423,238,1,36990000,36990000
16424,126,2,5990000,11980000
16425,92,1,250000,250000
16426,314,1,27990000,27990000
16427,199,1,33291000,33291000
16428,255,1,25191000,25191000
16429,154,1,20691000,20691000
16430,232,1,675000,675000
16431,189,1,1795500,1795500
16432,74,1,5990000,5990000
16433,176,1,31990000,31990000
16434,8,1,1890000,1890000
16434,245,1,9490000,9490000
16435,71,1,11390500,11390500
16436,247,1,10791000,10791000
16437,166,1,3990000,3990000
16438,11,1,33291000,33291000
16439,258,3,5690500,18778650
16439,184,1,6490000,6490000
16439,182,1,35140500,35140500
16440,33,1,250000,250000
16440,228,1,2365500,2365500
16441,220,1,12990000,12990000
16441,69,1,4990000,4990000
16442,177,1,35140500,35140500
16443,297,1,8541000,8541000
16444,272,1,9490000,9490000
16445,195,1,2490000,2241000
16446,228,1,2365500,2365500
16447,286,1,3490000,3490000
16448,163,1,18990000,18990000
16448,88,1,7590500,7590500
16449,80,2,8541000,17082000
16450,131,1,26590500,26590500
16451,156,1,26590500,26590500
16452,199,1,36990000,36990000
16453,137,1,3990000,3990000
16453,117,2,11990000,23980000
16453,238,1,36990000,36990000
16454,212,1,7990000,7990000
16454,292,1,6165500,6165500
16455,2,1,36990000,36990000
16456,302,2,36990000,73980000
16457,169,1,3315500,3315500
16458,276,1,6490000,6490000
16459,55,3,9990000,29970000
16460,52,1,190000,190000
16461,305,2,1701000,3402000
16462,203,1,26590500,26590500
16463,15,1,4990000,4990000
16464,70,1,1795500,1795500
16465,153,1,108000,108000
16466,221,2,18040500,36081000
16467,296,1,22990000,22990000
16467,266,1,108000,108000
16467,187,1,4740500,4740500
16468,115,1,30390500,30390500
16469,191,1,4990000,4990000
16470,287,1,4990000,4990000
16470,167,1,33291000,33291000
16470,210,1,6490000,6490000
16471,153,1,120000,120000
16472,34,1,18990000,18990000
16473,51,1,405000,405000
16474,265,2,30390500,60781000
16475,138,1,6741000,6741000
16476,184,1,6490000,6490000
16476,86,1,17091000,17091000
16477,270,1,5990000,5990000
16477,238,1,36990000,36990000
16478,315,1,4590000,4590000
16478,162,1,18040500,18040500
16479,218,3,1890000,5670000
16480,19,1,10791000,10791000
16480,314,1,26590500,26590500
16481,97,2,4590000,9180000
16481,94,1,5391000,5391000
16482,56,1,6490000,6490000
16483,122,1,4990000,4990000
16484,8,1,1795500,1795500
16485,27,1,12990000,12990000
16486,149,1,28791000,28791000
16487,282,1,7191000,7191000
16488,115,1,31990000,31990000
16489,216,1,3990000,3990000
16490,102,1,2365500,2365500
16491,77,2,250000,500000
16491,135,2,5990000,11980000
16492,98,1,36990000,36990000
16493,254,1,7990000,7990000
16493,253,1,1890000,1890000
16494,128,3,450000,1350000
16495,113,1,18040500,18040500
16496,312,1,4990000,4990000
16497,14,1,250000,250000
16498,107,1,288000,288000
16499,86,2,17091000,34182000
16500,48,1,6165500,6165500
16501,279,1,4360500,4360500
16502,101,1,18990000,17091000
16503,212,1,7990000,7990000
16504,302,2,36990000,73980000
16505,298,1,6490000,6490000
16506,266,1,114000,114000
16506,209,1,8991000,8991000
16507,71,1,10791000,10791000
16508,156,1,27990000,27990000
16508,244,1,30390500,30390500
16509,302,1,36990000,36990000
16509,1,1,1890000,1890000
16510,15,1,4740500,4740500
16510,153,1,120000,120000
16510,15,1,4990000,4990000
16511,208,2,120000,240000
16512,120,1,3141000,3141000
16513,308,1,20691000,20691000
16514,130,1,6741000,6741000
16515,17,1,320000,320000
16515,228,2,2241000,4482000
16516,259,1,35140500,35140500
16516,213,1,17091000,17091000
16517,116,1,18990000,18990000
16517,109,1,590000,590000
16517,312,1,4990000,4990000
16518,45,1,8541000,8541000
16519,214,1,26590500,26590500
16520,200,1,27990000,27990000
16520,41,1,180500,180500
16521,170,2,17091000,34182000
16521,133,1,25191000,25191000
16521,167,1,33291000,33291000
16522,292,1,6490000,6490000
16523,150,1,12990000,12990000
16524,140,1,4990000,4990000
16525,14,1,237500,237500
16525,307,1,3490000,3490000
16526,18,1,9490000,9490000
16527,83,1,27990000,27990000
16528,4,1,320000,320000
16528,54,1,7115500,7115500
16529,32,1,11990000,13189000
16530,8,1,1890000,1890000
16530,180,1,2990000,2990000
16530,265,3,31990000,95970000
16531,93,1,7191000,7191000
16532,82,3,2365500,7096500
16533,292,1,6490000,6490000
16534,306,1,1701000,1701000
16535,178,1,2990000,2990000
16535,117,1,11990000,11990000
16536,14,1,250000,250000
16537,48,2,6490000,12980000
16537,184,1,6490000,6490000
16538,29,1,250000,250000
16539,245,1,9490000,9490000
16540,96,1,2691000,2691000
16541,213,1,18990000,18990000
16541,91,1,4740500,4740500
16542,263,1,4740500,4740500
16543,238,1,33291000,33291000
16543,83,1,26590500,26590500
16544,201,1,4990000,4990000
16545,89,1,3490000,3490000
16545,30,1,6490000,6490000
16546,116,1,18990000,18990000
16547,303,1,18990000,18990000
16547,130,1,7490000,7490000
16548,45,1,8541000,8541000
16549,51,1,427500,427500
16549,142,1,9490000,9490000
16549,200,1,26590500,26590500
16550,158,1,2990000,2990000
16550,319,2,2691000,5382000
16551,183,1,2490000,2490000
16552,250,1,190000,190000
16553,154,1,21840500,21840500
16553,289,1,11990000,11990000
16553,300,1,1795500,1795500
16554,159,1,12990000,12990000
16555,164,1,3990000,3990000
16556,218,1,1890000,1890000
16557,95,1,7990000,7990000
16557,229,1,225000,225000
16558,169,1,3490000,3490000
16559,94,2,5690500,11381000
16559,30,1,6490000,6490000
16560,129,1,2990000,2990000
16560,273,1,10791000,10791000
16561,22,1,4491000,4491000
16562,279,1,4590000,4590000
16563,107,1,288000,288000
16563,248,3,11990000,35970000
16564,139,1,9490000,9490000
16565,61,1,750000,750000
16566,159,1,11691000,11691000
16567,230,1,237500,237500
16568,268,2,405000,810000
16569,216,1,3990000,3990000
16570,40,1,1795500,1795500
16571,81,1,6490000,6490000
16572,156,2,27990000,55980000
16572,158,1,2691000,2691000
16572,23,1,36990000,40689000
16573,8,1,1890000,1890000
16574,37,1,108000,108000
16575,159,1,12340500,13574550
16576,183,1,2490000,2490000
16576,33,2,250000,500000
16577,274,1,11390500,11390500
16577,234,1,7990000,7990000
16578,244,1,31990000,31990000
16579,282,1,7990000,7990000
16579,122,2,4740500,9481000
16579,166,1,3990000,3990000
16580,185,1,2840500,2840500
16581,93,1,7191000,7191000
16582,219,1,7990000,7990000
16583,45,2,9490000,18980000
16584,119,2,120000,240000
16584,221,1,18990000,18990000
16585,170,1,18990000,18990000
16586,121,1,190000,190000
16587,37,1,120000,120000
16588,239,1,6165500,6165500
16588,269,1,427500,427500
16589,138,1,7490000,7490000
16590,80,1,8541000,8541000
16591,159,1,12340500,12340500
16592,187,1,4990000,4990000
16593,238,3,36990000,110970000
16594,120,1,3490000,3490000
16594,47,1,6490000,6490000
16595,107,1,320000,320000
16595,270,1,5990000,5990000
16595,172,1,3315500,3315500
16596,281,1,3990000,3990000
16597,145,1,2691000,2691000
16597,175,1,2365500,2365500
16597,56,1,6490000,6490000
16598,295,1,750000,750000
16599,168,1,27990000,27990000
16600,13,1,27990000,27990000
16601,300,1,1890000,1890000
16602,170,1,17091000,17091000
16603,187,1,4990000,4990000
16603,68,1,1795500,1795500
16604,113,1,18040500,18040500
16605,274,1,11990000,11990000
16606,311,2,3790500,7581000
16606,207,1,3591000,3591000
16606,63,1,5690500,5690500
16607,160,1,2990000,2990000
16607,120,1,3141000,3141000
16607,173,1,18990000,18990000
16608,90,1,427500,427500
16609,161,1,17091000,17091000
16610,314,1,27990000,27990000
16611,258,1,5391000,5391000
16611,133,2,27990000,55980000
16612,209,1,9990000,9990000
16613,242,1,5690500,5690500
16613,163,1,18990000,18990000
16614,5,1,7990000,7990000
16614,102,1,2365500,2365500
16615,117,1,11990000,11990000
16616,267,1,8541000,8541000
16616,128,1,450000,450000
16617,3,1,560500,560500
16618,84,1,9490000,9490000
16618,297,1,9490000,9490000
16619,250,1,190000,190000
16620,78,1,405000,405000
16621,78,1,450000,450000
16621,158,1,2691000,2691000
16621,109,1,590000,590000
16622,227,1,9990000,9990000
16622,214,1,27990000,27990000
16623,124,1,2990000,2990000
16624,206,2,560500,1121000
16625,21,1,7990000,7990000
16626,43,1,8541000,8541000
16627,264,2,9990000,19980000
16628,6,1,5990000,5990000
16629,30,1,6490000,6490000
16629,61,2,750000,1500000
16629,132,1,4990000,4990000
16630,44,1,2840500,2840500
16631,274,1,11990000,11990000
16631,102,2,2490000,4980000
16632,231,1,35140500,35140500
16633,130,1,6741000,6741000
16633,44,1,2990000,2990000
16633,174,1,4990000,4990000
16634,92,1,250000,250000
16635,64,1,18040500,18040500
16636,148,2,5990000,11980000
16636,208,1,120000,120000
16636,85,1,27990000,27990000
16637,115,1,30390500,30390500
16638,6,1,5990000,5990000
16639,145,1,2990000,2990000
16640,46,1,7990000,7990000
16641,67,1,18990000,18990000
16642,122,1,4990000,4990000
16643,238,1,35140500,35140500
16644,157,1,7191000,7191000
16644,254,1,7990000,7990000
16645,88,1,7590500,7590500
16646,75,3,6490000,19470000
16646,142,1,9015500,9015500
16647,69,2,4990000,9980000
16648,316,1,2990000,2990000
16649,141,1,6165500,6165500
16650,33,1,250000,250000
16651,164,1,3591000,3591000
16652,126,1,5990000,5990000
16653,98,1,36990000,36990000
16654,168,1,27990000,27990000
16655,188,1,9490500,9490500
16656,7,1,6490000,6490000
16657,270,2,5990000,11980000
16658,12,1,27990000,27990000
16659,40,1,1701000,1701000
16660,73,3,11390500,34171500
16660,122,2,4990000,9980000
16661,88,1,7191000,7191000
16662,219,3,7990000,23970000
16662,187,1,4740500,4740500
16663,318,2,7590500,15181000
16664,98,1,33291000,33291000
16665,264,1,9990000,9990000
16666,310,1,5990000,5990000
16667,198,1,11990000,11990000
16668,210,1,6490000,6490000
16669,204,1,9490000,9490000
16669,303,1,18990000,18990000
16670,147,1,11390500,11390500
16670,255,1,27990000,27990000
16671,56,1,6490000,6490000
16672,208,1,108000,108000
16673,180,1,2691000,2691000
16674,236,1,7590500,7590500
16675,293,1,2840500,2840500
16676,245,1,9490000,9490000
16676,196,2,4990000,8982000
16677,204,1,9490000,9490000
16677,153,2,120000,240000
16678,143,1,2490000,2490000
16679,310,1,5990000,5990000
16679,80,1,9015500,9015500
16680,48,1,6490000,6490000
16680,194,1,6490000,6490000
16681,203,1,26590500,26590500
16681,299,1,3315500,3315500
16681,224,1,7191000,7191000
16682,270,1,5690500,5690500
16683,250,1,180500,180500
16683,301,1,3591000,3591000
16683,88,1,7191000,7191000
16684,17,1,320000,320000
16685,170,1,17091000,17091000
16686,5,1,7590500,7590500
16686,211,1,6490000,6490000
16687,15,1,4740500,4740500
16688,165,1,6490000,6490000
16688,227,1,8991000,8991000
16688,260,1,18040500,18040500
16689,179,1,288000,288000
16690,265,1,31990000,31990000
16690,168,1,27990000,27990000
16690,186,1,9490000,9490000
16691,123,1,2490000,2490000
16692,115,1,30390500,30390500
16693,176,1,31990000,31990000
16694,193,1,36990000,36990000
16694,199,1,33291000,33291000
16694,130,2,6741000,13482000
16695,163,1,18990000,18990000
16696,299,1,3490000,3490000
16697,249,2,320000,640000
16698,187,1,4990000,4990000
16699,251,1,27990000,27990000
16699,296,1,22990000,22990000
16700,173,1,17091000,17091000
16701,160,1,2691000,2691000
16701,295,1,712500,712500
16701,239,1,6490000,6490000
16702,83,1,27990000,27990000
16702,284,1,2990000,2990000
16702,104,1,18990000,18990000
16703,210,1,6490000,6490000
16703,85,1,26590500,26590500
16704,196,1,4740500,4740500
16705,3,1,560500,560500
16706,273,2,11990000,23980000
16706,243,1,18990000,18990000
16707,59,1,4491000,4491000
16707,55,1,9990000,9990000
16707,101,1,18990000,18990000
16708,167,1,36990000,36990000
16709,2,1,36990000,36990000
16710,289,1,11990000,11990000
16711,292,1,6490000,6490000
16711,167,1,33291000,33291000
16712,259,1,36990000,36990000
16713,213,1,18990000,18990000
16714,308,2,22990000,45980000
16715,126,1,5690500,5690500
16716,257,1,11990000,11990000
16716,188,1,9990000,9990000
16717,268,1,405000,405000
16718,309,1,35140500,35140500
16719,15,1,4990000,4990000
16719,18,1,9490000,9490000
16719,137,1,3990000,3990000
16720,80,1,9490000,9490000
16721,200,1,27990000,27990000
16721,82,1,2241000,2241000
16722,64,1,18990000,18990000
16723,307,1,3490000,3490000
16723,114,1,31990000,31990000
16724,125,1,6490000,6490000
16725,111,1,7490000,7490000
16725,112,1,27990000,27990000
16725,110,1,4990000,4990000
16726,116,2,18990000,37980000
16727,198,1,10791000,10791000
16728,151,1,3141000,3141000
16728,192,1,7990000,7990000
16729,76,3,22990000,68970000
16730,243,1,18990000,18990000
16730,131,1,26590500,26590500
16730,257,1,11990000,11990000
16731,161,1,18990000,18990000
16731,254,1,7590500,8349550
16732,9,1,320000,320000
16732,149,1,28791000,28791000
16733,251,1,27990000,27990000
16734,316,1,2990000,3289000
16735,225,3,26590500,79771500
16736,113,1,18990000,18990000
16737,160,1,2990000,2990000
16737,255,1,27990000,27990000
16738,300,1,1890000,1890000
16739,257,1,11990000,11990000
16739,291,2,3490000,6980000
16740,204,1,9490000,9490000
16740,93,1,7990000,7990000
16741,133,1,27990000,27990000
16742,209,1,9990000,9990000
16743,77,1,250000,250000
16743,169,1,3315500,3315500
16744,280,1,4131000,4131000
16745,76,1,22990000,22990000
16746,3,2,531000,1062000
16747,172,1,3490000,3490000
16748,54,1,7490000,7490000
16748,146,1,5990000,5990000
16749,205,1,6165500,6165500
16750,252,1,225000,225000
16751,97,1,4590000,4590000
16752,60,1,11990000,11990000
16753,167,3,36990000,110970000
16754,5,1,7990000,7990000
16755,294,1,5690500,5690500
16756,5,2,7590500,15181000
16757,297,1,9490000,9490000
16758,1,1,1890000,1890000
16759,228,1,2490000,2490000
16760,261,1,8541000,8541000
16760,135,1,5990000,5990000
16760,65,1,18990000,18990000
16761,279,1,4360500,4360500
16762,250,2,190000,380000
16762,252,1,250000,250000
16762,80,1,9015500,9015500
16763,224,1,7590500,7590500
16763,215,1,25191000,25191000
16764,104,1,18990000,18990000
16765,249,1,304000,304000
16766,8,1,1890000,1890000
16767,53,1,9015500,9015500
16768,292,1,6165500,6165500
16769,10,1,6490000,6490000
16769,231,2,36990000,73980000
16769,180,2,2691000,5382000
16770,229,2,250000,500000
16771,113,1,18040500,18040500
16772,137,1,3790500,3790500
16772,1,2,1890000,3780000
16773,155,1,27990000,27990000
16774,148,1,5690500,5690500
16775,306,1,1890000,1890000
16776,264,1,9990000,9990000
16777,130,1,7490000,7490000
16778,225,1,27990000,27990000
16779,30,1,6490000,6490000
16779,98,2,36990000,73980000
16779,117,1,10791000,10791000
16780,37,1,120000,120000
16781,282,1,7990000,7990000
16782,55,1,9990000,9990000
16783,238,1,35140500,35140500
16783,113,1,17091000,17091000
16784,244,1,30390500,30390500
16785,141,1,6165500,6165500
16786,226,1,18990000,18990000
16787,222,1,36990000,36990000
16787,316,1,2990000,2990000
16788,292,1,5841000,5841000
16788,281,1,3591000,3591000
16789,208,1,108000,108000
16790,119,1,120000,120000
16791,214,1,27990000,27990000
16792,153,3,108000,324000
16793,205,1,6490000,6490000
16794,45,1,9490000,9490000
16795,86,1,17091000,17091000
16796,302,1,36990000,36990000
16797,242,1,5990000,5990000
16797,113,3,17091000,51273000
16798,20,1,4590000,4590000
16799,45,1,9015500,9015500
16799,270,1,5990000,5990000
16800,306,2,1795500,3591000
16801,160,1,2990000,2990000
16802,197,1,750000,750000
16803,157,1,7590500,7590500
16804,270,1,5690500,5690500
16805,300,1,1890000,1890000
16806,179,1,320000,320000
16807,167,1,36990000,36990000
16808,252,1,250000,250000
16808,101,1,18990000,18990000
16809,148,1,5990000,5990000
16809,46,1,7990000,7990000
16810,294,1,5990000,5990000
16811,219,1,7990000,7990000
16812,260,1,18990000,18990000
16813,273,1,11990000,11990000
16814,5,1,7990000,7990000
16815,217,1,22990000,22990000
16815,314,1,27990000,27990000
16816,87,1,4990000,4990000
16817,293,1,2840500,2840500
16817,109,2,560500,1121000
16817,150,1,12990000,12990000
16818,120,1,3315500,3315500
16819,239,1,6490000,6490000
16820,305,2,1890000,3780000
16820,108,1,30390500,30390500
16820,236,1,7590500,7590500
16821,276,1,5841000,5841000
16822,169,1,3490000,3490000
16823,245,1,9490000,9490000
16824,96,1,2990000,2990000
16825,173,1,17091000,17091000
16826,134,1,6490000,6490000
16827,308,1,22990000,22990000
16828,293,1,2691000,2691000
16829,97,1,4590000,4590000
16830,44,1,2990000,2990000
16830,178,1,2990000,2990000
16831,95,2,7990000,15980000
16832,253,1,1701000,1701000
16833,78,1,450000,450000
16834,188,1,8991000,8991000
16835,25,1,3490000,3490000
16836,255,2,25191000,50382000
16836,263,1,4990000,4491000
16836,82,1,2365500,2365500
16837,45,1,8541000,8541000
16838,315,1,4131000,4131000
16838,141,1,6490000,6490000
16839,180,1,2990000,2990000
16840,129,1,2691000,2691000
16841,117,1,11990000,11990000
16842,156,1,27990000,27990000
16843,71,1,10791000,10791000
16844,116,1,18990000,18990000
16845,310,1,5391000,5391000
16846,271,1,6490000,6490000
16847,287,1,4990000,4990000
16847,227,1,9990000,9990000
16848,26,1,30390500,33429550
16849,28,1,4590000,4590000
16850,246,1,750000,750000
16851,241,1,4360500,4360500
16852,9,1,304000,304000
16853,11,1,33291000,33291000
16853,275,1,5990000,5990000
16854,36,1,180500,180500
16855,160,1,2990000,2990000
16855,74,1,5391000,5391000
16856,5,1,7990000,7990000
16857,251,1,27990000,27990000
16858,89,1,3315500,3315500
16859,93,1,7990000,7990000
16860,305,1,1795500,1795500
16860,41,1,190000,190000
16861,17,2,320000,640000
16862,54,2,7115500,14231000
16862,30,1,6490000,6490000
16862,176,1,28791000,28791000
16863,45,1,8541000,8541000
16864,46,1,7990000,7990000
16865,313,1,2490000,2490000
16866,152,1,22990000,22990000
16866,79,1,190000,190000
16867,179,1,304000,304000
16868,132,1,4740500,4740500
16869,34,1,18990000,18990000
16869,22,1,4740500,4740500
16870,29,3,250000,750000
16871,69,3,4740500,14221500
16872,188,1,9990000,9990000
16873,71,1,11990000,11990000
16874,178,1,2691000,2691000
16874,61,1,750000,750000
16875,293,1,2990000,2990000
16876,216,1,3990000,3990000
16877,16,1,26590500,26590500
16878,74,1,5990000,5990000
16879,160,1,2990000,2990000
16880,36,1,171000,171000
16880,120,2,3141000,6282000
16881,277,1,6490000,6490000
16882,105,1,9490000,9490000
16883,298,1,6490000,6490000
16884,1,3,1890000,5670000
16884,208,1,120000,120000
16884,203,1,27990000,27990000
16885,44,3,2990000,8970000
16886,167,3,33291000,99873000
16886,149,1,28791000,28791000
16887,60,1,11990000,11990000
16888,1,1,1890000,1890000
16889,312,1,4990000,4990000
16889,160,1,2990000,2990000
16890,186,1,9490000,9490000
16891,271,1,5841000,5841000
16892,113,1,18990000,18990000
16892,167,1,36990000,36990000
16893,23,1,35140500,35140500
16894,228,1,2365500,2365500
16895,68,1,1890000,1890000
16896,280,1,4590000,4590000
16897,240,1,5690500,5690500
16898,133,2,25191000,50382000
16899,272,1,9015500,9015500
16900,83,1,25191000,25191000
16900,228,2,2365500,4731000
16901,227,1,9990000,9990000
16902,103,1,22990000,22990000
16903,33,1,250000,250000
16903,142,1,9015500,9015500
16903,68,1,1701000,1701000
16904,233,1,250000,250000
16905,55,1,8991000,8991000
16906,319,2,2990000,5980000
16907,123,1,2490000,2490000
16907,271,1,6490000,6490000
16908,292,1,6490000,6490000
16908,294,1,5990000,5990000
16909,74,2,5990000,11980000
16909,204,1,9490000,9490000
16909,8,1,1795500,1795500
16910,103,1,22990000,22990000
16911,162,1,17091000,17091000
16911,98,1,35140500,35140500
16912,70,1,1890000,1890000
16913,132,1,4491000,4491000
16914,46,1,7990000,7990000
16915,151,2,3315500,6631000
16916,72,1,7990000,7990000
16916,320,1,304000,304000
16916,250,1,190000,190000
16917,188,1,9490500,9490500
16917,242,1,5391000,5391000
16918,134,2,6490000,12980000
16919,152,1,22990000,22990000
16919,178,1,2691000,2691000
16920,264,1,9990000,9990000
16920,68,1,1890000,1890000
16921,277,3,6490000,19470000
16922,36,1,190000,190000
16923,222,1,36990000,36990000
16923,49,1,2490000,2490000
16924,188,1,9990000,9990000
16924,227,1,9990000,9990000
16925,143,1,2490000,2490000
16925,180,2,2990000,5980000
16926,239,1,6490000,6490000
16927,210,1,6165500,6165500
16928,153,1,114000,114000
16928,198,1,10791000,10791000
16929,195,3,2241000,6723000
16930,313,1,2490000,2490000
16930,306,1,1795500,1795500
16931,183,1,2365500,2365500
16932,59,1,4990000,4990000
16932,252,1,250000,250000
16933,315,2,4360500,8721000
16933,236,1,7590500,7590500
16934,296,1,20691000,20691000
16935,292,1,6490000,6490000
16936,304,1,7990000,7990000
16937,302,1,33291000,33291000
16937,271,1,6490000,6490000
16938,13,1,26590500,26590500
16939,85,1,25191000,25191000
16940,178,3,2990000,8970000
16940,93,1,7990000,7990000
16941,85,1,27990000,27990000
16942,117,1,10791000,10791000
16942,83,1,27990000,27990000
16943,113,2,18990000,37980000
16944,27,1,11691000,11691000
16945,264,1,9990000,9990000
16946,64,1,18990000,18990000
16947,81,1,6490000,6490000
16948,301,1,3990000,3990000
16948,74,2,5391000,10782000
16948,171,1,2490000,2490000
16949,120,1,3490000,3490000
16950,288,1,3990000,3990000
16951,43,1,9490000,9490000
16951,242,1,5990000,5990000
16952,219,1,7590500,7590500
16953,126,1,5690500,5690500
16954,9,1,320000,320000
16954,206,2,560500,1121000
16955,248,1,11990000,11990000
16955,273,1,11990000,11990000
16956,2,1,36990000,36990000
16957,72,1,7191000,7191000
16958,130,1,6741000,6741000
16959,22,1,4740500,4266450
16960,222,1,36990000,36990000
16960,225,1,27990000,27990000
16961,241,1,4360500,4360500
16961,107,1,320000,320000
16961,302,1,35140500,35140500
16962,81,2,6490000,12980000
16962,81,1,6490000,6490000
16963,196,2,4740500,9481000
16964,294,1,5990000,5990000
16964,264,1,9990000,9990000
16965,269,1,405000,405000
16965,289,1,11390500,11390500
16966,7,1,6165500,6165500
16967,260,1,17091000,17091000
16968,9,1,320000,320000
16969,59,1,4990000,4990000
16969,275,1,5391000,5391000
16970,127,1,6490000,6490000
16971,191,1,4990000,4990000
16971,259,1,36990000,36990000
16972,112,1,27990000,27990000
16973,240,1,5990000,5990000
16974,206,3,590000,1770000
16975,18,1,9490000,9490000
16975,139,1,8541000,8541000
16976,290,1,18990000,18990000
16976,275,1,5391000,5391000
16977,282,1,7990000,7990000
16978,216,1,3990000,3990000
16979,43,2,9490000,18980000
16980,3,1,560500,560500
16980,312,3,4740500,14221500
16981,256,1,560500,560500
16982,285,2,2365500,4731000
16983,138,1,7490000,7490000
16984,132,2,4990000,9980000
16985,127,1,6490000,6490000
16986,278,1,5841000,5841000
16987,15,1,4990000,4990000
16988,196,1,4990000,4990000
16989,191,1,4990000,4990000
16989,285,1,2241000,2241000
16990,253,1,1701000,1701000
16991,137,1,3990000,3990000
16992,186,1,9490000,9490000
16992,95,3,7990000,23970000
16993,159,1,12990000,12990000
16994,50,1,9490000,9490000
16994,213,2,17091000,34182000
16995,189,1,1890000,1890000
16995,252,1,250000,250000
16996,61,1,675000,675000
16996,299,1,3315500,3315500
16997,64,1,17091000,17091000
16998,41,1,180500,180500
16999,43,1,9490000,9490000
17000,133,1,27990000,27990000
17001,93,1,7191000,7191000
17002,165,1,6490000,6490000
17003,296,1,22990000,22990000
17004,24,1,6490000,6490000
17005,306,1,1701000,1701000
17006,279,1,4590000,4590000
17006,163,1,18990000,18990000
17007,12,1,25191000,25191000
17007,267,1,9490000,9490000
17008,235,1,3490000,3490000
17009,4,1,288000,288000
17009,118,1,18040500,18040500
17010,32,1,10791000,10791000
17011,227,1,9990000,9990000
17011,42,1,8541000,8541000
17012,216,1,3990000,3990000
17012,111,1,6741000,6741000
17013,319,1,2990000,2990000
17014,138,1,7115500,7115500
17015,75,1,6165500,6165500
17016,186,1,9015500,9015500
17016,12,1,27990000,27990000
17017,81,1,6490000,6490000
17018,88,1,7990000,7990000
17018,15,1,4990000,4990000
17019,189,1,1701000,1701000
17019,221,1,18990000,18990000
17020,237,1,9015500,9015500
17021,170,3,18990000,56970000
17022,126,1,5690500,5690500
17023,86,1,17091000,17091000
17023,55,1,9990000,9990000
17024,170,1,18990000,18990000
17025,127,1,6490000,6490000
17026,168,1,25191000,25191000
17027,113,1,18990000,18990000
17028,61,1,750000,750000
17029,55,1,9990000,9990000
17029,188,1,9990000,9990000
17029,257,1,11990000,11990000
17030,294,1,5391000,5391000
17031,239,1,6490000,6490000
17032,303,1,18040500,18040500
17033,227,1,9990000,9990000
17034,266,1,108000,108000
17035,20,1,4360500,4360500
17036,243,1,18990000,18990000
17036,264,1,9990000,9990000
17037,148,1,5690500,5690500
17038,304,1,7990000,7990000
17039,55,1,9990000,9990000
17040,314,1,27990000,27990000
17041,319,2,2990000,5980000
17042,179,1,304000,304000
17042,13,1,27990000,27990000
17043,227,1,9990000,9990000
17044,62,1,26590500,26590500
17044,31,2,6490000,12980000
17045,317,1,31990000,31990000
17046,247,1,10791000,10791000
17046,297,1,9015500,9015500
17047,147,1,10791000,10791000
17048,235,1,3490000,3490000
17049,127,1,6490000,6490000
17049,8,1,1890000,1890000
17050,308,1,20691000,20691000
17051,137,1,3990000,3990000
17052,206,1,560500,560500
17053,244,1,31990000,31990000
17053,247,1,10791000,10791000
17053,75,1,5841000,5841000
17054,280,1,4590000,4590000
17055,300,1,1890000,1890000
17056,89,1,3490000,3490000
17057,11,1,36990000,36990000
17058,212,1,7990000,7990000
17058,122,1,4491000,4491000
17059,111,1,7490000,7490000
17060,6,1,5690500,5690500
17061,48,1,6490000,6490000
17062,263,1,4990000,4990000
17063,62,1,25191000,25191000
17064,39,1,30390500,30390500
17064,179,1,304000,304000
17065,283,1,8541000,8541000
17066,199,1,36990000,36990000
17067,235,1,3490000,3490000
17068,67,1,18990000,20889000
17069,41,1,180500,180500
17070,277,1,6490000,6490000
17071,300,1,1890000,1890000
17071,169,1,3490000,3490000
17071,16,1,27990000,27990000
17072,232,1,750000,750000
17073,126,1,5990000,5990000
17074,215,1,27990000,27990000
17074,243,1,17091000,17091000
17074,186,1,8541000,8541000
17075,12,1,26590500,26590500
17076,190,2,2990000,5980000
17077,58,1,6741000,6741000
17078,315,1,4590000,4590000
17079,239,1,5841000,5256900
17080,192,2,7590500,15181000
17080,299,2,3141000,6282000
17081,103,1,22990000,22990000
17082,124,1,2990000,2990000
17083,159,1,12990000,12990000
17083,9,1,304000,304000
17083,308,1,22990000,22990000
17084,64,1,17091000,17091000
17085,189,1,1701000,1701000
17086,267,1,9015500,9015500
17087,183,1,2490000,2490000
17088,42,1,8541000,8541000
17089,20,1,4360500,4360500
17090,247,1,11990000,11990000
17090,138,1,6741000,6741000
17090,176,1,30390500,30390500
17091,82,1,2490000,2490000
17092,239,1,5841000,5841000
17092,44,1,2840500,2840500
17093,233,1,250000,250000
17094,21,1,7590500,6831450
17095,292,1,6165500,6165500
17096,224,1,7990000,7990000
17097,90,1,450000,450000
17097,208,1,120000,120000
17098,251,1,25191000,25191000
17099,301,1,3790500,3790500
17100,198,1,11390500,11390500
17101,139,1,9015500,9015500
17101,192,3,7990000,23970000
17102,260,1,18040500,18040500
17103,24,1,6490000,6490000
17103,257,1,11390500,11390500
17103,262,1,675000,675000
17104,30,1,6490000,6490000
17104,27,2,12990000,25980000
17105,203,1,25191000,25191000
17106,19,1,11990000,11990000
17107,75,2,6490000,12980000
17108,164,1,3990000,3990000
17109,142,1,9490000,9490000
17110,291,1,3490000,3490000
17111,123,1,2490000,2490000
17111,296,1,22990000,22990000
17111,243,1,18990000,18990000
17112,209,1,9990000,9990000
17113,80,1,8541000,8541000
17113,260,1,18990000,18990000
17114,45,1,9490000,9490000
17115,199,1,36990000,36990000
17115,77,1,237500,237500
17116,315,2,4590000,9180000
17117,105,1,9490000,9490000
17117,158,1,2990000,2990000
17117,247,1,11390500,11390500
17118,19,1,11390500,11390500
17119,12,1,27990000,27990000
17120,231,1,33291000,33291000
17120,145,2,2990000,5980000
17120,139,2,8541000,17082000
17121,54,1,7490000,7490000
17121,259,1,36990000,36990000
17122,310,2,5391000,10782000
17123,114,1,31990000,31990000
17124,150,1,12990000,12990000
17125,227,1,9490500,9490500
17126,315,1,4590000,4590000
17127,114,2,30390500,60781000
17128,133,1,27990000,27990000
17129,147,1,11990000,11990000
17130,57,1,36990000,36990000
17131,110,1,4491000,4491000
17132,243,1,18990000,18990000
17133,164,1,3990000,3990000
17134,143,1,2490000,2490000
17135,40,1,1890000,1890000
17136,191,1,4990000,4990000
17136,107,1,320000,320000
17137,225,1,27990000,27990000
17137,160,2,2990000,5980000
17138,91,1,4491000,4491000
17138,228,1,2365500,2365500
17139,5,1,7990000,7990000
17140,294,1,5990000,5990000
17141,155,1,27990000,27990000
17142,305,1,1890000,1890000
17143,167,1,36990000,36990000
17144,209,1,9490500,9490500
17145,143,1,2490000,2490000
17146,234,1,7990000,7990000
17146,178,1,2691000,2691000
17147,298,1,6490000,6490000
17148,11,1,35140500,35140500
17149,47,1,6490000,6490000
17150,159,1,12990000,12990000
17151,237,1,8541000,8541000
17151,66,1,675000,675000
17152,171,1,2490000,2490000
17153,304,1,7990000,7990000
17154,206,1,590000,590000
17154,265,1,31990000,31990000
17154,39,1,28791000,28791000
17155,27,1,11691000,11691000
17156,277,1,5841000,5841000
17157,212,1,7191000,7191000
17157,166,1,3990000,3990000
17157,294,1,5690500,5690500
17158,74,2,5690500,11381000
17158,267,1,9015500,9015500
17159,30,1,6165500,6165500
17159,46,1,7990000,7990000
17160,11,1,33291000,33291000
17161,246,1,750000,750000
17162,58,1,7490000,7490000
17163,317,1,31990000,31990000
17164,269,1,427500,427500
17165,161,1,18040500,18040500
17166,47,1,6490000,6490000
17167,22,1,4990000,4990000
17168,42,1,9490000,9490000
17168,62,3,27990000,83970000
17169,110,1,4990000,4990000
17170,289,1,11390500,11390500
17171,260,1,18990000,18990000
17172,42,1,9015500,9015500
17173,286,1,3141000,3141000
17174,42,1,8541000,8541000
17175,89,1,3490000,3141000
17176,156,1,27990000,27990000
17177,116,1,18040500,18040500
17178,86,1,17091000,17091000
17179,156,2,26590500,53181000
17180,18,1,9490000,9490000
17180,247,1,11990000,11990000
17181,219,1,7990000,7990000
17182,216,1,3990000,3990000
17183,144,1,4491000,4491000
17184,179,1,320000,320000
17184,63,1,5990000,5990000
17185,281,3,3990000,11970000
17185,263,1,4990000,4990000
17186,157,1,7990000,7990000
17187,191,1,4990000,4990000
17188,174,1,4491000,4491000
17189,22,1,4740500,4740500
17190,238,1,36990000,36990000
17191,58,1,7490000,7490000
17191,89,3,3490000,10470000
17191,72,1,7990000,7990000
17192,72,1,7990000,7990000
17193,252,1,225000,225000
17194,143,1,2490000,2490000
17195,235,1,3490000,3490000
17195,296,1,21840500,21840500
17195,179,1,320000,320000
17196,152,1,22990000,22990000
17196,28,2,4131000,8262000
17197,27,1,12340500,12340500
17197,195,1,2490000,2490000
17197,165,1,5841000,5841000
17198,225,2,27990000,55980000
17199,256,1,560500,560500
17200,300,1,1890000,1890000
17200,101,1,18990000,18990000
17201,262,1,675000,675000
17202,32,1,10791000,10791000
17203,224,1,7990000,7990000
17204,48,1,6490000,6490000
17205,135,1,5990000,5391000
17206,238,1,33291000,33291000
17207,316,1,2990000,2990000
17208,72,3,7191000,21573000
17209,232,1,750000,750000
17209,184,2,5841000,11682000
17209,247,1,11390500,11390500
17210,83,1,25191000,25191000
17211,48,1,6490000,6490000
17212,209,1,8991000,9890100
17213,266,1,114000,114000
17214,100,1,9990000,9990000
17215,115,2,31990000,63980000
17215,47,1,6490000,6490000
17216,24,1,5841000,5841000
17217,44,1,2990000,2990000
17218,258,1,5690500,5690500
17218,188,1,9490500,9490500
17219,191,1,4990000,4990000
17220,305,1,1890000,1890000
17221,25,1,3490000,3490000
17221,157,1,7990000,7990000
17222,140,1,4990000,4990000
17223,251,1,26590500,26590500
17224,264,1,9490500,9490500
17224,156,1,27990000,27990000
17225,254,1,7990000,7990000
17225,278,2,5841000,11682000
17226,189,1,1890000,1890000
17227,32,1,11990000,11990000
17228,73,1,10791000,10791000
17228,124,1,2840500,2840500
17229,28,1,4131000,4131000
17229,44,1,2840500,2840500
17230,135,1,5690500,5690500
17231,260,1,18040500,18040500
17232,255,1,27990000,27990000
17232,72,2,7990000,15980000
17233,125,1,6490000,6490000
17233,306,1,1701000,1701000
17234,266,1,108000,108000
17235,300,2,1890000,3780000
17236,320,1,288000,288000
17236,3,1,590000,590000
17237,25,1,3490000,3490000
17238,120,3,3490000,10470000
17239,115,1,31990000,31990000
17240,190,1,2840500,2840500
17241,128,1,450000,450000
17241,24,1,5841000,5841000
17241,168,1,27990000,27990000
17242,78,1,450000,450000
17243,298,2,6490000,12980000
17243,312,1,4990000,4990000
17243,118,1,18990000,18990000
17244,197,1,712500,712500
17245,211,1,6165500,6165500
17246,179,1,320000,320000
17247,17,1,320000,320000
17248,36,1,190000,190000
17249,262,1,675000,675000
17250,54,3,7490000,22470000
17251,305,1,1890000,1890000
17251,227,3,9990000,29970000
17252,87,1,4491000,4491000
17252,239,1,6490000,6490000
17253,109,1,531000,531000
17254,6,1,5690500,5690500
17254,211,1,6490000,6490000
17255,125,3,6490000,19470000
17255,179,1,320000,320000
17256,149,1,31990000,31990000
17257,244,1,31990000,31990000
17258,305,3,1701000,5103000
17258,218,1,1890000,1890000
17259,239,1,6490000,6490000
17259,136,1,4990000,4990000
17260,244,1,28791000,28791000
17260,279,3,4131000,12393000
17261,33,1,250000,250000
17261,37,1,120000,120000
17262,146,1,5990000,5990000
17263,138,1,7490000,7490000
17264,244,1,31990000,31990000
17264,108,1,31990000,31990000
17265,315,1,4590000,4590000
17266,90,1,405000,405000
17267,39,1,31990000,31990000
17268,70,1,1890000,1890000
17269,93,1,7990000,7990000
17270,121,1,171000,171000
17271,273,1,11390500,11390500
17272,161,1,18990000,18990000
17273,52,1,171000,171000
17274,51,1,450000,450000
17275,192,1,7990000,7990000
17275,20,1,4590000,4590000
17275,275,1,5990000,5990000
17276,180,1,2990000,2990000
17277,4,1,288000,288000
17277,31,1,5841000,5841000
17277,94,1,5990000,5990000
17278,241,1,4590000,4590000
17279,184,1,6490000,6490000
17280,213,1,18040500,18040500
17281,73,1,10791000,10791000
17282,90,1,405000,405000
17283,54,1,7490000,7490000
17284,52,1,190000,190000
17284,179,2,320000,640000
17285,249,1,304000,304000
17286,129,1,2840500,2840500
17287,124,1,2840500,2840500
17288,173,1,17091000,17091000
17289,306,3,1890000,5670000
17290,196,1,4990000,4990000
17290,46,1,7990000,7990000
17291,34,1,18990000,18990000
17292,291,1,3490000,3490000
17293,222,1,36990000,36990000
17294,253,2,1701000,3402000
17294,90,1,450000,450000
17295,57,1,36990000,36990000
17295,203,1,27990000,27990000
17296,233,1,225000,225000
17296,94,1,5391000,5391000
17296,119,1,108000,108000
17297,54,1,7490000,7490000
17298,65,1,18040500,18040500
17299,130,1,7490000,7490000
17300,25,1,3141000,3141000
17300,19,1,11990000,11990000
17301,282,1,7990000,7990000
17302,157,1,7990000,7191000
17303,286,1,3490000,3490000
17304,245,1,9490000,9490000
17304,24,1,6165500,6165500
17305,105,1,9015500,9015500
17306,109,1,560500,560500
17307,159,1,11691000,11691000
17308,132,1,4491000,4491000
17308,199,1,35140500,35140500
17309,17,1,304000,304000
17310,1,1,1890000,1890000
17311,105,1,8541000,8541000
17312,102,1,2490000,2490000
17313,279,1,4590000,4590000
17313,284,1,2990000,2990000
17314,260,1,18990000,18990000
17315,313,1,2490000,2490000
17316,5,1,7191000,7191000
17317,267,1,9015500,9015500
17318,196,1,4990000,4990000
17319,163,1,17091000,17091000
17320,177,2,36990000,73980000
17321,44,1,2990000,2990000
17322,121,2,190000,380000
17323,294,1,5690500,5690500
17323,82,1,2365500,2365500
17324,87,1,4990000,4990000
17325,219,1,7990000,7990000
17325,310,1,5391000,5391000
17325,225,1,25191000,25191000
17326,41,1,180500,180500
17327,251,1,27990000,27990000
17328,309,1,36990000,36990000
17329,75,1,5841000,5841000
17330,119,1,114000,114000
17331,76,1,22990000,22990000
17332,251,1,27990000,27990000
17333,4,1,320000,320000
17333,84,1,9490000,9490000
17334,18,1,9490000,9490000
17335,228,2,2365500,4731000
17336,17,1,320000,320000
17337,24,1,6490000,6490000
17337,110,1,4740500,4740500
17338,171,2,2490000,4980000
17339,182,1,33291000,33291000
17339,79,2,190000,380000
17340,245,1,9015500,9015500
17341,199,1,35140500,35140500
17341,132,1,4990000,4990000
17342,314,1,27990000,27990000
17343,98,1,36990000,36990000
17343,280,1,4590000,4590000
17344,19,1,11390500,11390500
17345,188,1,9490500,9490500
17346,319,1,2990000,2990000
17346,39,1,31990000,31990000
17347,149,3,30390500,91171500
17348,274,2,11990000,23980000
17349,19,1,11990000,11990000
17350,261,2,9490000,18980000
17351,26,1,31990000,31990000
17352,284,1,2990000,2990000
17353,114,1,30390500,30390500
17353,58,1,6741000,6741000
17354,194,1,6165500,6165500
17355,7,2,5841000,11682000
17355,90,1,450000,450000
17355,129,1,2840500,2840500
17356,101,1,18990000,18990000
17357,98,1,35140500,35140500
17358,126,1,5990000,5990000
17358,161,1,18990000,18990000
17359,167,1,36990000,36990000
17360,312,1,4990000,4990000
17360,164,1,3591000,3591000
17361,58,1,7490000,7490000
17362,300,1,1701000,1701000
17362,151,1,3490000,3490000
17363,233,1,225000,225000
17364,262,1,675000,675000
17365,163,1,18990000,18990000
17365,32,2,11390500,22781000
17366,295,1,750000,750000
17367,270,1,5391000,5391000
17368,83,1,27990000,27990000
17368,33,1,250000,250000
17368,252,1,250000,250000
17369,261,2,9015500,18031000
17369,274,1,11990000,11990000
17370,175,1,2490000,2490000
17371,95,1,7990000,7990000
17372,205,1,6490000,6490000
17372,313,1,2490000,2490000
17373,157,1,7191000,7191000
17374,68,1,1890000,1890000
17375,219,1,7990000,7990000
17375,245,1,9490000,9490000
17375,121,1,180500,180500
17376,198,1,11390500,11390500
17377,255,1,27990000,27990000
17378,117,1,11990000,11990000
17378,55,1,9990000,9990000
17379,283,1,8541000,8541000
17380,78,2,450000,900000
17381,101,1,18990000,18990000
17382,161,1,17091000,17091000
17383,67,1,17091000,17091000
17384,116,2,18990000,37980000
17385,278,1,6490000,7139000
17385,124,1,2840500,2840500
17386,249,1,320000,320000
17387,258,1,5690500,5690500
17388,42,1,8541000,8541000
17389,108,1,30390500,30390500
17390,215,1,26590500,26590500
17391,68,1,1795500,1795500
17391,79,2,180500,361000
17392,199,1,33291000,33291000
17393,126,2,5990000,11980000
17394,98,1,36990000,36990000
17395,228,1,2490000,2490000
17396,146,1,5990000,5990000
17397,258,1,5690500,5690500
17398,251,1,27990000,27990000
17398,286,1,3141000,3141000
17399,40,1,1890000,1890000
17399,86,1,18990000,18990000
17400,58,1,7490000,7490000
17400,313,1,2490000,2490000
17401,197,1,750000,750000
17402,138,1,7490000,7490000
17403,202,1,11990000,11990000
17404,288,1,3990000,3990000
17405,283,1,9490000,9490000
17406,2,1,35140500,35140500
17406,150,3,12990000,38970000
17406,299,1,3490000,3490000
17407,222,1,36990000,36990000
17408,1,1,1890000,1890000
17408,111,1,6741000,6741000
17409,45,1,9015500,9015500
17410,94,1,5990000,5990000
17410,130,1,7490000,7490000
17410,292,1,6490000,6490000
17411,145,1,2840500,2840500
17412,310,1,5391000,5391000
17412,135,1,5990000,5990000
17413,158,1,2990000,2990000
17414,170,1,18040500,18040500
17415,14,1,250000,250000
17416,9,1,320000,320000
17417,67,1,18990000,18990000
17418,113,1,18990000,18990000
17419,283,2,9490000,18980000
17420,309,1,36990000,36990000
17421,91,1,4990000,4990000
17422,142,1,8541000,8541000
17423,72,1,7990000,7990000
17424,73,1,11390500,11390500
17425,140,1,4990000,4990000
17426,119,1,120000,120000
17427,105,1,9490000,9490000
17428,160,1,2691000,2691000
17429,81,1,6490000,6490000
17430,280,1,4360500,4360500
17431,32,1,11990000,11990000
17432,6,1,5990000,5990000
17432,184,1,5841000,5841000
17433,315,1,4590000,4590000
17434,79,1,190000,190000
17434,186,1,9490000,9490000
17435,173,2,18990000,37980000
17436,127,1,6490000,6490000
17437,32,1,11990000,11990000
17437,89,1,3141000,3141000
17438,267,1,8541000,8541000
17439,245,1,8541000,8541000
17440,176,1,31990000,31990000
17441,176,2,28791000,57582000
17442,148,2,5990000,11980000
17443,42,1,8541000,8541000
17444,287,1,4990000,4990000
17444,164,1,3990000,3990000
17445,223,1,5690500,5690500
17446,112,1,27990000,27990000
17447,223,1,5690500,5690500
17448,205,1,6490000,6490000
17448,253,1,1701000,1871100
17449,13,1,25191000,25191000
17450,46,1,7590500,7590500
17451,44,1,2840500,2840500
17451,122,2,4491000,8982000
17451,205,1,5841000,5841000
17452,130,1,7490000,7490000
17453,316,1,2840500,2840500
17454,24,1,6490000,6490000
17455,304,1,7191000,7191000
17455,69,1,4491000,4491000
17456,37,2,114000,228000
17457,252,2,237500,475000
17458,303,1,18040500,18040500
17459,120,1,3315500,3315500
17460,183,1,2490000,2490000
17461,286,1,3315500,3315500
17462,191,1,4990000,4990000
17463,101,1,18040500,18040500
17464,50,1,9490000,9490000
17465,12,1,27990000,27990000
17466,56,1,5841000,6425100
17467,134,1,6165500,6165500
17467,72,2,7990000,15980000
17468,213,2,17091000,34182000
17468,156,1,27990000,27990000
17468,204,1,9490000,9490000
17469,274,1,11990000,11990000
17470,151,1,3141000,3141000
17471,128,1,450000,450000
17471,115,1,28791000,28791000
17472,37,1,120000,120000
17472,23,1,35140500,35140500
17473,37,2,120000,240000
17474,173,2,18990000,37980000
17475,293,1,2990000,2990000
17476,234,1,7990000,7990000
17477,290,1,18990000,18990000
17478,197,1,750000,750000
17479,224,1,7191000,7191000
17480,315,2,4590000,9180000
17480,253,1,1890000,1890000
17481,25,1,3490000,3490000
17482,7,1,6490000,6490000
17483,108,1,31990000,31990000
17484,42,1,9490000,9490000
17485,71,1,11990000,11990000
17486,183,1,2490000,2490000
17487,90,1,450000,450000
17488,317,1,31990000,31990000
17489,92,1,225000,225000
17489,79,1,190000,190000
17490,113,1,18990000,18990000
17490,24,1,6490000,6490000
17490,306,2,1890000,3780000
17491,208,1,114000,114000
17491,296,1,22990000,22990000
17492,145,1,2691000,2691000
17492,272,2,9490000,18980000
17492,135,1,5391000,5391000
17493,307,1,3490000,3490000
17493,308,1,22990000,22990000
17494,130,1,7490000,7490000
17495,270,1,5990000,5990000
17495,215,1,27990000,27990000
17496,262,3,712500,2137500
17497,247,1,11390500,11390500
17498,78,2,450000,900000
17499,66,1,712500,712500
17500,187,1,4990000,4990000
17500,319,1,2990000,2990000
17501,273,1,11990000,11990000
17502,212,1,7191000,7191000
17503,178,1,2691000,2691000
17503,138,3,7490000,22470000
17504,66,1,750000,750000
17505,167,1,35140500,35140500
17506,280,1,4131000,4131000
17507,56,1,5841000,5841000
17507,86,1,18990000,18990000
17508,193,1,36990000,36990000
17509,305,1,1890000,1890000
17510,92,1,225000,225000
17511,250,1,190000,190000
17512,246,1,675000,675000
17513,311,1,3990000,3990000
17514,18,1,9015500,9015500
17515,62,2,27990000,55980000
17516,203,1,26590500,26590500
17516,103,1,22990000,22990000
17517,192,1,7191000,7191000
17518,180,1,2990000,2990000
17519,136,1,4990000,4990000
17519,89,1,3315500,3315500
17520,3,1,590000,590000
17520,263,1,4740500,4740500
17521,35,1,7990000,7191000
17522,45,3,9015500,27046500
17523,200,1,27990000,27990000
17524,301,1,3990000,3990000
17525,44,1,2840500,2840500
17526,301,1,3990000,3990000
17527,149,1,28791000,28791000
17528,259,1,36990000,36990000
17528,52,1,190000,190000
17529,266,1,108000,108000
17529,235,1,3490000,3490000
17530,74,1,5990000,5990000
17530,238,1,36990000,36990000
17531,135,1,5391000,5391000
17532,101,1,18990000,18990000
17533,251,1,27990000,27990000
17534,131,1,25191000,25191000
17534,40,1,1890000,1890000
17535,268,1,450000,450000
17535,34,1,18990000,18990000
17536,41,1,190000,190000
17537,139,1,9490000,9490000
17537,5,1,7191000,7191000
17538,14,1,237500,237500
17538,282,1,7191000,7191000
17539,134,1,6490000,6490000
17540,272,1,9490000,9490000
17541,137,1,3790500,3790500
17541,12,1,25191000,25191000
17542,19,1,11990000,11990000
17543,75,1,6490000,6490000
17544,319,1,2840500,2840500
17544,43,1,9490000,8541000
17545,110,1,4990000,4990000
17545,193,1,33291000,33291000
17546,314,1,26590500,26590500
17546,104,2,18990000,37980000
17546,201,1,4740500,4740500
17547,263,1,4990000,4990000
17548,288,1,3591000,3950100
17549,175,1,2490000,2490000
17550,226,1,18990000,18990000
17551,182,1,36990000,36990000
17552,174,1,4990000,4990000
17552,256,1,531000,531000
17553,315,1,4131000,4131000
17554,227,1,9490500,9490500
17554,80,1,8541000,8541000
17555,229,1,250000,250000
17556,151,1,3490000,3490000
17556,99,1,12990000,12990000
17557,46,2,7990000,15980000
17557,219,1,7990000,7990000
17558,162,1,18990000,18990000
17559,28,1,4590000,4590000
17559,293,1,2990000,2990000
17560,143,1,2365500,2365500
17561,172,1,3490000,3490000
17562,126,1,5990000,5990000
17563,29,1,237500,213750
17564,221,1,18040500,18040500
17565,91,1,4990000,4990000
17566,289,1,10791000,10791000
17567,138,1,7490000,7490000
17567,241,1,4131000,4131000
17568,222,2,36990000,73980000
17569,84,1,8541000,8541000
17569,306,2,1701000,3402000
17570,167,1,36990000,36990000
17571,258,1,5690500,5690500
17571,307,1,3490000,3490000
17572,124,1,2990000,2990000
17573,36,1,190000,190000
17574,245,1,9490000,9490000
17575,249,1,304000,304000
17575,309,1,36990000,36990000
17576,219,1,7990000,7990000
17577,62,1,27990000,27990000
17578,309,1,33291000,33291000
17579,215,2,26590500,53181000
17579,6,1,5391000,5391000
17580,175,1,2490000,2490000
17581,278,2,6490000,12980000
17581,169,1,3490000,3490000
17581,23,1,33291000,33291000
17582,142,1,8541000,8541000
17583,257,1,11990000,11990000
17584,58,1,7490000,7490000
17584,69,1,4990000,4990000
17584,309,1,35140500,35140500
17585,165,1,6165500,6165500
17586,106,1,7191000,7191000
17586,214,1,27990000,27990000
17587,117,1,10791000,10791000
17588,233,1,250000,250000
17589,198,2,11990000,26378000
17590,108,1,30390500,30390500
17590,223,1,5690500,5690500
17591,220,1,12340500,12340500
17592,301,2,3990000,7980000
17592,139,1,9490000,9490000
17593,21,1,7990000,7990000
17594,308,2,22990000,45980000
17595,163,1,18990000,18990000
17596,83,1,27990000,27990000
17597,158,1,2840500,2840500
17597,29,1,250000,250000
17598,251,1,26590500,26590500
17599,257,1,11990000,11990000
17599,123,1,2365500,2365500
17600,233,3,250000,750000
17601,104,1,18990000,18990000
17602,253,3,1795500,5386500
17602,247,1,11990000,11990000
17603,201,1,4990000,4990000
17604,57,1,36990000,36990000
17604,225,1,27990000,27990000
17604,283,1,9490000,9490000
17605,297,1,8541000,8541000
17606,18,1,9490000,9490000
17606,315,1,4590000,4590000
17607,57,1,36990000,36990000
17608,120,1,3315500,3315500
17609,237,1,9015500,9015500
17609,164,1,3990000,3990000
17609,30,1,6490000,6490000
17610,102,1,2490000,2490000
17611,99,1,12990000,12990000
17612,126,1,5391000,5391000
17612,208,1,120000,120000
17613,147,2,10791000,21582000
17614,240,1,5690500,5690500
17614,126,1,5690500,5690500
17614,176,1,31990000,31990000
17615,314,3,27990000,83970000
17616,9,1,320000,320000
17617,53,1,8541000,8541000
17618,52,1,190000,190000
17619,255,1,27990000,27990000
17619,211,1,6490000,6490000
17619,246,1,675000,675000
17620,133,1,27990000,27990000
17621,199,1,35140500,35140500
17622,167,1,36990000,36990000
17623,171,1,2241000,2241000
17624,306,1,1795500,1795500
17624,254,1,7191000,7191000
17625,137,1,3990000,3990000
17626,68,1,1795500,1795500
17626,148,1,5391000,5391000
17626,237,1,9490000,9490000
17627,50,1,9015500,9015500
17628,299,1,3315500,3315500
17628,71,1,11990000,11990000
17628,151,1,3490000,3490000
17629,266,1,120000,120000
17630,269,3,405000,1215000
17630,240,1,5391000,5391000
17631,7,1,5841000,5841000
17632,213,1,17091000,17091000
17633,73,1,11990000,11990000
17634,215,1,26590500,26590500
17635,240,2,5690500,11381000
17635,150,1,12340500,12340500
17636,267,2,8541000,17082000
17636,298,1,6490000,6490000
17637,115,1,31990000,31990000
17638,36,1,190000,190000
17638,253,1,1701000,1701000
17639,236,1,7990000,7990000
17640,251,1,25191000,25191000
17641,221,1,18990000,18990000
17642,147,2,11990000,23980000
17642,260,1,17091000,17091000
17643,168,1,27990000,27990000
17643,162,1,18990000,18990000
17644,155,1,25191000,25191000
17645,246,1,750000,750000
17646,13,1,27990000,27990000
17647,200,1,26590500,26590500
17648,300,1,1890000,1890000
17649,83,1,25191000,25191000
17650,59,2,4990000,8982000
17651,124,1,2691000,2691000
17651,226,1,18990000,18990000
17652,298,2,6490000,12980000
17652,286,1,3490000,3490000
17652,175,2,2490000,4980000
17653,67,1,18990000,18990000
17654,35,1,7990000,7990000
17655,152,1,22990000,22990000
17656,282,1,7590500,7590500
17656,147,1,11990000,11990000
17657,279,1,4590000,4590000
17658,55,1,9990000,9990000
17659,176,1,30390500,30390500
17660,58,1,7490000,7490000
17661,152,1,21840500,21840500
17662,53,1,8541000,8541000
17663,75,2,5841000,11682000
17663,119,1,120000,120000
17664,23,1,35140500,35140500
17665,302,2,33291000,66582000
17666,222,1,33291000,33291000
17667,320,1,320000,320000
17667,195,1,2241000,2241000
17668,134,1,5841000,5841000
17668,78,1,450000,450000
17668,69,1,4740500,4740500
17669,43,1,9490000,8541000
17670,32,1,11990000,11990000
17670,138,1,7490000,7490000
17670,262,1,750000,750000
17671,303,1,17091000,17091000
17672,101,1,18990000,18990000
17673,195,1,2490000,2490000
17674,216,1,3990000,3990000
17675,138,3,7115500,21346500
17675,227,1,8991000,8991000
17676,246,1,712500,712500
17677,245,2,9490000,18980000
17678,141,1,6490000,6490000
17679,145,1,2691000,2691000
17680,34,1,17091000,17091000
17681,284,1,2691000,2691000
17682,165,1,6490000,6490000
17683,114,1,31990000,31990000
17684,90,2,450000,900000
17685,173,2,18990000,37980000
17686,266,1,120000,120000
17686,189,1,1890000,1890000
17687,256,1,590000,590000
17688,101,1,18990000,18990000
17689,30,2,6165500,12331000
17690,5,1,7191000,7191000
17691,203,1,27990000,27990000
17691,264,1,9990000,9990000
17691,19,1,10791000,10791000
17692,146,1,5990000,5990000
17693,194,1,6165500,6165500
17694,157,1,7990000,7990000
17695,96,2,2990000,5980000
17696,162,1,18990000,18990000
17696,104,1,18990000,20889000
17697,319,1,2990000,2990000
17698,320,1,304000,304000
17699,80,1,9490000,9490000
17699,243,1,18990000,18990000
17699,59,1,4990000,4990000
17700,227,1,8991000,8991000
17701,36,1,171000,171000
17701,113,1,18990000,18990000
17702,158,1,2990000,2990000
17703,112,1,27990000,27990000
17704,176,1,28791000,28791000
17705,15,1,4740500,4740500
17706,317,1,31990000,31990000
17707,209,1,9990000,9990000
17708,15,1,4990000,4990000
17708,24,1,6490000,6490000
17708,50,1,9015500,9015500
17709,48,1,6165500,6165500
17709,62,2,25191000,50382000
17710,265,1,31990000,31990000
17711,25,1,3315500,3315500
17712,196,1,4990000,4990000
17713,206,1,560500,560500
17713,152,1,22990000,22990000
17714,320,2,288000,576000
17715,74,1,5990000,5990000
17715,29,1,250000,250000
17716,291,1,3315500,3315500
17716,77,1,237500,237500
17716,198,1,11990000,11990000
17717,50,1,9490000,9490000
17718,128,1,450000,450000
17719,72,1,7990000,7990000
17720,27,1,12990000,12990000
17721,59,1,4740500,4740500
17722,223,1,5990000,5990000
17723,202,1,10791000,10791000
17724,210,1,6490000,6490000
17724,263,2,4740500,9481000
17725,199,1,36990000,36990000
17726,201,1,4990000,4990000
17727,20,1,4590000,4590000
17728,68,1,1795500,1795500
17728,114,1,30390500,30390500
17729,164,1,3990000,3990000
17730,196,1,4740500,4740500
17730,67,1,18990000,18990000
17731,153,1,108000,108000
17732,194,1,6490000,6490000
17733,149,1,30390500,30390500
17734,265,1,30390500,30390500
17735,189,1,1890000,1890000
17736,307,1,3490000,3490000
17736,187,1,4740500,4740500
17737,183,1,2365500,2365500
17738,115,1,31990000,31990000
17739,93,1,7990000,7990000
17740,286,1,3315500,3315500
17741,108,1,31990000,31990000
17742,47,1,6490000,6490000
17743,40,1,1890000,1890000
17744,185,3,2990000,8970000
17745,21,1,7990000,7990000
17745,201,1,4990000,4990000
17746,197,3,750000,2250000
17746,195,1,2490000,2490000
17746,55,1,9990000,9990000
17747,241,1,4590000,4590000
17748,6,2,5990000,11980000
17749,146,1,5690500,5690500
17750,228,1,2490000,2490000
17751,156,2,27990000,55980000
17752,78,1,450000,450000
17752,287,1,4990000,4990000
17753,200,1,26590500,26590500
17753,213,1,18990000,18990000
17753,97,1,4131000,4131000
17754,172,3,3141000,9423000
17755,85,1,27990000,27990000
17756,218,2,1701000,3402000
17757,275,1,5990000,5990000
17758,23,1,36990000,36990000
17759,208,1,120000,120000
17759,214,1,27990000,27990000
17760,214,3,27990000,83970000
17761,166,1,3790500,3790500
17762,124,1,2990000,2990000
17762,209,1,9990000,9990000
17763,292,2,6490000,12980000
17764,179,1,320000,320000
17765,10,1,6490000,6490000
17766,3,1,590000,590000
17767,314,1,25191000,25191000
17768,241,1,4590000,4590000
17769,62,1,25191000,25191000
17769,268,1,450000,450000
17770,213,1,18990000,18990000
17770,90,1,450000,450000
17771,170,1,18040500,18040500
17771,43,1,9490000,9490000
17771,141,1,6490000,6490000
17772,3,1,590000,590000
17772,195,1,2490000,2490000
17772,182,3,36990000,110970000
17773,83,1,27990000,27990000
17774,94,1,5990000,5990000
17775,286,1,3141000,3141000
17775,310,1,5990000,5990000
17775,275,1,5690500,5690500
17776,115,1,30390500,30390500
17777,105,1,9490000,9490000
17777,229,1,225000,225000
17778,5,1,7990000,7990000
17779,113,1,18990000,18990000
17779,282,1,7191000,7191000
17780,225,1,27990000,27990000
17781,206,2,590000,1180000
17781,253,1,1701000,1701000
17782,144,2,4990000,9980000
17783,147,1,11390500,11390500
17784,13,1,27990000,27990000
17785,131,1,27990000,27990000
17786,31,1,6490000,6490000
17787,33,1,250000,250000
17787,130,1,7490000,7490000
17788,226,2,18990000,37980000
17789,222,1,36990000,36990000
17789,62,1,27990000,27990000
17790,134,1,6490000,6490000
17791,172,1,3490000,3490000
17791,91,1,4491000,4491000
17792,272,1,9015500,9015500
17793,88,1,7990000,7990000
17793,317,1,31990000,31990000
17794,189,1,1795500,1795500
17795,83,1,26590500,26590500
17796,88,1,7590500,7590500
17796,130,1,7490000,7490000
17796,104,1,17091000,17091000
17797,309,1,36990000,36990000
17798,201,1,4990000,4990000
17799,179,1,288000,316800
17800,173,1,18990000,18990000
17801,238,1,36990000,36990000
17802,210,1,6490000,6490000
17802,38,1,11390500,11390500
17802,127,1,5841000,5841000
17803,157,1,7990000,7990000
17803,308,1,22990000,22990000
17804,193,2,33291000,66582000
17805,185,1,2990000,2990000
17805,78,1,405000,405000
17806,159,1,12990000,12990000
17807,156,1,27990000,27990000
17808,29,1,250000,250000
17809,33,1,250000,250000
17809,2,1,33291000,33291000
17810,266,1,120000,120000
17811,35,1,7990000,7990000
17812,117,1,11990000,11990000
17813,301,2,3990000,7182000
17814,79,1,180500,180500
17815,141,2,6490000,14278000
17816,208,1,114000,114000
17817,10,1,5841000,5841000
17818,301,1,3790500,3790500
17818,32,1,11990000,11990000
17818,15,1,4491000,4491000
17819,172,1,3490000,3490000
17820,25,1,3315500,3315500
17821,4,1,288000,288000
17822,210,1,6490000,6490000
17823,283,1,9490000,10439000
17824,36,1,190000,190000
17825,273,1,10791000,10791000
17825,263,1,4990000,4990000
17826,5,1,7990000,7990000
17826,165,3,6165500,18496500
17826,26,1,31990000,31990000
17827,142,1,9015500,9015500
17827,80,2,9015500,18031000
17828,190,1,2691000,2691000
17829,210,2,6490000,12980000
17830,124,1,2840500,2840500
17830,205,2,6165500,12331000
17831,288,1,3790500,3790500
17832,137,1,3990000,3990000
17832,120,1,3490000,3490000
17833,86,1,18040500,18040500
17833,228,1,2490000,2490000
17834,53,1,9490000,9490000
17834,62,1,27990000,27990000
17835,296,1,21840500,21840500
17836,139,1,9490000,9490000
17837,95,1,7990000,7990000
17838,252,1,225000,225000
17838,89,1,3490000,3490000
17839,60,1,11990000,11990000
17839,238,1,36990000,36990000
17839,121,1,190000,190000
17840,220,1,11691000,11691000
17840,167,1,36990000,36990000
17841,95,1,7590500,7590500
17842,119,1,120000,120000
17842,95,2,7990000,15980000
17843,36,1,180500,180500
17844,156,1,27990000,27990000
17845,186,1,9490000,9490000
17845,206,1,590000,590000
17846,139,1,9490000,9490000
17847,99,1,11691000,11691000
17847,37,1,108000,108000
17848,35,3,7191000,21573000
17849,165,1,6490000,6490000
17850,295,1,712500,712500
17850,284,1,2691000,2691000
17851,2,1,33291000,33291000
17852,230,1,225000,225000
17853,168,1,26590500,26590500
17854,164,1,3990000,3990000
17855,182,1,35140500,35140500
17856,198,1,11990000,11990000
17857,204,1,8541000,8541000
17857,284,3,2691000,8073000
17858,183,3,2490000,7470000
17859,257,1,10791000,10791000
17859,206,1,590000,590000
17860,9,2,320000,640000
17861,5,2,7191000,14382000
17862,306,1,1890000,1890000
17862,124,1,2990000,2990000
17863,263,1,4990000,4990000
17864,99,1,12990000,12990000
17865,128,1,450000,450000
17866,267,1,9015500,9015500
17867,251,1,27990000,27990000
17868,57,1,33291000,33291000
17869,72,1,7990000,7990000
17870,258,1,5990000,5990000
17871,292,1,6490000,6490000
17872,173,2,18040500,36081000
17872,198,1,11990000,11990000
17873,221,1,18040500,18040500
17874,303,1,18990000,18990000
17874,55,1,9990000,9990000
17875,53,1,9490000,9490000
17876,65,1,18990000,18990000
17877,158,2,2840500,5681000
17878,266,1,114000,114000
17879,272,1,9490000,9490000
17880,308,1,22990000,22990000
17880,187,1,4990000,4990000
17881,274,1,11990000,11990000
17882,205,1,6490000,6490000
17883,100,1,9990000,9990000
17884,290,1,18990000,18990000
17884,105,2,9490000,18980000
17885,308,1,22990000,22990000
17886,92,1,225000,225000
17887,151,1,3490000,3490000
17888,145,1,2990000,2990000
17889,298,1,5841000,5841000
17890,262,1,750000,750000
17891,287,2,4491000,8982000
17891,12,2,27990000,55980000
17892,292,1,6490000,6490000
17893,291,1,3141000,3141000
17893,222,1,35140500,35140500
17893,39,1,30390500,30390500
17894,315,1,4360500,4360500
17895,130,1,7490000,7490000
17896,16,1,27990000,27990000
17897,116,1,17091000,17091000
17898,30,1,5841000,5841000
17899,82,1,2490000,2490000
17900,233,1,225000,225000
17901,145,1,2990000,2990000
17902,182,1,36990000,36990000
17903,71,1,11990000,11990000
17903,86,1,17091000,17091000
17904,278,1,6490000,6490000
17905,219,1,7191000,7191000
17906,139,1,9490000,9490000
17907,17,1,288000,288000
17907,269,2,405000,810000
17907,49,3,2490000,7470000
17908,84,2,9490000,18980000
17908,166,1,3990000,3990000
17908,60,1,10791000,9711900
17909,47,1,5841000,5841000
17910,65,1,18990000,18990000
17911,177,1,33291000,33291000
17911,193,1,35140500,35140500
17911,171,1,2490000,2490000
17912,134,1,6490000,6490000
17913,203,2,27990000,55980000
17914,187,1,4990000,4990000
17915,317,1,31990000,31990000
17916,140,1,4740500,4740500
17917,296,1,22990000,22990000
17918,261,1,9015500,9015500
17919,47,1,6490000,6490000
17920,38,1,10791000,10791000
17921,9,1,304000,304000
17922,250,1,190000,190000
17922,223,1,5990000,5990000
17923,196,1,4740500,4740500
17923,84,1,9015500,8113950
17924,320,1,320000,320000
17924,108,1,31990000,31990000
17925,166,1,3990000,3990000
17926,297,1,9490000,9490000
17927,227,1,8991000,8991000
17928,40,1,1890000,1890000
17929,89,1,3490000,3490000
17930,218,1,1795500,1795500
17930,219,1,7990000,7990000
17931,267,1,9490000,9490000
17932,41,1,190000,190000
17933,248,1,11990000,11990000
17933,204,1,9490000,9490000
17934,198,1,10791000,9711900
17935,245,1,9490000,9490000
17936,6,2,5990000,11980000
17937,10,1,6490000,6490000
17938,256,1,590000,590000
17939,157,2,7990000,15980000
17940,3,1,590000,590000
17941,190,1,2990000,2990000
17942,285,1,2365500,2365500
17943,13,1,25191000,25191000
17943,66,1,712500,712500
17944,34,2,18990000,37980000
17945,174,1,4990000,5489000
17946,66,3,675000,2025000
17947,241,1,4131000,4131000
17948,287,1,4990000,4990000
17949,215,1,25191000,25191000
17949,70,1,1701000,1701000
17950,81,1,6490000,6490000
17950,278,1,6490000,6490000
17950,142,1,8541000,8541000
17951,301,1,3790500,3790500
17951,250,1,171000,188100
17952,31,1,6490000,6490000
17953,146,1,5990000,5990000
17953,9,1,304000,304000
17953,308,1,20691000,20691000
17954,276,1,5841000,5841000
17955,21,1,7191000,7191000
17956,133,2,27990000,55980000
17957,263,1,4990000,4990000
17958,305,1,1701000,1701000
17959,276,1,5841000,5841000
17960,22,1,4491000,4491000
17960,212,1,7990000,7990000
17961,93,1,7990000,7990000
17961,186,1,9490000,9490000
17962,129,1,2691000,2691000
17963,175,1,2490000,2490000
17963,85,1,25191000,25191000
17964,186,1,9490000,9490000
17965,242,1,5990000,5990000
17966,7,2,6165500,12331000
17967,319,1,2990000,2990000
17967,169,1,3490000,3490000
17968,6,1,5990000,5990000
17969,58,3,7490000,22470000
17970,152,1,22990000,22990000
17971,210,1,5841000,5841000
17971,131,2,27990000,55980000
17972,207,3,3990000,11970000
17973,93,1,7191000,7191000
17973,110,1,4491000,4491000
17974,248,3,10791000,32373000
17975,133,1,27990000,27990000
17975,275,1,5990000,5990000
17976,249,1,320000,320000
17976,52,1,180500,180500
17977,225,1,27990000,27990000
17977,162,1,17091000,17091000
17978,36,1,190000,190000
17978,289,1,11990000,11990000
17979,96,1,2990000,2990000
17979,60,1,11990000,11990000
17980,189,1,1890000,1890000
17981,34,2,18040500,36081000
17982,155,1,27990000,27990000
17982,58,1,6741000,6741000
17983,11,1,36990000,36990000
17984,128,1,450000,450000
17984,194,1,6490000,6490000
17985,258,1,5990000,5990000
17986,186,1,8541000,8541000
17987,12,2,27990000,55980000
17988,266,1,120000,120000
17989,263,1,4491000,4491000
17990,115,1,28791000,28791000
17990,139,1,9490000,8541000
17991,218,1,1795500,1795500
17991,238,1,36990000,36990000
17992,231,1,36990000,36990000
17992,181,1,4740500,4740500
17993,266,1,120000,120000
17994,213,1,17091000,17091000
17994,292,1,6490000,6490000
17994,134,1,6490000,6490000
17995,133,1,25191000,25191000
17995,267,1,9490000,9490000
17996,297,1,9015500,9015500
17997,253,1,1890000,1890000
17998,256,1,590000,590000
17998,126,1,5990000,5990000
17998,32,1,11990000,11990000
17999,215,1,27990000,27990000
18000,112,1,27990000,27990000
18001,292,1,5841000,5841000
18002,103,1,21840500,21840500
18003,286,1,3141000,3141000
18003,46,1,7990000,7990000
18004,17,1,320000,320000
18005,129,1,2990000,2990000
18005,67,1,18040500,18040500
18006,221,1,18040500,18040500
18007,232,1,750000,750000
18008,150,2,12990000,25980000
18008,119,1,120000,120000
18009,274,1,11990000,11990000
18010,270,1,5990000,5990000
18010,59,1,4491000,4491000
18011,208,1,114000,114000
18012,130,1,7490000,7490000
18012,156,1,27990000,27990000
18012,163,1,18990000,18990000
18013,90,1,450000,450000
18014,225,1,27990000,27990000
18015,275,1,5990000,5990000
18016,213,1,18990000,18990000
18016,206,1,590000,590000
18017,258,1,5990000,5990000
18017,288,1,3990000,3990000
18018,167,1,36990000,36990000
18019,96,1,2990000,2990000
18019,261,1,9490000,9490000
18020,248,2,10791000,21582000
18020,263,1,4740500,4740500
18020,20,1,4360500,4360500
18021,238,1,35140500,35140500
18022,218,1,1701000,1701000
18023,14,1,250000,250000
18024,206,1,590000,590000
18024,320,1,288000,288000
18025,138,1,7115500,7115500
18026,256,1,590000,590000
18027,270,1,5690500,5690500
18028,138,1,7490000,7490000
18029,80,1,9490000,9490000
18029,127,1,6490000,6490000
18030,223,1,5690500,5690500
18031,53,1,9015500,9015500
18032,86,1,18990000,18990000
18033,133,1,27990000,27990000
18034,195,2,2490000,4980000
18035,19,1,11390500,11390500
18035,32,2,11390500,22781000
18035,236,1,7191000,7191000
18036,95,1,7990000,7990000
18037,81,1,5841000,5841000
18038,135,1,5391000,5391000
18038,110,1,4740500,4740500
18038,150,1,12990000,12990000
18039,52,1,180500,180500
18040,152,1,22990000,22990000
18040,177,1,33291000,33291000
18041,300,1,1701000,1701000
18042,304,1,7590500,7590500
18043,297,2,9490000,18980000
18044,77,2,250000,500000
18044,14,1,250000,250000
18045,85,1,27990000,27990000
18046,75,1,5841000,5841000
18047,43,1,9490000,9490000
18048,60,1,11990000,11990000
18049,294,1,5391000,5391000
18050,306,1,1890000,1890000
18051,40,1,1890000,1890000
18052,268,1,450000,450000
18052,133,1,27990000,27990000
18053,239,2,5841000,11682000
18053,25,1,3490000,3490000
18054,31,1,6490000,6490000
18054,81,1,6490000,6490000
18055,81,1,6490000,6490000
18055,195,1,2490000,2490000
18056,100,3,9990000,29970000
18057,177,1,36990000,36990000
18057,198,1,11990000,11990000
18058,73,1,11990000,11990000
18058,108,1,30390500,30390500
18059,90,2,427500,855000
18060,104,1,18990000,18990000
18061,237,1,9490000,9490000
18062,58,1,7490000,7490000
18063,191,1,4740500,4740500
18064,108,1,31990000,31990000
18064,40,1,1890000,1890000
18065,245,1,9490000,9490000
18066,18,1,9490000,9490000
18067,119,1,120000,120000
18068,258,2,5690500,11381000
18069,112,2,27990000,55980000
18070,65,1,18990000,18990000
18070,123,1,2490000,2490000
18071,234,1,7990000,7990000
18072,153,1,120000,120000
18073,68,3,1701000,5103000
18074,29,1,225000,225000
18074,91,1,4740500,4740500
18075,85,1,25191000,25191000
18075,66,1,750000,750000
18076,301,1,3990000,3990000
18076,171,1,2241000,2241000
18076,248,1,11390500,11390500
18077,116,1,18990000,18990000
18077,160,1,2840500,2840500
18078,286,1,3490000,3490000
18078,286,1,3141000,3141000
18078,81,2,6490000,12980000
18079,207,1,3790500,3790500
18080,317,1,30390500,30390500
18081,79,1,190000,190000
18082,187,1,4491000,4491000
18083,284,1,2990000,2990000
18084,91,1,4740500,4740500
18085,142,1,9490000,9490000
18085,226,1,18990000,18990000
18086,53,1,9015500,9015500
18087,6,1,5990000,5990000
18088,54,1,7490000,7490000
18089,17,1,288000,288000
18089,8,1,1890000,1890000
18089,134,1,6490000,6490000
18090,260,1,18990000,18990000
18091,151,1,3315500,3315500
18092,196,1,4491000,4491000
18093,146,1,5990000,5990000
18093,240,1,5690500,5690500
18094,266,1,108000,108000
18095,26,1,31990000,31990000
18096,188,1,9990000,9990000
18096,123,1,2490000,2490000
18096,129,1,2990000,2990000
18097,79,1,190000,190000
18098,24,1,6490000,6490000
18098,282,1,7590500,7590500
18099,22,2,4990000,9980000
18100,13,1,27990000,30789000
18101,18,1,9490000,9490000
18102,199,1,36990000,36990000
18103,168,1,25191000,25191000
18104,83,1,26590500,26590500
18105,182,2,33291000,66582000
18106,179,1,288000,288000
18106,216,1,3990000,3990000
18107,89,1,3490000,3490000
18108,241,1,4590000,4590000
18109,286,1,3490000,3490000
18110,294,1,5391000,5391000
18110,3,1,590000,590000
18110,37,1,108000,108000
18111,120,1,3490000,3490000
18111,234,1,7590500,7590500
18111,180,1,2691000,2691000
18112,11,1,36990000,36990000
18113,116,1,18990000,18990000
18113,284,1,2990000,2990000
18114,248,1,10791000,10791000
18115,8,1,1795500,1795500
18115,252,1,250000,250000
18116,40,1,1890000,1890000
18117,249,1,320000,320000
18118,298,1,6490000,6490000
18118,161,1,18990000,18990000
18118,81,1,5841000,5841000
18119,203,1,25191000,22671900
18120,202,1,11990000,11990000
18121,4,1,320000,320000
18121,200,1,25191000,25191000
18122,266,1,120000,120000
18123,16,1,27990000,27990000
18124,81,1,6165500,6165500
18125,122,1,4990000,4990000
18126,311,1,3990000,3990000
18127,57,1,35140500,35140500
18128,296,1,22990000,22990000
18129,96,1,2990000,2990000
18129,216,1,3790500,3790500
18130,317,1,31990000,31990000
18131,114,1,31990000,31990000
18132,79,1,180500,180500
18133,1,1,1890000,1890000
18134,220,1,11691000,11691000
18135,79,1,180500,180500
18136,42,1,8541000,8541000
18136,239,2,6490000,12980000
18137,35,1,7990000,7990000
18138,61,1,712500,712500
18139,183,1,2490000,2490000
18140,118,1,18040500,18040500
18141,307,1,3315500,3315500
18142,66,1,675000,675000
18142,82,1,2490000,2490000
18143,286,2,3490000,6980000
18144,50,1,9490000,9490000
18144,36,1,171000,171000
18145,37,1,108000,108000
18145,253,1,1890000,1890000
18146,276,1,6490000,6490000
18147,137,1,3790500,3790500
18148,101,1,18990000,18990000
18148,106,1,7990000,7990000
18149,319,1,2990000,2990000
18150,310,1,5990000,5990000
18150,226,1,18990000,18990000
18151,108,1,31990000,31990000
18151,275,3,5990000,17970000
18152,80,1,9490000,9490000
18152,117,1,11990000,11990000
18153,227,1,9990000,9990000
18153,18,1,9490000,9490000
18154,45,1,9490000,9490000
18155,270,1,5990000,5990000
18156,49,1,2241000,2016900
18157,223,1,5990000,5990000
18158,109,2,531000,1062000
18159,178,2,2691000,5382000
18159,74,1,5990000,5990000
18160,96,1,2840500,2840500
18161,93,3,7990000,23970000
18162,67,1,18990000,18990000
18163,264,1,9990000,9990000
18164,222,1,33291000,33291000
18164,167,2,33291000,66582000
18165,11,1,36990000,36990000
18166,181,1,4740500,4740500
18167,128,1,405000,405000
18168,103,1,21840500,21840500
18168,36,1,190000,190000
18169,228,1,2490000,2490000
18169,229,1,225000,225000
18170,42,1,8541000,8541000
18170,263,1,4491000,4491000
18171,247,1,11990000,11990000
18171,201,3,4491000,13473000
18172,128,1,405000,405000
18173,249,2,320000,640000
18173,241,1,4131000,4131000
18174,273,1,11990000,10791000
18175,44,1,2990000,2990000
18176,169,1,3141000,3141000
18177,309,1,33291000,33291000
18178,190,1,2990000,2990000
18179,8,1,1890000,2079000
18180,83,2,25191000,50382000
18181,144,1,4740500,4740500
18181,44,1,2990000,2990000
18182,231,1,36990000,36990000
18183,163,1,17091000,17091000
18184,85,1,26590500,26590500
18185,96,1,2840500,2840500
18185,30,1,5841000,5841000
18186,134,3,6490000,19470000
18187,33,1,250000,250000
18188,149,1,31990000,31990000
18188,178,1,2990000,2990000
18189,131,1,27990000,27990000
18190,281,1,3790500,3790500
18191,19,1,11990000,11990000
18192,137,1,3591000,3591000
18193,83,1,26590500,26590500
18194,235,1,3315500,3315500
18195,71,1,11990000,11990000
18196,272,1,9490000,9490000
18196,136,1,4740500,4740500
18197,210,1,6490000,6490000
18197,127,1,6490000,6490000
18198,297,1,9015500,9015500
18198,174,3,4491000,13473000
18198,246,1,712500,712500
18199,199,1,36990000,36990000
18200,104,2,18990000,37980000
18200,83,1,25191000,25191000
18201,62,1,26590500,26590500
18202,277,1,6490000,6490000
18203,179,1,320000,320000
18204,237,1,9490000,9490000
18204,5,1,7990000,7990000
18205,133,1,26590500,26590500
18205,251,1,27990000,27990000
18206,270,1,5690500,5690500
18207,180,1,2990000,2990000
18208,304,1,7990000,7990000
18209,93,1,7191000,7191000
18210,47,1,6490000,6490000
18210,259,1,36990000,36990000
18210,23,1,36990000,36990000
18211,71,1,11990000,11990000
18211,71,1,11390500,11390500
18212,171,2,2490000,4980000
18213,84,1,9015500,9015500
18213,200,1,27990000,27990000
18214,167,1,33291000,33291000
18214,78,1,427500,427500
18215,75,1,6490000,6490000
18216,278,1,6490000,6490000
18217,276,2,6490000,12980000
18218,212,3,7191000,21573000
18218,183,1,2490000,2490000
18219,150,1,12990000,12990000
18219,65,1,18040500,18040500
18220,160,1,2990000,2990000
18221,251,1,27990000,27990000
18222,59,1,4990000,4990000
18223,147,1,11990000,11990000
18224,107,1,320000,320000
18225,68,1,1795500,1795500
18225,284,1,2990000,2990000
18225,230,1,225000,225000
18226,281,1,3990000,3990000
18227,7,2,6490000,12980000
18228,30,1,6490000,6490000
18229,202,1,11990000,11990000
18230,160,1,2990000,2990000
18231,311,1,3990000,3990000
18231,241,1,4590000,4590000
18232,200,1,27990000,27990000
18233,172,1,3490000,3490000
18234,186,1,9490000,9490000
18234,185,3,2990000,8970000
18234,186,1,9015500,9015500
18235,230,1,250000,250000
18236,225,1,27990000,27990000
18237,136,2,4740500,9481000
18238,232,1,750000,750000
18239,196,1,4491000,4491000
18239,30,2,6165500,12331000
18240,102,3,2490000,7470000
18241,268,2,450000,900000
18241,185,1,2990000,2990000
18242,319,2,2691000,5382000
18243,54,1,7490000,7490000
18244,318,1,7990000,7990000
18244,207,1,3990000,3990000
18245,84,1,9490000,9490000
18246,25,1,3490000,3490000
18247,54,1,7490000,7490000
18248,131,1,27990000,27990000
18249,29,1,250000,250000
18250,42,1,9490000,9490000
18251,27,1,12340500,12340500
18252,156,1,27990000,27990000
18253,35,1,7990000,7990000
18254,168,1,27990000,27990000
18254,156,1,27990000,27990000
18254,49,1,2490000,2490000
18255,116,1,18990000,18990000
18256,12,2,26590500,53181000
18257,205,1,5841000,5841000
18258,209,1,9990000,9990000
18259,267,1,9490000,9490000
18260,275,1,5391000,5391000
18261,67,1,17091000,17091000
18262,25,1,3490000,3490000
18262,45,1,9490000,9490000
18263,106,1,7990000,7990000
18263,313,1,2490000,2490000
18264,204,1,9490000,9490000
18264,310,1,5690500,5690500
18265,21,1,7990000,7990000
18265,287,1,4740500,4740500
18266,73,1,11990000,11990000
18266,295,1,675000,675000
18267,320,1,320000,320000
18268,274,1,11990000,11990000
18269,151,1,3490000,3490000
18270,91,2,4740500,9481000
18271,218,2,1795500,3591000
18272,46,1,7990000,7990000
18273,199,1,36990000,36990000
18273,39,1,31990000,31990000
18273,105,1,9015500,9015500
18274,179,1,320000,320000
18275,232,1,750000,750000
18275,200,1,27990000,27990000
18276,112,1,26590500,26590500
18277,2,1,36990000,36990000
18277,120,3,3141000,9423000
18278,293,1,2990000,2990000
18279,245,1,8541000,8541000
18280,226,1,18990000,18990000
18281,195,1,2490000,2490000
18282,282,1,7191000,7191000
18283,177,1,36990000,36990000
18284,188,3,8991000,26973000
18285,73,1,10791000,10791000
18286,98,1,36990000,36990000
18287,31,1,6490000,6490000
18288,203,1,25191000,25191000
18289,203,1,27990000,27990000
18290,248,1,11990000,11990000
18290,197,1,750000,750000
18291,134,1,6490000,6490000
18292,114,1,31990000,31990000
18293,184,1,5841000,5841000
18294,296,1,22990000,22990000
18295,158,1,2691000,2691000
18296,260,1,18040500,18040500
18297,138,1,7490000,7490000
18298,294,1,5990000,5990000
18299,150,1,12990000,12990000
18300,300,1,1890000,1890000
18301,139,1,9490000,9490000
18302,121,3,171000,513000
18303,209,1,9990000,9990000
18304,44,2,2990000,5980000
18305,50,1,9015500,9015500
18305,308,1,22990000,22990000
18305,21,1,7990000,7990000
18306,56,2,6165500,12331000
18307,228,1,2490000,2490000
18307,140,1,4740500,4740500
18307,16,1,27990000,27990000
18308,168,1,27990000,27990000
18308,134,1,5841000,5841000
18308,291,3,3315500,9946500
18309,141,1,6490000,6490000
18310,122,1,4740500,4740500
18311,85,1,27990000,27990000
18312,26,1,31990000,31990000
18312,78,1,405000,405000
18313,185,1,2840500,2840500
18314,237,1,9490000,9490000
18315,62,1,26590500,26590500
18315,26,1,31990000,31990000
18315,8,1,1701000,1701000
18316,185,1,2691000,2691000
18316,237,1,8541000,8541000
18317,235,1,3490000,3490000
18317,315,1,4360500,4360500
18318,49,1,2490000,2490000
18319,197,2,675000,1350000
18320,123,2,2365500,4731000
18320,169,1,3490000,3490000
18320,241,1,4360500,4360500
18321,225,1,26590500,26590500
18321,257,1,11990000,11990000
18322,182,2,36990000,73980000
18323,276,1,5841000,5841000
18324,96,1,2990000,2990000
18325,54,1,7490000,7490000
18326,142,1,9490000,9490000
18327,217,1,22990000,22990000
18327,271,1,5841000,5841000
18328,171,1,2490000,2490000
18329,310,1,5391000,5391000
18330,316,1,2990000,2990000
18331,27,1,12340500,12340500
18331,264,1,9490500,9490500
18331,95,1,7990000,7990000
18332,101,1,18990000,18990000
18332,5,1,7590500,7590500
18333,52,1,190000,190000
18334,189,3,1890000,5670000
18335,83,2,27990000,55980000
18335,69,1,4990000,4990000
18335,145,1,2990000,2990000
18336,40,1,1795500,1795500
18337,51,2,405000,810000
18337,119,2,108000,216000
18338,285,1,2490000,2490000
18339,218,1,1890000,1890000
18339,166,1,3990000,3990000
18340,124,1,2840500,2840500
18340,310,3,5990000,17970000
18341,299,1,3141000,3141000
18342,228,1,2365500,2365500
18343,268,1,450000,450000
18344,208,1,108000,108000
18345,23,1,33291000,33291000
18346,12,1,27990000,27990000
18347,110,1,4740500,4740500
18348,131,2,27990000,55980000
18349,166,1,3990000,3990000
18350,147,2,11390500,22781000
18350,195,1,2490000,2490000
18351,202,1,11990000,11990000
18352,121,1,190000,190000
18353,201,1,4491000,4491000
18353,15,1,4990000,4990000
18354,51,1,405000,405000
18355,253,1,1890000,1890000
18356,35,1,7990000,7990000
18357,304,1,7590500,7590500
18358,132,1,4990000,4990000
18359,13,1,27990000,27990000
18360,82,1,2490000,2490000
18360,314,1,25191000,25191000
18361,200,1,27990000,27990000
18362,236,1,7191000,7191000
18363,210,1,5841000,5841000
18363,64,1,18990000,18990000
18364,173,1,18040500,18040500
18365,254,1,7191000,7191000
18365,74,1,5391000,5391000
18366,222,1,36990000,36990000
18366,227,1,9990000,9990000
18367,12,1,27990000,27990000
18368,281,3,3790500,11371500
18369,188,1,9990000,9990000
18370,43,1,8541000,8541000
18371,108,1,31990000,31990000
18372,109,1,590000,590000
18372,58,1,7115500,7115500
18373,149,1,31990000,31990000
18374,158,1,2990000,2990000
18374,164,1,3990000,3990000
18375,273,1,11990000,11990000
18376,98,1,33291000,33291000
18377,44,1,2990000,2990000
18378,280,1,4590000,4590000
18379,148,1,5990000,5990000
18380,240,1,5391000,5391000
18380,43,1,9490000,9490000
18380,30,1,6490000,6490000
18381,130,1,7490000,7490000
18382,184,2,6165500,12331000
18383,99,1,12990000,14289000
18384,271,1,6490000,6490000
18385,192,1,7990000,7990000
18386,128,1,450000,450000
18386,224,1,7590500,7590500
18387,222,1,36990000,36990000
18388,252,1,250000,250000
18389,311,1,3990000,3990000
18390,262,1,675000,675000
18390,316,1,2691000,2691000
18391,254,2,7990000,15980000
18391,6,1,5690500,5690500
18392,303,1,18040500,18040500
18392,125,1,5841000,5841000
18393,14,1,225000,225000
18393,21,1,7191000,7191000
18393,198,1,11990000,11990000
18394,295,1,750000,750000
18395,232,1,712500,712500
18395,196,2,4740500,9481000
18396,86,1,18990000,18990000
18397,210,1,5841000,5841000
18398,7,1,6490000,6490000
18399,17,2,304000,608000
18400,216,1,3790500,3790500
18401,211,1,6490000,6490000
18401,276,1,6490000,6490000
18402,155,1,26590500,26590500
18403,128,1,405000,405000
18404,21,1,7990000,7990000
18405,259,1,36990000,36990000
18406,139,1,9490000,9490000
18407,163,1,18990000,18990000
18408,126,1,5990000,5990000
18408,176,1,28791000,28791000
18409,37,1,114000,114000
18410,157,1,7990000,7990000
18411,61,1,750000,750000
18412,291,1,3490000,3490000
18413,174,1,4990000,4990000
18413,29,1,250000,250000
18413,34,1,17091000,17091000
18414,298,1,5841000,5841000
18415,16,1,26590500,26590500
18415,97,1,4131000,4131000
18416,315,2,4131000,8262000
18417,121,1,190000,190000
18418,69,1,4740500,4740500
18419,229,1,250000,250000
18419,39,1,30390500,30390500
18420,107,1,320000,320000
18420,167,1,36990000,36990000
18420,310,1,5990000,5990000
18421,270,1,5391000,5391000
18421,208,1,120000,120000
18422,128,1,450000,450000
18422,233,1,250000,250000
18422,310,1,5990000,5990000
18423,116,1,18040500,18040500
18424,60,1,11990000,11990000
18424,38,1,11390500,11390500
18425,250,1,171000,171000
18426,303,1,18990000,18990000
18427,167,1,36990000,36990000
18428,62,1,27990000,27990000
18428,183,1,2490000,2490000
18429,9,1,320000,320000
18430,249,1,320000,320000
18430,13,1,27990000,27990000
18431,274,1,10791000,10791000
18432,204,1,9490000,9490000
18433,21,1,7990000,7990000
18434,13,3,25191000,75573000
18435,204,1,9490000,9490000
18435,254,1,7990000,7990000
18436,110,1,4990000,4990000
18437,156,1,27990000,27990000
18438,300,3,1701000,5103000
18439,189,1,1795500,1795500
18439,202,3,11990000,35970000
18440,176,1,31990000,31990000
18440,139,1,9490000,9490000
18441,256,2,560500,1121000
18442,248,1,11990000,11990000
18443,149,1,28791000,28791000
18443,134,1,6490000,6490000
18444,91,1,4740500,4740500
18444,16,1,27990000,27990000
18445,110,1,4740500,4740500
18446,173,1,18990000,18990000
18447,263,1,4491000,4491000
18448,39,1,31990000,31990000
18448,133,1,26590500,26590500
18449,317,1,28791000,28791000
18450,81,1,6490000,6490000
18451,227,1,9990000,9990000
18452,52,1,171000,171000
18453,308,1,22990000,22990000
18454,29,1,250000,250000
18454,304,1,7990000,7990000
18455,128,1,405000,405000
18456,252,1,250000,250000
18456,194,1,6490000,6490000
18457,297,1,9490000,9490000
18457,122,1,4740500,4740500
18457,16,2,27990000,55980000
18458,67,1,18990000,18990000
18459,256,1,560500,504450
18459,279,2,4590000,9180000
18460,38,1,11390500,11390500
18460,38,1,10791000,10791000
18461,146,1,5990000,5990000
18462,319,1,2990000,2990000
18463,157,1,7191000,7191000
18463,228,1,2241000,2241000
18464,112,1,27990000,27990000
18465,294,2,5391000,10782000
18466,293,1,2990000,2990000
18467,319,1,2990000,2990000
18467,130,1,7490000,7490000
18467,120,2,3315500,6631000
18468,51,1,450000,450000
18469,157,1,7990000,7990000
18469,91,2,4990000,9980000
18470,251,1,25191000,25191000
18470,113,2,18990000,37980000
18470,173,1,18990000,18990000
18471,141,3,6490000,19470000
18472,1,2,1701000,3402000
18473,117,1,11990000,11990000
18474,133,1,27990000,27990000
18474,85,1,26590500,26590500
18475,176,1,31990000,31990000
18476,42,1,8541000,8541000
18477,210,2,6165500,12331000
18478,113,1,18040500,18040500
18479,185,1,2990000,2990000
18479,197,1,750000,750000
18480,191,1,4990000,4990000
18481,257,1,10791000,9711900
18482,170,1,18990000,18990000
18482,143,1,2365500,2365500
18483,34,1,18040500,18040500
18484,293,1,2840500,2840500
18485,66,1,750000,750000
18485,311,1,3990000,3990000
18486,215,2,27990000,55980000
18486,153,1,120000,120000
18487,177,1,33291000,33291000
18488,76,1,22990000,22990000
18489,34,1,18040500,18040500
18490,306,1,1795500,1795500
18491,105,1,9490000,9490000
18492,137,1,3591000,3591000
18493,238,1,36990000,36990000
18494,194,1,6490000,6490000
18495,109,1,590000,590000
18496,220,1,12990000,12990000
18497,315,1,4360500,4360500
18498,69,1,4491000,4491000
18499,197,1,712500,712500
18500,245,1,8541000,8541000
18501,92,1,250000,250000
18501,26,1,31990000,31990000
18502,110,1,4990000,4990000
18503,253,1,1890000,1890000
18504,3,1,560500,560500
18505,59,1,4491000,4491000
18506,164,1,3790500,3790500
18507,88,2,7590500,15181000
18507,117,1,11390500,11390500
18508,278,1,6165500,6165500
18509,232,1,750000,750000
18510,59,3,4990000,14970000
18511,80,1,8541000,8541000
18512,5,2,7990000,15980000
18513,211,1,5841000,5841000
18514,109,1,590000,590000
18515,139,1,9015500,9015500
18516,181,2,4491000,8982000
18517,65,1,18990000,18990000
18517,148,1,5391000,5391000
18517,153,1,120000,120000
18518,253,1,1890000,1890000
18518,312,1,4491000,4491000
18519,306,1,1890000,1890000
18520,84,1,9490000,9490000
18521,117,2,11390500,22781000
18522,115,1,28791000,28791000
18522,268,1,405000,405000
18522,247,1,10791000,10791000
18523,186,1,9490000,9490000
18523,92,1,250000,250000
18524,234,1,7990000,7990000
18525,305,1,1890000,1890000
18526,94,1,5990000,5990000
18526,103,1,20691000,20691000
18527,175,1,2490000,2490000
18528,141,1,6165500,6165500
18529,115,1,30390500,30390500
18529,187,1,4740500,4740500
18529,151,1,3315500,3315500
18530,225,1,25191000,25191000
18530,224,1,7990000,7990000
18531,157,1,7990000,7990000
18532,245,1,9490000,9490000
18532,112,1,26590500,26590500
18532,255,1,27990000,27990000
18533,183,1,2241000,2241000
18533,260,2,18990000,37980000
18534,207,1,3990000,3990000
18535,16,1,25191000,25191000
18536,302,1,33291000,33291000
18537,8,1,1890000,1890000
18538,315,1,4590000,4590000
18539,267,1,9490000,9490000
18539,234,1,7990000,7990000
18540,77,1,250000,250000
18541,265,1,31990000,31990000
18542,257,1,11990000,11990000
18542,128,1,405000,405000
18543,23,1,36990000,36990000
18543,263,1,4990000,4990000
18544,124,1,2990000,2990000
18545,213,3,18990000,56970000
18546,106,1,7191000,7191000
18547,82,1,2365500,2365500
18548,164,1,3990000,3990000
18549,285,2,2490000,4980000
18549,152,1,22990000,22990000
18550,255,1,27990000,27990000
18551,186,1,9490000,9490000
18552,305,1,1890000,1890000
18552,162,1,18990000,18990000
18553,39,1,28791000,28791000
18553,83,1,27990000,27990000
18553,23,1,36990000,36990000
18554,36,1,190000,190000
18555,237,1,9490000,9490000
18555,175,1,2490000,2490000
18556,27,1,12990000,12990000
18557,6,1,5391000,5391000
18558,316,1,2990000,2990000
18559,290,1,17091000,17091000
18560,73,2,11990000,23980000
18561,205,1,6490000,6490000
18562,204,1,9490000,9490000
18562,175,1,2490000,2490000
18563,100,1,9990000,9990000
18564,128,1,405000,405000
18565,208,1,108000,108000
18566,12,1,25191000,25191000
18566,320,1,320000,320000
18567,133,1,27990000,27990000
18568,167,1,36990000,36990000
18569,165,1,6490000,6490000
18570,220,1,12990000,12990000
18571,212,1,7990000,7990000
18571,285,1,2365500,2365500
18572,72,1,7990000,7990000
18572,277,1,6490000,6490000
18573,58,1,7490000,7490000
18574,201,3,4740500,14221500
18574,262,1,750000,750000
18575,228,1,2365500,2365500
18575,308,1,22990000,22990000
18576,207,1,3990000,3990000
18576,27,1,12990000,12990000
18577,266,1,120000,120000
18578,296,1,20691000,20691000
18579,245,1,9015500,9015500
18580,7,1,6165500,6165500
18580,37,1,120000,120000
18580,190,1,2990000,2990000
18581,126,1,5391000,5391000
18582,103,1,22990000,20691000
18582,257,1,11990000,11990000
18582,227,1,9990000,9990000
18583,253,1,1890000,1890000
18584,92,2,237500,475000
18585,56,1,6490000,7139000
18585,233,1,250000,250000
18586,49,1,2490000,2490000
18587,205,3,5841000,17523000
18587,119,1,114000,114000
18588,239,1,6490000,6490000
18589,206,2,560500,1121000
18590,253,1,1795500,1795500
18591,208,1,120000,120000
18592,70,1,1890000,1890000
18593,114,1,31990000,31990000
18594,135,1,5990000,5990000
18595,109,1,531000,531000
18596,285,1,2490000,2490000
18597,168,1,26590500,26590500
18598,218,1,1795500,1795500
18599,192,1,7191000,7191000
18600,241,1,4590000,4590000
18600,222,1,33291000,33291000
18601,271,1,6490000,6490000
18601,155,3,27990000,83970000
18602,223,1,5990000,5990000
18603,92,1,250000,250000
18604,259,1,35140500,35140500
18605,9,2,320000,640000
18606,172,2,3490000,6980000
18607,202,1,10791000,10791000
18607,86,1,17091000,17091000
18608,274,1,11990000,11990000
18608,83,1,25191000,25191000
18609,246,1,712500,712500
18610,254,1,7191000,7191000
18611,196,1,4491000,4491000
18612,133,1,27990000,27990000
18613,235,1,3490000,3490000
18614,301,1,3990000,3990000
18614,10,1,6490000,6490000
18615,93,1,7590500,7590500
18616,113,1,18990000,18990000
18617,300,1,1701000,1701000
18618,302,1,33291000,33291000
18618,22,1,4740500,4740500
18619,238,1,36990000,36990000
18620,123,1,2490000,2490000
18620,288,1,3990000,3990000
18621,130,1,7115500,7115500
18622,196,1,4990000,4990000
18623,23,1,36990000,36990000
18624,227,1,8991000,8991000
18625,202,2,10791000,21582000
18626,316,1,2990000,2990000
18627,281,2,3591000,7182000
18627,180,1,2990000,2990000
18628,261,2,9015500,18031000
18629,21,1,7990000,7990000
18630,36,1,171000,171000
18630,60,1,11390500,11390500
18631,202,1,11990000,11990000
18631,316,1,2990000,2990000
18632,16,1,27990000,27990000
18633,130,1,7490000,7490000
18634,192,1,7191000,7191000
18635,162,3,18990000,56970000
18635,107,1,320000,320000
18635,252,1,250000,250000
18636,34,1,18990000,18990000
18636,306,1,1701000,1701000
18637,54,2,7490000,14980000
18637,133,1,25191000,25191000
18637,203,1,26590500,26590500
18638,217,1,21840500,21840500
18639,126,1,5391000,5930100
18640,135,1,5990000,5990000
18641,181,1,4491000,4491000
18642,38,1,11990000,11990000
18643,173,2,18990000,37980000
18644,191,1,4990000,4990000
18645,90,1,427500,427500
18645,37,1,120000,120000
18646,116,1,18990000,18990000
18646,132,1,4990000,4990000
18647,250,1,190000,190000
18647,127,1,6490000,6490000
18648,143,1,2365500,2365500
18648,180,1,2990000,2990000
18649,211,1,5841000,5841000
18649,214,2,27990000,55980000
18650,168,1,26590500,26590500
18650,150,1,12990000,12990000
18650,100,1,8991000,8991000
18651,152,1,22990000,22990000
18651,140,1,4990000,4990000
18652,194,1,6490000,6490000
18653,149,1,28791000,28791000
18654,71,1,11990000,11990000
18654,269,1,450000,450000
18655,83,2,27990000,55980000
18656,281,1,3990000,3990000
18657,164,2,3591000,7182000
18657,149,1,31990000,31990000
18658,259,1,33291000,33291000
18659,138,1,7490000,7490000
18660,280,1,4590000,5049000
18661,188,1,9990000,9990000
18662,165,1,6165500,6165500
18663,143,1,2490000,2490000
18664,215,1,27990000,27990000
18665,162,1,18040500,18040500
18665,100,1,9990000,9990000
18666,192,3,7590500,22771500
18667,86,1,17091000,17091000
18668,180,1,2691000,2691000
18668,194,1,6490000,6490000
18668,173,1,18990000,18990000
18669,129,1,2691000,2691000
18670,245,1,8541000,8541000
18671,155,1,27990000,27990000
18672,304,1,7990000,7990000
18673,215,1,26590500,26590500
18673,91,1,4990000,4990000
18673,314,1,27990000,27990000
18674,153,1,114000,114000
18675,41,1,171000,171000
18676,102,1,2490000,2490000
18676,16,1,27990000,27990000
18677,280,1,4360500,4360500
18677,265,2,31990000,63980000
18678,299,1,3490000,3490000
18679,238,1,33291000,33291000
18679,218,1,1890000,1890000
18680,72,2,7590500,15181000
18680,156,1,27990000,27990000
18681,64,2,18990000,37980000
18681,131,1,27990000,27990000
18682,32,1,11990000,11990000
18683,21,1,7990000,7990000
18684,292,1,6165500,6165500
18685,292,1,6490000,6490000
18686,255,1,26590500,26590500
18687,85,1,27990000,27990000
18688,235,1,3490000,3490000
18688,145,1,2990000,2990000
18689,243,2,18990000,37980000
18689,299,1,3490000,3490000
18690,71,1,11390500,11390500
18691,142,1,8541000,8541000
18691,72,1,7590500,7590500
18692,157,1,7990000,7990000
18692,115,1,30390500,30390500
18693,210,2,6490000,12980000
18694,139,1,9490000,9490000
18695,210,1,6490000,6490000
18695,6,1,5990000,5990000
18695,102,1,2241000,2241000
18696,255,1,26590500,26590500
18697,193,1,36990000,36990000
18697,51,1,427500,427500
18698,122,1,4990000,4990000
18699,103,1,21840500,21840500
18700,41,1,190000,190000
18701,115,1,28791000,28791000
18701,153,2,120000,240000
18702,154,1,20691000,20691000
18702,118,1,18990000,18990000
18703,185,2,2990000,5980000
18704,166,1,3790500,3790500
18705,187,1,4990000,4990000
18705,48,1,6490000,6490000
18706,244,1,31990000,31990000
18707,156,1,25191000,25191000
18708,301,1,3990000,3990000
18708,154,1,22990000,22990000
18709,175,1,2490000,2490000
18710,92,1,250000,250000
18710,47,1,5841000,5841000
18711,146,1,5990000,5990000
18712,300,1,1890000,1890000
18713,154,1,22990000,22990000
18714,23,1,36990000,36990000
18715,16,1,26590500,26590500
18716,7,1,6490000,6490000
18716,29,1,250000,250000
18717,120,1,3141000,3141000
18718,302,1,35140500,35140500
18719,64,1,18990000,18990000
18719,41,1,190000,190000
18720,244,2,31990000,63980000
18721,65,1,17091000,17091000
18721,53,1,8541000,8541000
18721,96,1,2990000,2990000
18722,192,1,7990000,7990000
18722,276,1,6165500,6165500
18723,199,1,36990000,36990000
18723,242,1,5990000,5990000
18724,59,1,4740500,4740500
18724,41,1,190000,190000
18725,138,1,6741000,6741000
18726,128,1,427500,427500
18726,229,1,237500,237500
18727,151,1,3490000,3490000
18727,216,1,3990000,3990000
18728,1,1,1795500,1795500
18729,204,1,9015500,9015500
18729,122,3,4990000,14970000
18729,283,1,9490000,9490000
18730,228,1,2490000,2490000
18731,125,1,6165500,6165500
18732,154,1,20691000,20691000
18732,249,2,304000,608000
18733,35,2,7590500,15181000
18733,244,1,30390500,30390500
18734,166,3,3990000,11970000
18735,192,1,7590500,7590500
18735,234,1,7990000,7990000
18736,261,3,8541000,25623000
18736,271,3,6490000,19470000
18737,276,1,5841000,5841000
18738,195,1,2490000,2490000
18738,266,2,120000,240000
18738,66,1,675000,675000
18739,231,1,36990000,36990000
18740,278,1,6490000,6490000
18741,172,1,3490000,3490000
18742,261,1,8541000,8541000
18742,45,1,9015500,9015500
18743,120,1,3490000,3490000
18744,165,1,6490000,6490000
18745,152,1,20691000,20691000
18746,221,1,18040500,18040500
18747,139,1,9490000,9490000
18747,185,1,2990000,2990000
18748,281,1,3990000,3990000
18749,259,2,33291000,66582000
18749,294,1,5990000,5990000
18749,18,1,8541000,8541000
18750,309,1,33291000,33291000
18751,9,1,288000,288000
18752,39,1,31990000,31990000
18753,94,1,5391000,5391000
18754,87,1,4491000,4491000
18755,154,1,20691000,20691000
18756,181,1,4740500,4740500
18757,50,1,9490000,9490000
18758,18,1,9490000,9490000
18759,26,1,31990000,31990000
18760,282,1,7990000,7990000
18760,109,1,590000,590000
18760,285,1,2241000,2241000
18761,26,1,31990000,31990000
18762,214,2,27990000,55980000
18762,138,1,7115500,7115500
18763,314,1,25191000,25191000
18764,170,1,18990000,18990000
18765,72,1,7191000,7191000
18766,227,1,9990000,9990000
18767,246,1,750000,750000
18767,119,1,120000,120000
18768,175,1,2490000,2490000
18769,183,1,2490000,2490000
18769,312,1,4990000,4990000
18770,97,1,4590000,4590000
18771,151,1,3315500,3315500
18772,269,1,405000,405000
18773,18,1,9490000,9490000
18773,180,1,2990000,2990000
18773,129,1,2840500,2840500
18774,229,1,250000,250000
18775,101,3,18990000,56970000
18776,266,1,120000,120000
18777,121,1,190000,190000
18778,46,1,7191000,7191000
18779,100,1,9990000,9990000
18779,170,1,17091000,17091000
18780,188,1,9990000,9990000
18780,79,1,180500,180500
18781,137,1,3990000,3990000
18782,162,1,18990000,18990000
18783,168,2,27990000,55980000
18784,168,2,27990000,55980000
18785,174,1,4491000,4491000
18785,15,1,4990000,4990000
18786,79,1,180500,180500
18787,157,1,7191000,7191000
18788,32,1,10791000,10791000
18788,251,1,25191000,25191000
18789,112,2,25191000,50382000
18789,159,1,11691000,11691000
18789,200,1,27990000,27990000
18790,124,1,2990000,2990000
18791,292,1,6490000,6490000
18792,86,1,18990000,18990000
18793,119,1,120000,120000
18794,171,1,2490000,2490000
18794,269,1,450000,450000
18794,199,1,35140500,35140500
18795,237,1,9490000,9490000
18796,27,1,12340500,12340500
18797,314,1,27990000,27990000
18797,249,1,320000,320000
18798,154,1,22990000,22990000
18798,85,1,27990000,27990000
18798,133,1,27990000,27990000
18799,255,1,26590500,26590500
18800,276,1,6490000,6490000
18801,162,1,18990000,18990000
18802,320,1,304000,273600
18802,32,1,11990000,11990000
18803,118,1,18990000,18990000
18804,258,1,5690500,5690500
18805,85,1,25191000,25191000
18806,268,1,427500,427500
18806,264,1,9990000,9990000
18807,300,1,1890000,1890000
18808,75,1,6490000,6490000
18809,159,1,12340500,12340500
18810,12,2,27990000,55980000
18811,217,1,21840500,21840500
18812,283,2,9490000,18980000
18812,97,2,4590000,9180000
18813,57,2,36990000,73980000
18813,226,1,18040500,18040500
18813,88,1,7990000,7990000
18814,84,2,9490000,18980000
18815,250,1,190000,190000
18816,89,1,3490000,3490000
18816,277,1,6490000,6490000
18817,280,1,4590000,4590000
18817,81,1,5841000,5841000
18818,139,1,9490000,9490000
18819,316,1,2990000,2990000
18819,9,2,288000,576000
18820,255,2,25191000,50382000
18821,245,1,9015500,9015500
18822,44,1,2990000,2990000
18823,110,2,4990000,9980000
18824,238,2,35140500,70281000
18825,181,1,4491000,4491000
18826,2,1,36990000,36990000
18827,213,1,18990000,18990000
18827,309,1,36990000,36990000
18828,82,1,2490000,2490000
18829,108,1,30390500,30390500
18830,245,1,9490000,9490000
18830,269,1,450000,450000
18831,308,1,22990000,22990000
18832,23,1,36990000,36990000
18833,291,1,3490000,3490000
18834,130,1,7490000,6741000
18835,143,1,2365500,2365500
18835,66,1,750000,750000
18836,208,1,120000,120000
18837,143,3,2490000,7470000
18837,261,1,8541000,8541000
18838,116,2,18040500,36081000
18838,185,1,2691000,2691000
18839,32,1,11990000,11990000
18840,243,1,18040500,18040500
18840,180,1,2990000,2990000
18840,107,1,320000,320000
18841,113,1,18040500,18040500
18841,98,1,33291000,33291000
18842,154,1,22990000,22990000
18842,74,1,5990000,5990000
18843,165,1,6490000,6490000
18843,96,1,2990000,2990000
18844,176,1,30390500,30390500
18845,66,3,712500,2137500
18845,252,1,250000,250000
18845,51,1,450000,450000
18846,200,1,27990000,27990000
18847,131,1,26590500,26590500
18847,223,1,5990000,5990000
18848,116,1,17091000,17091000
18849,126,1,5990000,5990000
18850,154,1,22990000,22990000
18850,26,1,31990000,31990000
18851,141,1,6490000,6490000
18852,271,1,6490000,6490000
18853,145,1,2691000,2691000
18853,269,1,450000,450000
18853,303,1,18990000,18990000
18854,272,2,9015500,18031000
18855,189,1,1890000,1890000
18855,113,1,18990000,18990000
18856,19,1,11390500,11390500
18857,32,3,10791000,32373000
18858,272,1,9490000,9490000
18859,310,3,5690500,17071500
18860,295,1,712500,712500
18861,37,1,114000,114000
18862,2,1,36990000,36990000
18863,97,2,4360500,8721000
18864,48,1,5841000,5841000
18865,139,1,9015500,9015500
18866,188,1,9490500,9490500
18867,50,1,9490000,9490000
18868,156,1,27990000,27990000
18869,275,1,5990000,5990000
18870,105,1,8541000,8541000
18870,263,1,4990000,4990000
18871,266,1,120000,120000
18871,281,1,3990000,3990000
18871,22,1,4491000,4491000
18872,201,1,4990000,4990000
18872,51,1,427500,427500
18872,119,1,120000,120000
18873,168,1,27990000,27990000
18873,218,2,1890000,3780000
18874,142,2,9490000,18980000
18875,26,1,31990000,31990000
18875,223,1,5391000,5391000
18875,127,1,6490000,6490000
18876,59,1,4990000,4990000
18877,60,1,11990000,11990000
18877,213,1,18990000,18990000
18878,213,1,18990000,18990000
18879,253,1,1795500,1795500
18880,6,1,5690500,5690500
18881,79,1,190000,190000
18882,229,1,250000,250000
18883,228,1,2490000,2490000
18884,312,3,4740500,14221500
18885,305,1,1795500,1795500
18886,146,1,5990000,5990000
18887,177,1,33291000,33291000
18888,227,1,9490500,9490500
18889,256,1,590000,590000
18890,251,1,26590500,26590500
18890,17,1,304000,304000
18891,21,1,7990000,7990000
18892,80,1,9490000,9490000
18893,205,1,6490000,6490000
18894,112,1,26590500,26590500
18894,154,1,21840500,21840500
18895,94,1,5391000,5391000
18895,25,1,3490000,3490000
18895,99,1,12990000,12990000
18896,134,1,5841000,5841000
18897,119,1,108000,108000
18897,277,1,6490000,6490000
18898,315,1,4590000,4590000
18898,87,1,4740500,4740500
18899,304,1,7590500,7590500
18900,319,1,2840500,2840500
18901,13,2,27990000,55980000
18902,204,1,9490000,9490000
18902,63,1,5391000,5391000
18903,28,1,4590000,4590000
18904,4,1,320000,320000
18904,9,2,320000,640000
18905,279,1,4360500,4360500
18906,31,1,6165500,6165500
18907,318,1,7990000,7990000
18908,84,1,9490000,9490000
18909,319,2,2840500,5681000
18909,37,1,120000,120000
18910,239,1,6490000,6490000
18911,99,1,12990000,12990000
18912,49,1,2365500,2365500
18913,16,1,27990000,27990000
18913,102,1,2490000,2490000
18913,253,1,1890000,1890000
18914,4,1,320000,320000
18914,4,1,304000,304000
18914,51,1,427500,427500
18915,102,1,2490000,2490000
18916,25,1,3141000,3141000
18916,285,1,2490000,2490000
18917,42,1,8541000,8541000
18918,253,1,1890000,1890000
18919,143,1,2490000,2490000
18920,267,1,9490000,9490000
18920,164,1,3990000,3990000
18921,23,1,35140500,35140500
18922,249,1,304000,304000
18923,37,1,114000,114000
18924,62,1,27990000,27990000
18925,103,1,22990000,22990000
18926,316,1,2990000,2990000
18927,97,1,4590000,4590000
18927,165,1,6165500,6165500
18928,211,1,5841000,5841000
18928,180,1,2691000,2691000
18929,229,1,225000,225000
18930,154,1,20691000,20691000
18931,32,1,11990000,11990000
18932,174,1,4990000,4990000
18933,240,1,5990000,5990000
18934,31,1,6490000,6490000
18934,18,2,9490000,18980000
18935,38,1,10791000,10791000
18936,196,1,4990000,4990000
18937,196,1,4740500,4740500
18938,285,1,2490000,2490000
18939,263,1,4990000,4990000
18940,99,2,11691000,23382000
18941,15,1,4740500,4740500
18942,76,1,20691000,20691000
18943,8,1,1890000,1890000
18944,91,1,4990000,4990000
18945,299,1,3490000,3490000
18946,262,1,675000,675000
18947,26,1,31990000,31990000
18947,72,1,7590500,7590500
18948,192,1,7990000,7990000
18949,108,1,30390500,30390500
18949,16,1,27990000,27990000
18950,205,1,6490000,6490000
18951,120,1,3490000,3490000
18952,228,1,2241000,2241000
18953,310,2,5990000,11980000
18954,38,1,10791000,10791000
18955,128,1,427500,427500
18955,311,1,3790500,3790500
18956,232,1,712500,712500
18956,64,1,17091000,17091000
18957,251,1,27990000,27990000
18958,21,1,7990000,7990000
18959,172,1,3490000,3490000
18959,245,1,9490000,9490000
18960,83,1,26590500,26590500
18961,291,1,3141000,3141000
18962,223,1,5990000,5990000
18963,316,1,2990000,2990000
18963,270,1,5990000,5990000
18963,160,1,2840500,2840500
18964,176,2,31990000,63980000
18965,137,1,3591000,3591000
18966,23,1,36990000,36990000
18966,234,1,7590500,7590500
18967,79,1,180500,180500
18967,99,1,12990000,12990000
18968,288,1,3990000,3990000
18969,318,1,7590500,7590500
18970,199,2,35140500,70281000
18971,216,1,3990000,3990000
18971,263,1,4990000,4990000
18972,238,1,36990000,36990000
18973,5,1,7990000,7990000
18974,153,2,108000,216000
18975,227,1,9990000,9990000
18976,312,1,4990000,4990000
18977,27,1,11691000,11691000
18978,119,1,120000,120000
18979,285,1,2241000,2241000
18980,51,1,405000,405000
18981,122,1,4740500,4740500
18981,147,1,10791000,10791000
18982,233,1,250000,250000
18983,193,1,35140500,35140500
18983,107,1,304000,304000
18984,236,1,7990000,7990000
18985,87,1,4491000,4491000
18985,180,1,2990000,2990000
18986,296,1,22990000,22990000
18986,144,1,4990000,4990000
18987,99,1,11691000,11691000
18988,295,1,750000,750000
18988,236,1,7990000,7990000
18989,188,1,9990000,9990000
18990,110,1,4740500,4740500
18990,180,1,2990000,2990000
18991,309,1,36990000,36990000
18992,301,1,3790500,3790500
18993,44,1,2840500,2840500
18994,12,1,25191000,25191000
18995,244,1,30390500,30390500
18996,246,2,750000,1350000
18997,234,1,7990000,7990000
18998,99,1,12340500,12340500
18999,194,1,6490000,6490000
18999,3,1,590000,590000
19000,102,1,2365500,2365500
19000,90,1,450000,450000
19001,195,1,2490000,2490000
19002,32,1,11990000,11990000
19003,253,1,1890000,1890000
19004,154,3,21840500,65521500
19005,134,1,6490000,6490000
19006,251,1,27990000,27990000
19006,37,2,120000,240000
19007,230,1,225000,202500
19008,81,1,6490000,6490000
19009,197,1,750000,750000
19010,25,1,3490000,3490000
19011,36,1,190000,190000
19012,42,1,8541000,8541000
19013,79,1,190000,190000
19014,117,1,11390500,11390500
19015,189,1,1795500,1795500
19016,147,1,11390500,11390500
19017,176,1,28791000,28791000
19017,308,1,22990000,22990000
19018,296,1,20691000,20691000
19019,5,1,7191000,7191000
19020,207,1,3591000,3591000
19021,59,3,4990000,14970000
19022,260,1,18040500,18040500
19023,181,1,4990000,4990000
19024,253,1,1890000,1890000
19025,177,1,35140500,35140500
19026,177,1,36990000,36990000
19026,80,2,9490000,18980000
19027,82,1,2241000,2241000
19028,75,1,5841000,5841000
19028,194,1,6490000,6490000
19029,251,1,25191000,25191000
19030,200,1,27990000,27990000
19031,1,3,1795500,5386500
19032,263,1,4990000,4990000
19033,240,1,5990000,5990000
19033,137,1,3990000,3990000
19034,311,1,3591000,3591000
19035,105,1,9015500,9015500
19035,18,1,8541000,8541000
19036,260,2,18990000,37980000
19037,140,1,4990000,4990000
19037,255,1,27990000,27990000
19038,42,1,9490000,9490000
19039,18,2,8541000,17082000
19040,102,1,2241000,2241000
19040,136,1,4990000,4990000
19041,31,2,6490000,12980000
19042,223,1,5990000,5990000
19043,263,1,4990000,4990000
19044,56,1,5841000,5841000
19044,221,1,18990000,18990000
19044,216,1,3790500,3790500
19045,140,1,4491000,4491000
19046,88,1,7990000,7990000
19047,77,1,225000,225000
19048,288,1,3591000,3591000
19049,311,1,3990000,3990000
19050,43,1,9490000,9490000
19051,91,1,4740500,4740500
19051,71,3,10791000,32373000
19052,111,1,6741000,6741000
19053,278,1,6490000,6490000
19054,139,1,9490000,9490000
19054,139,1,9015500,9015500
19055,130,1,7490000,7490000
19056,143,3,2241000,6723000
19057,138,1,7490000,7490000
19058,52,1,190000,190000
19058,160,1,2691000,2691000
19059,280,1,4590000,4590000
19059,157,1,7990000,7990000
19060,19,2,10791000,21582000
19060,229,1,237500,237500
19060,138,1,6741000,6741000
19061,222,1,33291000,33291000
19061,186,1,9015500,9015500
19062,271,1,6490000,6490000
19063,186,1,9015500,9015500
19064,72,1,7990000,7990000
19065,226,1,18990000,18990000
19065,154,1,22990000,22990000
19066,68,2,1890000,3780000
19067,8,1,1890000,1890000
19068,64,1,18990000,18990000
19069,182,1,35140500,35140500
19070,109,2,590000,1180000
19071,46,1,7990000,7990000
19071,8,1,1890000,1890000
19072,67,1,18990000,18990000
19073,182,1,35140500,31626450
19073,76,1,21840500,21840500
19074,267,1,9490000,9490000
19075,185,2,2990000,5382000
19076,32,1,11990000,11990000
19077,132,1,4990000,4990000
19078,107,1,320000,320000
19079,211,1,6490000,6490000
19080,143,1,2241000,2241000
19081,234,1,7191000,7191000
19081,102,1,2241000,2241000
19082,270,1,5990000,5990000
19082,30,3,6490000,19470000
19083,264,1,9990000,9990000
19084,6,1,5990000,5990000
19085,317,1,31990000,31990000
19085,35,1,7990000,7990000
19085,188,1,9990000,9990000
19086,95,1,7990000,7990000
19087,171,1,2365500,2365500
19087,179,1,320000,320000
19088,254,1,7990000,7990000
19088,165,1,6490000,6490000
19088,128,1,405000,405000
19089,221,1,17091000,17091000
19090,18,1,9490000,9490000
19090,84,1,9490000,9490000
19090,107,1,304000,304000
19091,185,1,2691000,2691000
19092,14,1,225000,225000
19092,242,1,5690500,5690500
19093,296,1,22990000,22990000
19094,234,1,7990000,7990000
19095,225,1,26590500,26590500
19095,187,1,4740500,4740500
19096,145,2,2990000,5980000
19097,101,1,18040500,18040500
19098,13,1,27990000,27990000
19098,150,1,11691000,11691000
19099,10,3,6490000,19470000
19100,253,1,1890000,1890000
19100,131,1,25191000,25191000
19101,274,1,11990000,11990000
19102,262,1,750000,750000
19103,107,1,304000,304000
19104,261,1,8541000,8541000
19105,125,1,6490000,6490000
19106,126,1,5990000,5990000
19107,71,1,10791000,10791000
19108,158,1,2691000,2691000
19109,203,1,27990000,27990000
19110,28,2,4131000,8262000
19111,255,1,27990000,27990000
19112,228,1,2241000,2241000
19113,122,1,4990000,4990000
19114,94,1,5391000,5391000
19115,237,2,9490000,18980000
19116,241,2,4131000,8262000
19117,259,1,36990000,36990000
19117,118,1,17091000,17091000
19118,112,1,27990000,27990000
19118,227,1,9490500,9490500
19119,140,1,4990000,4990000
19120,11,1,36990000,36990000
19121,220,1,12990000,12990000
19122,305,1,1890000,1890000
19123,145,1,2990000,2990000
19124,230,1,250000,250000
19124,309,1,36990000,36990000
19125,275,2,5990000,11980000
19126,41,1,171000,188100
19126,165,1,6490000,6490000
19127,27,2,12990000,25980000
19127,104,1,18040500,18040500
19128,261,1,9015500,9015500
19129,10,1,6165500,6165500
19130,112,1,27990000,27990000
19130,14,1,225000,225000
19130,204,1,8541000,8541000
19131,98,1,36990000,36990000
19132,238,1,36990000,36990000
19133,184,1,6490000,6490000
19134,229,1,250000,250000
19135,172,1,3490000,3490000
19136,306,1,1795500,1795500
19136,79,2,171000,342000
19136,173,3,18990000,56970000
19137,132,2,4740500,9481000
19138,141,1,6490000,6490000
19139,219,1,7191000,7191000
19140,112,1,27990000,27990000
19140,304,2,7990000,15980000
19140,315,1,4360500,4360500
19141,38,2,11990000,23980000
19142,7,1,6490000,6490000
19143,237,1,9490000,9490000
19144,157,1,7990000,7990000
19145,281,1,3790500,3790500
19146,51,1,427500,427500
19147,242,1,5391000,5391000
19148,180,1,2990000,2990000
19149,77,1,250000,250000
19150,87,3,4491000,13473000
19150,183,1,2365500,2365500
19151,247,1,10791000,10791000
19152,260,1,18990000,18990000
19153,188,1,9990000,9990000
19153,314,1,26590500,26590500
19153,271,1,6490000,6490000
19154,318,1,7990000,7990000
19154,225,1,27990000,27990000
19154,173,1,18990000,18990000
19155,284,1,2691000,2691000
19155,45,1,8541000,7686900
19155,298,1,6165500,6165500
19156,274,1,11390500,11390500
19157,77,1,237500,237500
19158,103,1,21840500,21840500
19159,39,1,31990000,31990000
19160,278,1,5841000,5841000
19160,275,1,5990000,5990000
19161,201,1,4740500,4740500
19162,236,1,7990000,7990000
19162,16,1,27990000,27990000
19162,93,1,7191000,7191000
19163,104,1,18040500,18040500
19163,116,1,17091000,17091000
19163,82,1,2490000,2490000
19164,273,1,10791000,10791000
19165,221,1,18990000,18990000
19166,222,1,36990000,36990000
19167,192,1,7990000,7990000
19168,280,1,4590000,4590000
19169,319,1,2990000,2990000
19169,188,1,9990000,9990000
19170,119,1,120000,120000
19170,278,1,6490000,6490000
19171,309,1,35140500,35140500
19171,147,1,11990000,11990000
19172,192,1,7990000,7990000
19173,262,2,750000,1500000
19174,227,1,9990000,9990000
19175,110,1,4491000,4491000
19175,220,1,12990000,12990000
19175,23,1,35140500,35140500
19176,76,1,22990000,22990000
19177,147,1,11990000,11990000
19178,1,1,1701000,1701000
19178,316,2,2990000,5980000
19179,21,1,7590500,7590500
19180,253,1,1795500,1795500
19180,25,1,3490000,3490000
19181,203,1,27990000,27990000
19182,159,1,11691000,11691000
19183,273,1,11990000,11990000
19184,288,2,3790500,7581000
19184,28,1,4590000,4590000
19184,88,1,7590500,7590500
19185,44,1,2990000,2990000
19186,115,1,30390500,30390500
19187,28,1,4131000,4131000
19188,38,1,11390500,11390500
19189,221,1,18990000,18990000
19189,108,1,31990000,31990000
19190,104,1,18990000,18990000
19191,279,3,4131000,12393000
19192,298,1,6490000,6490000
19192,280,1,4590000,4590000
19193,153,1,120000,120000
19194,1,1,1701000,1701000
19195,282,1,7191000,7191000
19196,285,1,2490000,2490000
19196,45,1,9490000,9490000
19196,27,3,12990000,38970000
19197,109,1,560500,560500
19198,202,1,11990000,11990000
19199,273,1,11990000,11990000
19199,235,1,3490000,3490000
19200,102,1,2241000,2241000
19200,255,1,25191000,25191000
19200,176,1,31990000,31990000
19201,308,1,22990000,22990000
19202,203,1,27990000,27990000
19203,15,1,4740500,4740500
19203,176,1,28791000,28791000
19204,243,1,18990000,18990000
19205,18,1,9490000,8541000
19206,156,1,26590500,26590500
19207,37,1,120000,120000
19208,302,1,36990000,36990000
19209,106,1,7990000,7990000
19210,265,1,28791000,31670100
19211,76,1,22990000,22990000
19212,141,1,6490000,6490000
19213,185,1,2840500,2840500
19214,73,1,11990000,11990000
19215,56,1,6490000,6490000
19216,27,2,12990000,25980000
19216,61,1,712500,712500
19217,224,1,7191000,7191000
19217,210,1,6165500,6165500
19218,264,1,9990000,9990000
19219,1,1,1701000,1701000
19219,124,1,2990000,2990000
19220,49,1,2490000,2490000
19221,285,1,2241000,2241000
19221,161,1,18990000,18990000
19221,109,1,560500,560500
19222,120,1,3490000,3490000
19222,23,1,33291000,33291000
19223,185,1,2990000,2990000
19224,290,1,18990000,18990000
19224,61,1,750000,750000
19225,157,1,7191000,7191000
19226,25,1,3141000,3141000
19227,7,1,6165500,6165500
19228,250,1,171000,171000
19229,151,1,3141000,3141000
19230,18,1,8541000,8541000
19230,130,1,7490000,7490000
19231,200,2,27990000,55980000
19232,151,1,3490000,3490000
19233,154,1,20691000,20691000
19234,212,1,7590500,7590500
19234,182,1,36990000,36990000
19234,157,1,7990000,7990000
19235,36,1,190000,190000
19236,166,1,3790500,3790500
19237,64,1,18040500,18040500
19238,76,3,22990000,68970000
19239,315,1,4590000,4590000
19240,186,1,9490000,9490000
19241,122,1,4491000,4491000
19242,83,1,27990000,27990000
19243,120,1,3141000,3141000
19244,90,1,450000,450000
19245,30,1,6490000,6490000
19246,243,1,18990000,18990000
19246,71,1,11990000,11990000
19247,38,1,10791000,10791000
19248,88,1,7590500,7590500
19248,14,1,225000,225000
19249,250,1,190000,190000
19249,238,2,35140500,70281000
19249,154,1,21840500,21840500
19250,302,1,33291000,33291000
19251,298,1,6165500,6165500
19252,31,1,6490000,6490000
19253,259,1,33291000,33291000
19254,320,1,320000,320000
19254,37,1,120000,120000
19254,58,2,7490000,14980000
19255,234,1,7590500,7590500
19255,271,1,6165500,6165500
19256,253,1,1890000,1890000
19257,48,1,6165500,6165500
19257,51,1,450000,450000
19258,65,1,17091000,17091000
19258,96,1,2990000,2990000
19259,27,1,12990000,12990000
19260,238,1,35140500,35140500
19260,212,1,7990000,7990000
19261,70,1,1890000,1890000
19261,117,1,11990000,11990000
19262,19,1,11990000,11990000
19262,23,1,36990000,36990000
19263,63,1,5391000,5391000
19263,263,1,4740500,4740500
19264,234,1,7191000,7191000
19265,236,1,7990000,7990000
19266,316,1,2990000,2990000
19267,76,1,22990000,22990000
19267,61,1,675000,675000
19268,274,1,11990000,11990000
19268,173,1,17091000,17091000
19269,4,1,320000,320000
19270,159,1,11691000,11691000
19271,206,1,590000,590000
19271,215,1,27990000,27990000
19272,286,1,3490000,3490000
19272,41,1,190000,190000
19273,21,3,7990000,23970000
19274,50,1,9015500,9015500
19275,261,1,9490000,9490000
19275,89,1,3490000,3490000
19276,214,1,27990000,27990000
19277,27,1,12990000,12990000
19278,25,1,3490000,3490000
19279,301,1,3990000,3990000
19280,51,1,405000,405000
19281,303,1,18990000,18990000
19281,31,1,6165500,6165500
19282,273,2,10791000,21582000
19283,62,1,27990000,27990000
19284,309,2,36990000,73980000
19284,309,1,35140500,35140500
19285,319,1,2990000,2990000
19285,278,1,6490000,6490000
19286,130,1,7490000,7490000
19287,168,1,27990000,27990000
19287,118,1,18990000,18990000
19288,70,1,1795500,1795500
19289,42,1,9490000,9490000
19289,174,1,4740500,4740500
19290,72,1,7990000,7990000
19291,65,1,18990000,18990000
19291,152,2,20691000,41382000
19291,179,1,320000,320000
19292,196,1,4491000,4491000
19293,53,1,9490000,9490000
19294,49,2,2490000,4980000
19295,40,1,1890000,1890000
19296,273,1,11990000,11990000
19297,299,1,3490000,3490000
19297,311,1,3990000,3990000
19298,33,2,250000,500000
19299,136,2,4990000,9980000
19300,211,1,5841000,5841000
19301,318,1,7990000,7990000
19301,199,1,33291000,33291000
19302,145,2,2990000,5980000
19302,319,2,2990000,5980000
19302,91,1,4491000,4491000
19303,135,2,5990000,11980000
19304,110,1,4990000,4990000
19304,147,1,11990000,11990000
19305,227,3,8991000,26973000
19305,279,1,4131000,4131000
19305,74,1,5990000,5990000
19306,46,1,7990000,7990000
19307,114,1,31990000,31990000
19308,57,1,36990000,36990000
19309,44,1,2691000,2691000
19310,141,1,6490000,6490000
19310,181,2,4990000,9980000
19311,20,1,4590000,4590000
19312,94,1,5690500,5690500
19313,243,1,17091000,17091000
19314,81,1,6165500,6165500
19315,93,1,7990000,7990000
19316,130,1,6741000,6741000
19316,296,1,22990000,22990000
19317,147,1,11390500,11390500
19317,228,1,2490000,2490000
19318,138,1,7490000,7490000
19319,74,1,5391000,5391000
19320,250,2,190000,380000
19320,64,1,18990000,18990000
19321,226,1,17091000,17091000
19322,44,2,2990000,5980000
19323,254,1,7590500,7590500
19323,69,1,4740500,4740500
19324,182,2,35140500,70281000
19325,100,1,9990000,9990000
19326,293,1,2840500,2840500
19327,307,1,3490000,3490000
19328,312,1,4990000,4990000
19329,95,1,7191000,7191000
19330,191,1,4990000,4990000
19331,81,1,6490000,5841000
19332,246,2,675000,1350000
19333,257,1,11990000,11990000
19334,247,1,11390500,11390500
19335,21,1,7191000,7191000
19336,295,3,712500,2137500
19337,11,1,36990000,36990000
19338,170,1,18040500,18040500
19339,221,1,18990000,18990000
19340,256,1,531000,531000
19340,271,1,5841000,5841000
19340,247,1,11390500,11390500
19341,38,1,11390500,11390500
19341,177,1,33291000,33291000
19342,281,1,3990000,3990000
19343,35,1,7191000,7191000
19344,170,1,18990000,18990000
19345,247,1,11990000,11990000
19345,152,1,21840500,21840500
19346,255,1,27990000,30789000
19347,211,1,6490000,6490000
19347,144,2,4990000,9980000
19347,106,1,7990000,7990000
19348,58,1,7490000,7490000
19349,206,1,560500,560500
19349,221,1,17091000,17091000
19350,320,1,320000,320000
19351,199,1,35140500,35140500
19352,208,1,108000,108000
19353,305,1,1890000,1890000
19353,121,1,190000,190000
19354,173,1,18990000,18990000
19354,274,1,11990000,11990000
19355,313,1,2490000,2490000
19356,69,1,4491000,4491000
19357,236,1,7990000,7990000
19358,269,1,450000,450000
19358,229,1,225000,225000
19359,175,1,2365500,2365500
19359,267,1,9015500,9015500
19359,76,1,22990000,22990000
19360,225,1,27990000,27990000
19361,77,1,250000,250000
19362,200,1,27990000,27990000
19363,23,1,35140500,35140500
19364,88,1,7990000,7990000
19365,180,1,2840500,2840500
19365,303,1,18990000,18990000
19366,254,1,7990000,7990000
19367,300,1,1795500,1795500
19367,163,2,18990000,37980000
19368,221,1,18990000,18990000
19368,158,1,2990000,2990000
19369,277,1,6490000,6490000
19369,181,1,4491000,4491000
19370,129,1,2990000,2990000
19371,234,1,7990000,7990000
19372,273,1,11990000,11990000
19373,307,1,3490000,3490000
19374,280,3,4590000,13770000
19375,187,2,4740500,9481000
19375,187,2,4990000,9980000
19376,238,1,36990000,40689000
19377,149,1,31990000,31990000
19377,89,1,3141000,3141000
19378,220,1,12990000,12990000
19379,67,1,18990000,18990000
19379,248,1,11390500,11390500
19379,93,1,7191000,7191000
19380,64,1,18990000,18990000
19380,116,1,18990000,18990000
19381,232,1,675000,675000
19382,155,2,27990000,55980000
19382,163,1,18040500,18040500
19383,294,1,5990000,5990000
19384,236,1,7590500,7590500
19384,225,1,27990000,27990000
19385,189,1,1890000,1890000
19386,263,1,4990000,4990000
19386,159,1,12340500,12340500
19387,192,1,7990000,7990000
19388,141,1,6165500,6165500
19389,215,1,27990000,27990000
19389,293,1,2990000,2990000
19390,121,1,190000,190000
19391,152,1,22990000,22990000
19392,80,2,8541000,17082000
19393,128,1,450000,450000
19394,22,1,4740500,4740500
19395,69,1,4740500,4266450
19395,66,2,750000,1500000
19396,121,1,190000,190000
19397,176,1,30390500,30390500
19398,96,1,2990000,2990000
19399,134,2,5841000,11682000
19400,59,3,4740500,14221500
19401,286,1,3490000,3490000
19401,50,3,9015500,27046500
19401,73,1,11390500,11390500
19402,89,1,3490000,3490000
19403,145,1,2840500,2840500
19403,13,1,25191000,25191000
19404,222,1,35140500,35140500
19405,205,1,6490000,6490000
19406,97,2,4590000,9180000
19406,142,1,9490000,9490000
19407,229,1,250000,250000
19408,310,1,5990000,5990000
19409,194,1,6490000,6490000
19410,301,1,3990000,3990000
19411,152,1,22990000,22990000
19411,201,1,4990000,4990000
19412,32,1,10791000,10791000
19412,256,1,590000,590000
19413,152,1,22990000,22990000
19414,216,2,3990000,7980000
19414,199,1,36990000,36990000
19415,47,1,6490000,6490000
19416,211,1,5841000,5841000
19417,139,1,9490000,9490000
19418,268,1,450000,450000
19419,158,1,2840500,2840500
19420,160,1,2990000,2990000
19421,209,1,8991000,8991000
19422,88,1,7990000,7990000
19423,127,1,6490000,6490000
19424,143,1,2490000,2490000
19425,291,1,3490000,3490000
19425,197,1,712500,712500
19426,49,1,2490000,2490000
19427,300,1,1890000,1890000
19428,219,1,7990000,7990000
19428,317,1,31990000,31990000
19428,109,1,590000,590000
19429,200,1,27990000,27990000
19429,181,1,4990000,4990000
19430,100,1,9990000,9990000
19431,135,1,5690500,5690500
19432,140,1,4491000,4491000
19432,255,1,25191000,25191000
19432,190,1,2990000,2990000
19433,68,1,1795500,1795500
19433,289,1,11990000,11990000
19434,233,1,237500,237500
19435,125,1,6490000,6490000
19436,8,1,1795500,1795500
19437,184,2,6490000,12980000
19438,17,1,320000,320000
19438,280,1,4590000,4590000
19439,215,1,25191000,25191000
19440,4,1,320000,320000
19440,218,1,1890000,1890000
19441,156,1,25191000,25191000
19442,155,1,27990000,27990000
19443,48,1,6490000,6490000
19444,283,1,9490000,9490000
19444,192,1,7990000,7990000
19445,96,1,2990000,2990000
19445,32,1,11390500,11390500
19446,41,1,190000,190000
19447,304,1,7990000,7990000
19448,182,1,33291000,33291000
19448,178,1,2990000,2990000
19449,66,1,675000,675000
19450,168,1,26590500,26590500
19451,114,1,28791000,28791000
19452,37,1,120000,120000
19453,277,1,6165500,6165500
19453,157,1,7990000,7990000
19454,78,1,450000,450000
19455,57,1,36990000,36990000
19456,201,1,4990000,4990000
19457,97,3,4590000,13770000
19457,183,1,2490000,2490000
19458,188,1,9990000,9990000
19458,57,1,36990000,36990000
19459,169,1,3315500,3315500
19459,105,1,9015500,9015500
19460,287,1,4990000,4990000
19461,93,1,7990000,7990000
19461,204,1,9015500,9015500
19462,176,1,31990000,31990000
19463,213,1,18990000,18990000
19464,297,1,9490000,9490000
19465,237,1,9015500,9015500
19466,174,1,4990000,4990000
19467,144,3,4990000,14970000
19468,52,1,171000,171000
19469,91,1,4990000,4990000
19469,45,1,9015500,9015500
19470,91,1,4990000,4990000
19471,132,1,4990000,4990000
19471,51,1,405000,405000
19472,312,1,4990000,4990000
19473,86,2,18990000,37980000
19473,6,3,5990000,17970000
19474,81,2,6490000,12980000
19475,228,1,2490000,2490000
19476,82,1,2241000,2241000
19476,311,1,3990000,3990000
19476,21,1,7590500,7590500
19477,180,1,2990000,2990000
19478,44,1,2691000,2691000
19479,38,1,11990000,11990000
19480,88,2,7590500,15181000
19481,186,1,9490000,9490000
19481,189,1,1701000,1701000
19482,289,1,11990000,11990000
19483,234,1,7590500,7590500
19484,241,1,4590000,4590000
19485,54,1,7115500,7115500
19485,87,1,4990000,4990000
19486,142,1,9490000,9490000
19487,67,1,18990000,18990000
19487,224,1,7990000,7990000
19487,236,1,7990000,7990000
19488,104,1,17091000,17091000
19489,70,1,1701000,1701000
19490,106,1,7990000,7990000
19491,34,2,17091000,34182000
19491,56,1,6490000,6490000
19492,6,1,5690500,5690500
19492,235,1,3315500,3315500
19493,180,1,2691000,2691000
19494,231,1,36990000,36990000
19494,175,1,2490000,2490000
19495,263,1,4990000,4990000
19495,39,1,28791000,28791000
19495,261,1,9490000,9490000
19496,197,1,750000,750000
19496,135,1,5990000,5990000
19497,179,1,320000,320000
19498,224,1,7191000,7191000
19499,146,1,5690500,5690500
19499,198,1,11990000,11990000
19500,84,1,8541000,8541000
19501,92,1,250000,250000
19501,165,1,6490000,6490000
19502,189,1,1890000,1890000
19503,191,1,4990000,4990000
19504,206,1,590000,590000
19504,272,1,9490000,9490000
19504,255,1,27990000,27990000
19505,89,1,3490000,3490000
19505,228,3,2490000,7470000
19506,132,1,4990000,4990000
19507,298,1,6165500,6165500
19508,316,1,2990000,2990000
19509,214,1,27990000,27990000
19510,291,1,3490000,3490000
19510,166,1,3990000,3990000
19511,58,2,7490000,14980000
19512,303,1,18990000,18990000
19512,132,1,4990000,4990000
19512,220,1,12990000,12990000
19513,303,2,18040500,36081000
19513,256,1,590000,590000
19514,130,1,7490000,7490000
19515,268,1,427500,427500
19516,315,1,4590000,4590000
19517,180,1,2990000,2990000
19517,82,1,2241000,2241000
19518,79,1,190000,190000
19519,60,1,11990000,11990000
19519,89,1,3141000,3141000
19520,287,1,4990000,4990000
19521,110,1,4491000,4491000
19522,47,1,5841000,5841000
19523,257,1,11990000,11990000
19524,49,1,2490000,2490000
19524,139,2,8541000,17082000
19525,306,1,1890000,1890000
19526,123,1,2490000,2490000
19527,68,1,1890000,1890000
19528,167,1,36990000,36990000
19529,169,1,3315500,3315500
19530,94,1,5690500,5690500
19531,103,2,22990000,45980000
19532,220,1,12990000,12990000
19533,300,1,1795500,1795500
19534,130,3,7115500,21346500
19535,8,1,1701000,1701000
19536,100,1,9990000,9990000
19536,68,1,1890000,1890000
19537,52,1,171000,171000
19538,255,1,27990000,27990000
19539,124,1,2691000,2691000
19539,53,1,8541000,8541000
19540,88,1,7990000,7990000
19540,265,1,31990000,31990000
19541,228,1,2490000,2490000
19542,68,1,1890000,1890000
19543,116,1,18040500,18040500
19544,172,1,3490000,3490000
19545,1,2,1890000,3780000
19546,123,1,2490000,2490000
19547,317,1,31990000,31990000
19548,5,2,7990000,15980000
19548,318,1,7990000,8789000
19549,34,1,18040500,18040500
19550,157,1,7990000,7990000
19551,221,2,18990000,37980000
19552,11,2,33291000,59923800
19553,160,1,2691000,2691000
19554,314,1,25191000,25191000
19555,243,1,18990000,18990000
19556,282,2,7590500,15181000
19557,282,1,7990000,7990000
19557,281,1,3990000,3990000
19558,20,1,4131000,4131000
19558,194,1,6165500,6165500
19559,98,1,36990000,36990000
19560,274,1,11990000,11990000
19561,136,1,4990000,4990000
19562,68,1,1890000,1890000
19563,273,1,11990000,11990000
19564,208,1,120000,120000
19564,203,1,27990000,27990000
19565,153,1,120000,120000
19566,1,1,1890000,1890000
19567,45,1,9015500,9015500
19568,35,1,7590500,7590500
19568,185,1,2990000,2990000
19569,84,1,9490000,9490000
19570,161,1,18990000,18990000
19571,70,1,1795500,1795500
19571,238,1,36990000,36990000
19571,16,1,27990000,27990000
19572,213,1,17091000,17091000
19573,53,1,9015500,9015500
19573,59,1,4990000,4990000
19574,279,1,4131000,4131000
19575,298,2,6165500,12331000
19576,4,1,320000,320000
19576,71,1,11990000,11990000
19576,9,1,288000,288000
19577,141,1,6490000,6490000
19578,317,1,31990000,35189000
19579,225,1,27990000,27990000
19579,271,1,6490000,6490000
19580,282,1,7990000,7990000
19580,242,2,5990000,11980000
19581,33,1,237500,237500
19582,190,1,2691000,2691000
19583,218,1,1701000,1701000
19584,239,1,6490000,6490000
19585,135,1,5690500,5690500
19586,54,1,7490000,7490000
19587,218,1,1890000,1890000
19588,89,3,3315500,9946500
19589,102,1,2365500,2365500
19590,117,1,11390500,11390500
19591,41,1,190000,190000
19592,212,1,7990000,7990000
19593,311,1,3990000,3990000
19593,133,1,27990000,27990000
19594,45,1,9490000,9490000
19595,45,1,8541000,8541000
19596,5,1,7590500,7590500
19597,224,1,7990000,7990000
19597,217,1,22990000,22990000
19598,128,1,450000,450000
19598,317,2,30390500,60781000
19599,68,1,1795500,1795500
19599,127,1,6490000,6490000
19600,104,1,18990000,18990000
19600,5,1,7191000,7191000
19601,140,1,4990000,4990000
19601,177,1,35140500,38654550
19602,65,3,17091000,51273000
19602,299,1,3315500,3315500
19603,320,1,320000,320000
19604,142,1,9490000,9490000
19604,33,1,250000,250000
19605,308,1,22990000,22990000
19606,160,1,2990000,2990000
19606,272,1,9490000,9490000
19607,18,1,9490000,9490000
19608,59,1,4740500,4740500
19609,45,1,9490000,9490000
19610,221,2,18990000,37980000
19611,17,1,304000,304000
19611,245,1,9490000,9490000
19612,17,1,304000,304000
19612,184,1,6165500,5548950
19612,256,1,590000,590000
19613,45,3,9490000,28470000
19613,283,2,9015500,18031000
19614,217,1,21840500,21840500
19615,33,1,250000,250000
19616,257,1,10791000,10791000
19616,215,2,27990000,55980000
19617,163,1,18990000,18990000
19618,246,1,750000,750000
19619,153,2,120000,240000
19620,218,1,1890000,1890000
19621,152,1,21840500,21840500
19622,14,1,250000,250000
19623,239,1,6490000,6490000
19624,42,1,9015500,9015500
19625,171,1,2241000,2241000
19626,230,1,250000,250000
19627,195,3,2365500,7096500
19627,296,2,22990000,45980000
19627,74,1,5990000,5990000
19628,306,1,1890000,1890000
19629,108,1,31990000,31990000
19630,216,1,3990000,3990000
19631,17,1,320000,320000
19631,310,1,5990000,5990000
19632,302,1,35140500,35140500
19633,249,1,288000,288000
19633,236,1,7990000,7990000
19633,176,3,28791000,86373000
19634,233,1,237500,261250
19635,268,1,450000,450000
19636,111,1,7490000,7490000
19637,157,1,7990000,7990000
19638,210,1,6490000,6490000
19639,80,1,9015500,9015500
19640,186,1,9490000,9490000
19641,18,2,9015500,18031000
19642,85,1,27990000,27990000
19643,78,1,450000,450000
19644,18,2,9490000,18980000
19645,201,1,4740500,4740500
19645,73,1,10791000,10791000
19646,197,2,750000,1500000
19647,185,1,2840500,2840500
19648,257,1,11990000,11990000
19649,119,1,108000,108000
19650,252,1,250000,250000
19651,274,1,11390500,10251450
19652,149,1,28791000,28791000
19652,55,1,9990000,9990000
19653,229,1,237500,237500
19653,2,1,36990000,36990000
19654,165,1,6490000,6490000
19655,114,1,31990000,31990000
19656,224,1,7590500,7590500
19656,313,1,2241000,2241000
19657,104,1,18990000,18990000
19657,141,1,5841000,5841000
19657,104,1,18990000,18990000
19658,6,1,5990000,5990000
19659,22,1,4990000,4990000
19659,198,1,10791000,10791000
19660,155,1,27990000,27990000
19661,167,1,33291000,33291000
19662,202,1,10791000,10791000
19663,198,3,10791000,32373000
19663,109,1,531000,531000
19664,17,1,288000,288000
19664,57,2,36990000,73980000
19664,94,1,5990000,5990000
19665,271,1,5841000,5841000
19666,274,1,11990000,11990000
19667,50,3,9490000,28470000
19667,230,1,250000,250000
19668,225,1,27990000,27990000
19668,227,1,9990000,9990000
19669,282,1,7590500,7590500
19670,39,1,31990000,31990000
19671,242,1,5990000,5990000
19672,70,1,1890000,1890000
19672,144,1,4990000,4990000
19673,29,1,250000,250000
19674,204,1,8541000,8541000
19674,144,1,4990000,4990000
19675,302,1,36990000,36990000
19676,257,2,11390500,22781000
19677,187,1,4990000,4990000
19677,172,1,3490000,3490000
19678,298,1,6165500,6165500
19679,195,2,2365500,4731000
19680,317,1,31990000,31990000
19680,38,1,11990000,11990000
19681,285,1,2490000,2490000
19681,251,1,27990000,27990000
19682,49,1,2490000,2490000
19683,89,1,3315500,3315500
19684,221,1,18990000,18990000
19685,111,1,7115500,7115500
19686,124,1,2990000,2990000
19686,235,1,3490000,3490000
19686,159,1,12990000,12990000
19687,149,1,31990000,31990000
19688,62,1,26590500,26590500
19688,291,1,3141000,3141000
19689,190,1,2990000,2990000
19690,135,1,5990000,5990000
19690,57,1,36990000,36990000
19691,56,1,6490000,6490000
19691,136,1,4990000,4990000
19692,37,1,120000,120000
19693,88,1,7191000,7191000
19694,291,1,3490000,3490000
19695,308,1,22990000,22990000
19696,120,1,3315500,3315500
19697,16,1,27990000,27990000
19698,288,1,3990000,3990000
19699,159,1,12990000,12990000
19699,232,1,712500,712500
19700,316,2,2990000,5980000
19701,24,1,6165500,6165500
19701,312,2,4990000,9980000
19702,112,2,25191000,50382000
19702,109,1,590000,590000
19703,297,1,9490000,9490000
19703,8,1,1890000,1701000
19703,266,1,108000,108000
19704,206,1,590000,590000
19705,213,1,17091000,17091000
19706,313,1,2490000,2490000
19707,217,1,22990000,22990000
19707,18,1,9490000,9490000
19708,222,1,36990000,36990000
19708,14,1,237500,237500
19709,273,1,11990000,11990000
19710,157,1,7990000,7990000
19710,307,1,3490000,3490000
19711,107,1,320000,320000
19712,4,1,288000,288000
19713,319,1,2990000,2990000
19714,287,2,4990000,9980000
19714,15,1,4990000,4990000
19715,135,1,5990000,5990000
19716,213,1,18990000,18990000
19717,29,1,225000,225000
19717,283,1,9490000,9490000
19718,90,2,450000,900000
19719,238,1,36990000,36990000
19720,52,1,190000,190000
19721,53,1,9490000,9490000
19721,167,1,35140500,35140500
19722,64,1,18990000,18990000
19723,143,1,2490000,2490000
19724,145,1,2990000,3289000
19725,269,1,405000,405000
19725,157,1,7990000,7990000
19725,224,1,7990000,7990000
19726,160,1,2990000,2990000
19726,39,1,31990000,31990000
19727,129,1,2990000,2990000
19727,104,1,18990000,18990000
19728,143,1,2365500,2365500
19728,60,1,11990000,11990000
19729,320,1,288000,288000
19730,202,1,11990000,11990000
19731,218,1,1795500,1795500
19732,57,1,36990000,36990000
19732,248,1,11390500,11390500
19733,16,1,27990000,27990000
19734,217,1,21840500,21840500
19735,32,1,11990000,11990000
19736,68,1,1701000,1701000
19736,145,1,2990000,2990000
19737,86,1,18990000,18990000
19738,73,1,11990000,11990000
19739,212,1,7191000,7191000
19740,240,1,5990000,5990000
19741,311,1,3591000,3591000
19742,277,1,6165500,6165500
19743,243,1,18990000,18990000
19744,38,1,11390500,11390500
19745,67,1,18990000,18990000
19746,225,1,27990000,27990000
19747,92,1,250000,250000
19748,14,1,250000,250000
19748,255,1,27990000,27990000
19749,86,1,18990000,18990000
19750,319,1,2990000,2990000
19751,268,1,450000,450000
19752,224,1,7590500,7590500
19753,261,1,8541000,8541000
19754,81,2,6490000,12980000
19754,155,1,25191000,25191000
19755,244,1,30390500,30390500
19755,252,1,250000,250000
19756,44,1,2990000,2990000
19756,116,1,17091000,17091000
19757,198,1,11990000,11990000
19758,35,1,7990000,7990000
19759,87,1,4740500,4740500
19759,134,1,6490000,6490000
19760,203,1,25191000,25191000
19760,191,2,4740500,9481000
19761,24,1,6490000,6490000
19761,139,1,9015500,9015500
19762,44,1,2691000,2691000
19762,106,2,7590500,15181000
19763,105,1,9490000,9490000
19763,89,1,3141000,3141000
19764,79,2,190000,380000
19764,145,1,2691000,2691000
19765,107,1,320000,320000
19766,63,1,5690500,5690500
19767,99,1,12990000,11691000
19767,78,2,405000,810000
19767,194,1,6490000,6490000
19768,153,1,108000,108000
19769,232,1,750000,750000
19770,295,1,712500,712500
19771,300,1,1701000,1701000
19772,79,1,190000,190000
19773,160,3,2990000,8970000
19773,144,1,4990000,4990000
19774,207,1,3990000,3990000
19774,13,1,26590500,26590500
19774,212,1,7990000,7990000
19775,309,1,35140500,35140500
19775,89,1,3315500,3315500
19776,162,1,18990000,18990000
19777,53,1,8541000,8541000
19778,77,1,237500,237500
19779,209,1,9990000,9990000
19780,31,1,6165500,6165500
19780,265,1,28791000,28791000
19781,211,1,6490000,6490000
19782,289,1,11390500,11390500
19783,272,1,8541000,8541000
19784,145,1,2990000,2990000
19785,73,1,11990000,11990000
19786,269,1,405000,405000
19787,171,1,2365500,2365500
19787,271,1,6490000,6490000
19787,47,1,6165500,6165500
19788,82,1,2241000,2241000
19788,1,1,1701000,1701000
19789,77,1,250000,250000
19789,71,1,11990000,11990000
19790,26,1,31990000,31990000
19791,27,1,11691000,11691000
19792,208,1,120000,120000
19793,135,1,5690500,5690500
19794,109,1,560500,560500
19795,248,1,10791000,10791000
19795,139,1,9490000,9490000
19796,122,1,4491000,4491000
19797,103,1,22990000,22990000
19798,178,1,2990000,2990000
19799,289,1,11990000,11990000
19800,35,1,7990000,7990000
19801,311,1,3591000,3591000
19802,291,1,3490000,3490000
19802,253,1,1795500,1795500
19802,229,1,250000,250000
19803,213,1,17091000,17091000
19803,248,1,11390500,11390500
19804,188,1,9990000,9990000
19805,320,1,320000,288000
19806,204,1,9490000,9490000
19806,288,1,3990000,3990000
19807,108,3,31990000,95970000
19807,22,1,4990000,4990000
19808,307,1,3315500,3315500
19809,33,1,250000,250000
19810,21,1,7990000,7990000
19810,102,1,2365500,2365500
19811,303,2,17091000,34182000
19812,165,1,6490000,6490000
19813,50,1,9490000,9490000
19814,311,2,3990000,7980000
19814,48,1,6490000,6490000
19814,280,1,4131000,4131000
19815,173,3,17091000,51273000
19815,205,1,6490000,6490000
19815,189,1,1701000,1701000
19816,62,1,27990000,27990000
19816,138,1,7115500,7115500
19817,66,1,750000,750000
19818,194,1,5841000,6425100
19819,217,1,22990000,22990000
19819,105,1,9490000,9490000
19820,242,1,5990000,5990000
19821,163,2,18990000,37980000
19821,192,3,7590500,25048650
19821,145,1,2990000,2990000
19822,214,1,25191000,25191000
19823,56,1,6490000,6490000
19824,153,2,120000,240000
19825,245,2,9490000,18980000
19826,90,1,450000,450000
19827,62,1,26590500,26590500
19828,237,1,8541000,8541000
19829,213,1,18990000,18990000
19830,89,1,3490000,3490000
19831,122,2,4990000,9980000
19831,168,1,25191000,25191000
19832,256,1,531000,531000
19833,276,1,6490000,6490000
19834,2,1,33291000,33291000
19835,230,1,250000,250000
19835,147,1,10791000,9711900
19836,183,1,2490000,2490000
19837,266,1,120000,120000
19838,120,1,3141000,3141000
19838,123,1,2490000,2490000
19839,253,1,1890000,1890000
19840,244,1,31990000,31990000
19841,31,2,5841000,11682000
19842,250,1,171000,171000
19843,76,1,22990000,22990000
19844,279,1,4131000,4131000
19845,85,1,27990000,27990000
19846,107,2,288000,576000
19846,12,2,27990000,55980000
19847,84,1,9490000,9490000
19848,132,1,4740500,4740500
19848,171,1,2241000,2241000
19848,135,1,5990000,5990000
19849,186,2,9490000,18980000
19849,116,1,18990000,18990000
19850,303,1,18990000,18990000
19851,21,1,7990000,7990000
19852,78,2,450000,900000
19853,4,1,288000,288000
19853,24,1,6490000,6490000
19854,150,1,11691000,11691000
19855,170,1,18990000,18990000
19856,283,1,9490000,9490000
19857,142,1,9490000,9490000
19857,53,1,9015500,9015500
19858,214,1,27990000,27990000
19859,220,1,12990000,12990000
19860,243,1,17091000,17091000
19861,210,1,5841000,5841000
19862,82,1,2490000,2490000
19862,162,1,18990000,18990000
19863,180,1,2990000,2990000
19864,179,2,320000,640000
19865,256,1,560500,560500
19866,282,1,7990000,7990000
19867,75,1,6490000,6490000
19868,31,1,6490000,6490000
19869,109,1,590000,590000
19870,259,1,36990000,36990000
19871,281,1,3990000,3990000
19872,76,1,22990000,22990000
19873,42,1,9490000,9490000
19874,43,1,9490000,9490000
19875,178,2,2990000,5980000
19876,85,1,27990000,27990000
19877,189,1,1890000,1890000
19878,132,1,4491000,4491000
19879,236,1,7990000,7990000
19880,280,3,4131000,12393000
19881,63,1,5990000,5990000
19881,226,1,17091000,17091000
19881,79,3,190000,570000
19882,78,1,450000,450000
19883,251,1,27990000,27990000
19884,127,1,6490000,6490000
19884,121,2,190000,380000
19885,274,1,11990000,11990000
19885,308,1,20691000,20691000
19886,174,1,4990000,4990000
19887,156,1,27990000,27990000
19888,232,1,750000,750000
19889,275,1,5990000,5990000
19890,74,1,5990000,5990000
19891,161,1,18990000,18990000
19892,139,1,9490000,9490000
19893,225,1,27990000,27990000
19893,266,1,120000,120000
19893,269,1,427500,427500
19894,251,1,27990000,27990000
19895,114,1,31990000,31990000
19895,113,1,18990000,18990000
19896,50,1,9490000,9490000
19896,310,1,5391000,5391000
19897,144,1,4491000,4491000
19897,205,1,6490000,6490000
19898,291,1,3315500,2983950
19899,270,1,5990000,5990000
19900,125,1,6490000,6490000
19901,99,1,11691000,11691000
19902,179,1,320000,320000
19903,143,1,2490000,2490000
19904,133,1,27990000,27990000
19905,294,1,5990000,5990000
19906,272,1,9490000,9490000
19907,66,1,750000,750000
19908,84,1,9490000,9490000
19908,49,2,2490000,4482000
19909,144,1,4990000,4990000
19910,169,2,3490000,6980000
19911,265,1,31990000,31990000
19912,91,1,4990000,4990000
19913,229,1,237500,237500
19914,291,1,3141000,3141000
19914,93,1,7590500,7590500
19914,19,1,11990000,11990000
19915,90,2,450000,900000
19915,84,1,8541000,8541000
19915,99,1,11691000,11691000
19916,131,1,27990000,27990000
19916,110,1,4990000,4990000
19917,259,1,36990000,36990000
19918,37,1,114000,114000
19919,2,1,35140500,35140500
19920,226,1,18040500,18040500
19920,222,3,36990000,110970000
19921,61,1,712500,712500
19921,181,1,4990000,4990000
19922,188,1,9490500,9490500
19923,86,1,17091000,17091000
19924,160,1,2840500,2840500
19925,68,1,1890000,1890000
19926,166,2,3990000,7980000
19927,134,1,6165500,6165500
19928,160,1,2691000,2691000
19929,162,1,18040500,18040500
19929,234,1,7990000,7990000
19930,218,1,1890000,1890000
19931,84,1,9490000,9490000
19932,204,2,9490000,18980000
19933,187,1,4990000,4990000
19934,102,1,2490000,2490000
19935,24,1,6490000,6490000
19936,248,3,11390500,37588650
19937,216,1,3790500,3790500
19938,94,1,5990000,5990000
19939,288,1,3990000,3990000
19939,304,1,7990000,7990000
19940,203,1,26590500,26590500
19941,62,1,26590500,26590500
19942,286,1,3490000,3490000
19943,151,1,3490000,3490000
19944,145,3,2840500,8521500
19945,21,1,7990000,7990000
19945,34,1,18990000,18990000
19945,186,1,9490000,9490000
19946,83,2,25191000,50382000
19947,265,1,30390500,30390500
19948,121,1,180500,180500
19949,173,1,17091000,17091000
19950,146,1,5990000,5990000
19951,270,1,5990000,5990000
19951,80,1,9490000,9490000
19952,14,1,250000,250000
19952,294,1,5391000,5391000
19953,64,1,17091000,17091000
19954,302,1,36990000,36990000
19955,163,1,18040500,18040500
19956,79,1,171000,171000
19957,11,1,33291000,33291000
19957,290,1,18990000,18990000
19957,45,1,9490000,9490000
19958,22,1,4990000,4990000
19959,200,1,27990000,27990000
19959,51,2,450000,900000
19960,38,2,10791000,21582000
19961,263,1,4990000,4990000
19962,95,2,7990000,15980000
19963,230,1,237500,237500
19964,44,1,2840500,2840500
19965,33,1,250000,250000
19965,58,1,6741000,6741000
19966,84,1,9490000,9490000
19967,116,1,17091000,17091000
19968,183,1,2490000,2490000
19969,171,1,2365500,2365500
19970,179,2,320000,640000
19970,140,1,4740500,4740500
19970,67,1,18040500,18040500
19971,217,1,22990000,22990000
19972,262,1,750000,750000
19972,161,1,17091000,17091000
19972,133,3,27990000,83970000
19973,196,1,4740500,4740500
19974,278,1,6490000,6490000
19975,188,2,8991000,17982000
19975,48,1,6490000,6490000
19975,320,1,288000,288000
19976,110,1,4491000,4491000
19977,260,1,18040500,19844550
19978,292,1,6490000,6490000
19978,167,1,35140500,35140500
19979,270,1,5690500,5690500
19980,41,1,190000,190000
19981,209,3,9990000,29970000
19982,75,1,6165500,6165500
19983,193,1,33291000,33291000
19984,224,1,7191000,7191000
19985,207,1,3990000,3990000
19985,22,2,4990000,9980000
19986,107,1,320000,320000
19987,310,1,5391000,5391000
19988,190,1,2990000,2990000
19989,278,1,6165500,6165500
19990,26,1,28791000,28791000
19991,132,1,4491000,4491000
19992,80,1,9490000,9490000
19993,238,1,36990000,36990000
19994,103,1,22990000,22990000
19995,170,1,18990000,18990000
19995,78,3,450000,1350000
19996,61,1,750000,750000
19997,209,1,9990000,9990000
19998,57,1,33291000,33291000
19999,2,1,36990000,36990000
19999,261,3,9490000,28470000
20000,155,1,26590500,26590500
20001,18,1,9015500,9015500
20001,5,1,7990000,7990000
20002,261,1,9490000,9490000
20003,134,1,5841000,5841000
20003,268,1,427500,427500
20004,79,1,171000,171000
20005,282,1,7590500,8349550
20006,166,1,3990000,3990000
20006,148,1,5990000,5990000
20006,173,1,18990000,18990000
20007,286,1,3490000,3490000
20008,237,1,9015500,9015500
20009,22,1,4491000,4491000
20010,30,1,5841000,5841000
20011,48,1,6490000,6490000
20012,306,1,1890000,1890000
20013,78,1,427500,427500
20013,235,1,3490000,3490000
20014,240,1,5990000,5990000
20014,119,2,120000,240000
20014,232,1,675000,675000
20015,147,1,11990000,11990000
20016,115,1,30390500,30390500
20017,168,1,27990000,27990000
20017,127,1,6490000,6490000
20018,103,1,20691000,20691000
20019,215,1,27990000,27990000
20019,116,1,17091000,17091000
20020,57,1,35140500,35140500
20021,198,1,10791000,10791000
20022,309,1,36990000,36990000
20023,242,1,5391000,5391000
20024,116,1,18990000,18990000
20025,271,1,5841000,5841000
20026,9,1,304000,304000
20027,311,1,3790500,3790500
20027,166,1,3990000,3990000
20028,60,1,11390500,11390500
20028,312,1,4990000,4990000
20029,260,1,18990000,18990000
20030,33,1,237500,237500
20031,303,1,18990000,18990000
20032,275,1,5990000,5990000
20033,58,1,7490000,7490000
20034,320,1,320000,320000
20035,153,1,114000,114000
20036,283,1,9015500,9015500
20036,232,1,750000,750000
20036,115,1,28791000,28791000
20037,131,1,27990000,27990000
20038,222,1,33291000,33291000
20038,77,1,225000,225000
20039,300,1,1890000,1890000
20039,287,1,4990000,4990000
20040,175,1,2490000,2490000
20040,62,1,27990000,27990000
20040,145,1,2990000,2990000
20041,179,1,320000,320000
20042,249,1,320000,320000
20043,179,1,320000,320000
20044,141,1,6490000,6490000
20045,281,1,3990000,3990000
20045,139,1,9490000,9490000
20046,241,1,4590000,4590000
20047,177,1,36990000,36990000
20047,30,2,6490000,12980000
20048,271,1,5841000,5841000
20049,122,1,4740500,4740500
20050,222,1,36990000,36990000
20050,15,1,4740500,4740500
20051,264,2,8991000,17982000
20052,186,3,9490000,28470000
20053,21,1,7590500,7590500
20054,143,2,2490000,4980000
20055,252,1,250000,250000
20056,277,1,5841000,5841000
20057,285,1,2490000,2490000
20058,179,1,320000,320000
20059,192,1,7990000,7990000
20059,255,1,27990000,27990000
20060,143,1,2490000,2490000
20061,213,1,18990000,18990000
20062,128,1,427500,427500
20062,239,1,6490000,6490000
20063,156,1,25191000,25191000
20064,172,1,3490000,3490000
20065,209,1,9990000,9990000
20066,7,1,6490000,6490000
20067,18,1,9490000,9490000
20068,263,1,4740500,4740500
20068,205,1,5841000,5841000
20068,17,1,304000,304000
20069,204,1,8541000,8541000
20069,159,1,12990000,12990000
20069,57,1,35140500,35140500
20070,118,1,18040500,18040500
20070,296,1,21840500,21840500
20071,292,1,6490000,6490000
20072,118,1,17091000,17091000
20073,277,1,5841000,5841000
20074,9,1,304000,304000
20075,36,3,180500,541500
20076,252,1,250000,250000
20077,4,3,320000,960000
20078,89,2,3490000,6980000
20079,311,1,3591000,3591000
20080,19,1,11990000,11990000
20081,94,2,5990000,11980000
20082,21,1,7590500,7590500
20082,35,1,7191000,7191000
20083,202,2,10791000,21582000
20084,144,1,4740500,4740500
20084,80,1,9490000,9490000
20084,6,1,5990000,5990000
20085,173,2,18990000,37980000
20085,184,1,6490000,6490000
20086,225,1,27990000,27990000
20086,258,1,5690500,5690500
20087,217,1,22990000,22990000
20087,90,1,450000,450000
20088,281,1,3990000,3990000
20088,215,1,27990000,27990000
20089,20,1,4590000,4590000
20089,207,1,3990000,3990000
20090,59,1,4740500,4740500
20091,151,1,3315500,3315500
20092,55,1,9990000,9990000
20092,80,1,9490000,9490000
20092,146,1,5391000,5391000
20093,292,1,6165500,6165500
20093,44,1,2691000,2691000
20093,79,1,171000,171000
20094,179,1,320000,320000
20095,191,1,4990000,4990000
20096,101,1,18990000,18990000
20097,256,1,560500,560500
20098,115,2,28791000,57582000
20099,293,1,2990000,2990000
20099,105,1,8541000,8541000
20099,276,1,6490000,6490000
20100,35,1,7990000,7990000
20101,144,1,4990000,4990000
20102,257,1,10791000,10791000
20103,83,1,27990000,27990000
20103,22,1,4990000,4990000
20104,130,1,7490000,7490000
20105,29,1,225000,225000
20106,198,1,11990000,11990000
20107,49,1,2490000,2490000
20107,37,1,120000,120000
20108,63,1,5690500,5690500
20108,18,1,9490000,9490000
20109,253,1,1795500,1795500
20110,172,1,3315500,3315500
20111,239,1,6490000,6490000
20112,182,1,36990000,36990000
20112,162,1,18990000,18990000
20113,4,1,320000,320000
20114,319,1,2840500,2840500
20114,218,1,1890000,1890000
20114,99,1,12990000,12990000
20115,103,1,20691000,20691000
20116,226,1,18040500,18040500
20116,227,1,9990000,9990000
20116,299,1,3490000,3490000
20117,172,1,3490000,3490000
20118,202,1,10791000,10791000
20118,207,1,3990000,3990000
20119,290,1,18990000,18990000
20119,205,1,5841000,5841000
20119,320,1,304000,304000
20120,134,1,6165500,6165500
20121,314,1,25191000,25191000
20122,192,1,7990000,7990000
20123,316,1,2990000,2990000
20124,123,1,2490000,2490000
20124,115,1,28791000,28791000
20125,170,2,18040500,36081000
20126,46,3,7990000,23970000
20127,35,1,7990000,7990000
20127,138,1,7490000,7490000
20127,132,1,4491000,4491000
20128,38,2,11390500,22781000
20128,237,1,9015500,9015500
20128,140,1,4491000,4491000
20129,153,1,120000,120000
20130,241,1,4590000,4590000
20131,287,1,4990000,4990000
20131,298,1,6490000,6490000
20131,89,2,3490000,6980000
20132,22,2,4990000,9980000
20132,84,1,9490000,9490000
20133,109,1,590000,590000
20133,141,1,6490000,6490000
20134,282,1,7590500,7590500
20134,139,1,9490000,9490000
20134,116,1,17091000,17091000
20135,307,1,3490000,3490000
20135,34,1,18040500,18040500
20135,20,1,4590000,4590000
20136,249,1,320000,320000
20137,115,1,31990000,31990000
20137,91,1,4990000,4990000
20137,70,1,1890000,1890000
20138,64,1,18040500,18040500
20139,204,1,9490000,9490000
20140,189,1,1795500,1795500
20140,256,1,590000,590000
20141,186,1,9490000,9490000
20141,79,1,190000,190000
20142,176,1,28791000,28791000
20142,272,1,9490000,9490000
20143,294,1,5990000,5990000
20143,292,1,6490000,6490000
20144,219,1,7590500,7590500
20145,45,1,9015500,9015500
20145,142,1,9015500,9015500
20145,16,1,25191000,25191000
20146,100,1,9990000,9990000
20147,55,1,9990000,9990000
20148,166,2,3990000,7980000
20149,184,1,6165500,6165500
20149,86,1,18990000,18990000
20150,15,1,4990000,4990000
20151,85,1,25191000,25191000
20152,74,1,5990000,5990000
20152,165,1,6490000,6490000
20153,277,1,6490000,6490000
20154,306,1,1795500,1795500
20154,319,1,2990000,2990000
20155,205,1,6490000,6490000
20155,158,1,2990000,2990000
20156,273,1,11390500,11390500
20157,188,1,9990000,9990000
20158,211,1,5841000,5841000
20159,162,1,18990000,18990000
20160,309,1,33291000,33291000
20160,37,1,120000,120000
20160,24,1,5841000,5841000
20161,2,1,36990000,36990000
20162,277,1,6165500,6165500
20163,279,1,4360500,4360500
20164,71,1,11390500,11390500
20165,252,1,250000,250000
20165,294,1,5990000,5990000
20166,18,1,9490000,9490000
20167,155,1,25191000,25191000
20168,108,2,30390500,60781000
20169,305,1,1890000,1890000
20170,278,1,5841000,5841000
20171,66,1,750000,750000
20172,80,1,9015500,9015500
20173,253,1,1890000,1890000
20173,266,1,120000,120000
20174,59,1,4990000,4990000
20175,270,1,5391000,5391000
20175,85,1,27990000,27990000
20176,87,1,4990000,4990000
20176,101,1,17091000,17091000
20176,88,1,7990000,7990000
20177,173,3,18990000,56970000
20178,224,1,7191000,7191000
20178,313,1,2365500,2365500
20179,83,1,27990000,27990000
20180,24,1,6490000,6490000
20180,81,1,6490000,6490000
20181,102,1,2490000,2490000
20182,67,3,18990000,56970000
20182,212,3,7590500,22771500
20183,216,1,3990000,3990000
20183,8,1,1890000,1890000
20183,233,1,225000,225000
20184,309,1,35140500,35140500
20185,91,1,4990000,4990000
20186,57,1,33291000,33291000
20187,230,2,250000,500000
20188,304,1,7990000,7990000
20188,87,1,4990000,4990000
20189,254,1,7590500,7590500
20190,143,1,2490000,2490000
20190,11,1,36990000,36990000
20191,166,1,3990000,3990000
20191,97,1,4590000,4590000
20191,23,1,36990000,36990000
20192,144,1,4990000,4990000
20193,232,1,712500,712500
20194,304,1,7191000,7191000
20195,12,1,27990000,27990000
20195,6,1,5391000,5391000
20196,264,1,9490500,9490500
20197,123,1,2490000,2490000
20198,176,1,31990000,31990000
20198,8,1,1795500,1795500
20199,48,2,5841000,11682000
20200,291,1,3490000,3490000
20201,147,1,11990000,11990000
20202,286,1,3490000,3490000
20202,163,1,18990000,18990000
20203,79,1,190000,190000
20204,244,1,31990000,31990000
20204,44,1,2840500,2840500
20205,137,1,3990000,3990000
20206,164,1,3990000,3990000
20207,235,1,3490000,3490000
20208,239,1,6165500,6165500
20209,153,2,120000,240000
20210,277,1,6165500,6165500
20210,265,1,31990000,31990000
20211,53,1,9490000,9490000
20212,231,1,36990000,36990000
20213,272,1,9490000,9490000
20214,154,1,21840500,21840500
20215,252,1,225000,225000
20216,124,2,2990000,5980000
20216,141,1,6165500,6165500
20217,56,1,6490000,6490000
20218,213,1,18990000,18990000
20219,111,1,7490000,7490000
20220,58,1,7490000,7490000
20220,144,1,4990000,4990000
20221,215,2,25191000,50382000
20221,274,1,10791000,10791000
20222,105,1,9490000,9490000
20223,62,1,27990000,27990000
20224,289,1,11990000,11990000
20225,173,1,18990000,18990000
20225,222,1,36990000,36990000
20226,274,2,11990000,23980000
20226,22,1,4491000,4491000
20227,187,1,4990000,4990000
20228,105,1,9490000,9490000
20229,172,1,3490000,3490000
20230,274,1,11990000,11990000
20231,36,3,190000,570000
20231,173,2,18990000,37980000
20232,2,1,36990000,36990000
20233,30,1,6490000,6490000
20233,282,1,7990000,7990000
20233,227,1,9990000,9990000
20234,92,1,250000,250000
20234,3,1,590000,590000
20235,180,1,2990000,2990000
20235,13,1,27990000,27990000
20235,208,1,108000,108000
20236,192,1,7990000,7990000
20236,224,1,7990000,7990000
20236,45,2,9490000,20878000
20237,298,1,6490000,6490000
20237,174,1,4491000,4491000
20238,25,1,3141000,3141000
20238,17,1,320000,320000
20239,65,1,18990000,18990000
20239,25,2,3490000,6980000
20240,275,1,5990000,5990000
20241,195,1,2241000,2241000
20242,244,1,31990000,31990000
20242,58,1,7490000,7490000
20243,114,1,31990000,31990000
20243,199,1,36990000,36990000
20244,97,1,4131000,4131000
20245,296,1,20691000,20691000
20246,60,1,11990000,11990000
20246,205,1,6490000,6490000
20247,170,1,18990000,18990000
20248,70,1,1890000,1890000
20249,120,1,3141000,3141000
20250,305,1,1701000,1701000
20250,122,1,4990000,4990000
20250,180,1,2840500,2840500
20251,183,1,2241000,2241000
20252,248,1,11990000,11990000
20253,261,1,8541000,8541000
20253,82,1,2490000,2490000
20253,239,2,6490000,12980000
20254,263,1,4740500,4740500
20255,74,1,5690500,5690500
20256,273,1,11990000,11990000
20257,213,1,18990000,18990000
20258,108,1,31990000,31990000
20258,228,2,2490000,4980000
20259,182,1,33291000,33291000
20260,14,1,250000,250000
20261,55,1,9990000,9990000
20262,7,1,6165500,6165500
20262,239,1,6490000,6490000
20262,100,1,8991000,8991000
20263,72,2,7990000,15980000
20264,14,1,250000,250000
20265,25,1,3315500,3315500
20266,128,1,427500,427500
20267,7,2,5841000,11682000
20268,50,1,9490000,9490000
20269,208,1,120000,120000
20270,65,1,18990000,18990000
20271,99,3,12990000,38970000
20271,81,1,6490000,6490000
20272,142,1,8541000,8541000
20273,124,1,2990000,2990000
20274,54,1,7115500,7115500
20275,192,1,7990000,7990000
20276,275,1,5990000,5990000
20277,99,1,12990000,12990000
20278,301,1,3591000,3591000
20279,63,1,5391000,5391000
20280,109,1,590000,590000
20281,254,1,7990000,7990000
20282,74,1,5990000,5990000
20282,301,1,3990000,3990000
20283,285,1,2490000,2490000
20284,267,1,9490000,9490000
20285,241,1,4590000,4590000
20286,242,1,5990000,5391000
20286,296,1,22990000,22990000
20286,286,1,3490000,3490000
20287,114,1,31990000,31990000
20288,22,1,4990000,4990000
20288,96,1,2990000,2990000
20288,130,1,6741000,6741000
20289,156,1,27990000,27990000
20290,257,1,11990000,11990000
20290,314,1,27990000,27990000
20290,101,1,17091000,18800100
20291,30,1,6490000,6490000
20291,169,1,3490000,3490000
20292,36,1,190000,190000
20292,94,1,5391000,5391000
20293,106,1,7191000,7191000
20294,106,1,7191000,7191000
20294,225,1,27990000,27990000
20295,82,1,2490000,2490000
20296,242,1,5990000,5990000
20296,16,1,27990000,27990000
20296,19,1,11390500,11390500
20297,16,1,27990000,27990000
20297,182,1,36990000,36990000
20298,85,1,27990000,27990000
20299,103,1,22990000,22990000
20300,87,1,4491000,4491000
20300,14,1,237500,237500
20301,4,1,304000,304000
20302,63,1,5990000,5990000
20302,175,1,2490000,2490000
20302,233,1,237500,237500
20303,310,1,5391000,5391000
20304,230,1,250000,250000
20304,72,1,7990000,7990000
20305,124,2,2840500,5681000
20305,193,1,36990000,36990000
20306,216,1,3990000,3990000
20306,228,1,2241000,2241000
20307,40,1,1701000,1701000
20308,99,1,12990000,12990000
20309,165,1,6490000,6490000
20310,138,2,7115500,14231000
20311,242,1,5990000,5990000
20311,31,1,6490000,6490000
20312,32,1,11990000,11990000
20312,236,1,7191000,7191000
20313,137,1,3990000,3990000
20314,37,1,114000,114000
20315,92,2,250000,500000
20316,272,1,9490000,9490000
20317,170,2,18040500,32472900
20318,12,1,27990000,27990000
20319,153,1,120000,120000
20320,251,1,27990000,27990000
20320,20,1,4590000,4590000
20321,18,1,9490000,9490000
20321,225,1,25191000,25191000
20321,271,1,6490000,6490000
20322,147,1,11990000,11990000
20322,219,1,7590500,7590500
20323,66,1,750000,750000
20324,79,1,190000,190000
20325,5,2,7990000,15980000
20325,316,1,2840500,2840500
20326,176,1,28791000,28791000
20327,146,1,5990000,5990000
20327,165,1,5841000,5841000
20327,187,1,4990000,4990000
20328,175,1,2490000,2490000
20329,84,1,9490000,9490000
20330,286,1,3490000,3490000
20331,156,1,26590500,26590500
20332,132,1,4990000,4990000
20333,200,1,25191000,25191000
20334,108,1,28791000,25911900
20335,320,1,288000,288000
20335,314,1,25191000,25191000
20336,197,1,712500,641250
20337,159,2,11691000,23382000
20338,245,1,9490000,9490000
20338,207,1,3990000,3990000
20339,220,1,12340500,12340500
20340,62,1,27990000,27990000
20341,133,1,27990000,27990000
20341,141,1,6490000,6490000
20341,120,1,3490000,3490000
20342,175,1,2490000,2490000
20342,87,1,4990000,4990000
20343,108,1,31990000,31990000
20344,129,1,2990000,2990000
20345,204,2,8541000,17082000
20346,250,1,190000,190000
20347,262,1,675000,675000
20348,133,2,25191000,50382000
20349,153,2,120000,240000
20349,291,1,3490000,3490000
20350,218,1,1890000,1890000
20351,191,1,4990000,4990000
20351,28,1,4360500,4360500
20352,163,1,18990000,18990000
20353,53,1,9490000,9490000
20354,320,1,320000,320000
20355,289,1,11990000,11990000
20356,153,1,120000,120000
20357,78,2,427500,855000
20358,169,1,3490000,3490000
20359,279,1,4590000,4590000
20359,10,2,6490000,12980000
20360,144,2,4491000,8982000
20361,15,1,4740500,4740500
20361,145,1,2840500,2840500
20361,58,1,7490000,7490000
20362,91,2,4491000,8982000
20363,79,1,171000,171000
20364,231,1,35140500,35140500
20364,296,1,21840500,21840500
20365,27,1,12990000,12990000
20366,33,1,225000,225000
20367,137,1,3990000,3990000
20367,254,1,7990000,7990000
20368,289,1,11390500,11390500
20369,88,1,7191000,7191000
20370,10,1,6490000,6490000
20371,50,1,9490000,9490000
20372,217,1,21840500,21840500
20373,17,3,288000,864000
20373,109,3,560500,1681500
20374,34,1,17091000,17091000
20375,192,1,7990000,7990000
20376,144,1,4491000,4491000
20377,198,1,11390500,11390500
20377,210,1,5841000,5841000
20378,156,1,25191000,25191000
20378,301,1,3990000,3990000
20379,26,1,31990000,31990000
20379,262,1,675000,675000
20380,277,1,6490000,6490000
20380,90,1,450000,450000
20380,283,1,9490000,9490000
20381,42,1,9490000,9490000
20381,151,1,3490000,3490000
20382,182,1,36990000,36990000
20383,69,1,4990000,4990000
20384,8,1,1795500,1795500
20384,98,1,36990000,36990000
20385,271,1,6165500,6165500
20386,178,1,2990000,2990000
20387,123,2,2241000,4482000
20388,182,1,35140500,35140500
20389,232,1,750000,750000
20390,275,1,5990000,5990000
20390,250,2,180500,361000
20390,273,1,10791000,10791000
20391,127,1,6490000,6490000
20392,294,1,5391000,5391000
20393,214,1,26590500,26590500
20393,249,1,320000,320000
20393,69,1,4491000,4491000
20394,26,1,28791000,28791000
20395,209,1,9990000,9990000
20395,13,2,27990000,50382000
20396,36,1,171000,171000
20397,133,1,25191000,25191000
20397,132,1,4740500,4740500
20398,272,1,9015500,9015500
20398,163,1,17091000,17091000
20398,254,1,7990000,7990000
20399,155,1,25191000,25191000
20399,8,1,1795500,1795500
20400,169,1,3490000,3490000
20401,312,1,4491000,4491000
20402,143,1,2365500,2365500
20402,24,1,6165500,6165500
20402,173,1,18990000,18990000
20403,234,1,7590500,7590500
20404,147,1,11990000,11990000
20405,300,1,1890000,1890000
20406,271,1,5841000,5841000
20407,13,1,26590500,26590500
20407,134,1,6490000,6490000
20408,31,1,6490000,6490000
20409,195,1,2490000,2490000
20410,32,1,11990000,11990000
20410,181,1,4990000,4990000
20410,134,2,6490000,12980000
20411,103,1,22990000,22990000
20411,182,1,36990000,36990000
20412,115,1,31990000,31990000
20413,138,1,7490000,7490000
20414,241,1,4590000,4590000
20415,223,1,5990000,5990000
20415,207,1,3790500,3790500
20415,269,1,427500,427500
20416,211,1,5841000,5841000
20417,283,1,9490000,9490000
20418,301,1,3990000,3990000
20419,249,1,320000,320000
20420,137,1,3990000,3990000
20421,4,1,320000,320000
20422,187,1,4491000,4491000
20423,190,1,2691000,2691000
20424,316,2,2691000,5382000
20425,209,1,9990000,9990000
20426,167,2,36990000,73980000
20427,162,1,18990000,18990000
20428,285,1,2241000,2241000
20429,297,2,9490000,18980000
20430,67,2,18990000,37980000
20430,308,1,22990000,22990000
20431,184,2,6165500,12331000
20432,207,1,3790500,3790500
20432,278,1,6165500,6165500
20433,9,1,320000,320000
20434,69,1,4990000,4990000
20435,226,1,18990000,18990000
20436,138,1,6741000,6741000
20436,8,1,1890000,1890000
20437,317,1,28791000,28791000
20438,143,1,2241000,2241000
20439,221,1,18040500,18040500
20439,158,1,2691000,2691000
20440,61,1,712500,712500
20441,63,1,5391000,5391000
20442,93,1,7590500,7590500
20443,64,1,18990000,18990000
20444,98,1,33291000,33291000
20445,193,1,33291000,33291000
20446,122,1,4990000,4990000
20446,53,1,9490000,9490000
20447,40,1,1701000,1701000
20448,94,1,5990000,5990000
20449,131,3,27990000,83970000
20450,186,1,8541000,8541000
20450,42,1,9490000,9490000
20450,259,1,35140500,35140500
20451,87,1,4990000,4990000
20452,241,1,4590000,4590000
20453,277,2,5841000,11682000
20454,288,1,3990000,3990000
20454,214,2,27990000,55980000
20455,172,1,3141000,3141000
20456,54,2,7490000,14980000
20456,169,2,3490000,6980000
20457,302,1,36990000,36990000
20457,52,2,180500,361000
20458,142,1,9490000,9490000
20459,133,1,27990000,27990000
20459,43,1,8541000,8541000
20459,299,2,3490000,6980000
20460,40,1,1795500,1795500
20461,285,3,2490000,7470000
20462,301,1,3990000,3990000
20462,5,1,7990000,7990000
20463,78,1,405000,405000
20463,297,1,8541000,8541000
20464,133,1,26590500,26590500
20464,253,1,1890000,1890000
20465,276,1,5841000,5841000
20465,104,2,18990000,37980000
20466,231,1,36990000,36990000
20466,188,1,9990000,9990000
20467,219,2,7990000,15980000
20467,253,2,1890000,3780000
20468,48,1,6490000,6490000
20468,174,1,4990000,4990000
20469,201,1,4990000,4990000
20470,213,2,18990000,37980000
20471,255,1,26590500,26590500
20471,69,1,4990000,4990000
20472,279,1,4360500,4360500
20473,85,1,26590500,26590500
20474,155,1,27990000,27990000
20475,286,1,3490000,3490000
20476,206,1,590000,590000
20477,43,1,9490000,9490000
20477,180,1,2990000,2990000
20478,246,2,750000,1500000
20478,210,1,6490000,6490000
20478,270,1,5990000,5990000
20479,159,1,12990000,12990000
20480,261,1,9490000,9490000
20481,313,1,2241000,2241000
20481,282,1,7191000,7191000
20482,193,3,36990000,110970000
20482,29,1,250000,250000
20483,110,1,4740500,4740500
20484,260,1,18990000,18990000
20485,110,1,4990000,4990000
20486,150,2,12990000,25980000
20486,185,2,2990000,5980000
20487,221,1,18990000,18990000
20487,55,2,9990000,19980000
20487,84,1,9490000,9490000
20488,158,1,2990000,2990000
20489,98,1,36990000,36990000
20489,55,1,9990000,9990000
20489,106,1,7990000,8789000
20490,37,2,120000,240000
20490,181,1,4990000,4990000
20491,41,1,190000,190000
20491,214,1,27990000,27990000
20492,238,1,36990000,36990000
20492,242,1,5690500,5690500
20493,241,1,4360500,4360500
20494,129,1,2990000,2990000
20494,307,1,3315500,3315500
20495,94,1,5690500,5690500
20496,316,1,2840500,2840500
20497,83,1,27990000,27990000
20497,178,1,2990000,2990000
20498,152,1,22990000,22990000
20499,188,1,9990000,9990000
20499,54,1,7490000,7490000
20500,203,1,27990000,27990000
20501,16,1,27990000,27990000
20502,118,1,18990000,18990000
20502,212,1,7990000,7990000
20503,25,1,3490000,3490000
20504,295,2,750000,1500000
20504,204,1,9490000,9490000
20505,22,1,4491000,4491000
20506,198,1,11390500,11390500
20507,102,1,2241000,2241000
20508,295,2,712500,1425000
20509,190,1,2840500,2840500
20510,100,1,9990000,9990000
20511,38,1,11990000,13189000
20512,81,3,6490000,19470000
20513,228,1,2490000,2490000
20514,308,1,21840500,21840500
20515,21,2,7990000,15980000
20516,271,1,6165500,6165500
20517,299,1,3490000,3490000
20518,102,1,2365500,2365500
20519,81,1,5841000,5841000
20519,293,2,2691000,5382000
20520,38,1,11990000,11990000
20521,178,1,2990000,2990000
20522,297,1,9015500,9015500
20523,267,3,8541000,25623000
20524,263,1,4990000,4990000
20525,139,1,9015500,9015500
20526,96,1,2990000,2990000
20527,291,1,3490000,3490000
20527,316,1,2990000,2990000
20527,254,1,7990000,7990000
20528,81,1,6490000,6490000
20529,273,3,10791000,32373000
20530,82,1,2241000,2241000
20531,316,1,2990000,3289000
20531,25,1,3490000,3490000
20531,43,1,9490000,9490000
20532,303,1,18990000,18990000
20533,235,1,3490000,3490000
20534,134,1,6490000,6490000
20534,299,1,3490000,3490000
20534,246,1,750000,750000
20535,103,2,22990000,45980000
20536,141,1,6490000,6490000
20537,103,1,20691000,20691000
20538,81,3,6490000,19470000
20539,304,1,7990000,7990000
20539,220,2,12990000,25980000
20540,183,1,2490000,2490000
20541,320,2,320000,640000
20542,141,1,6490000,6490000
20542,206,1,590000,590000
20543,1,1,1890000,1890000
20544,5,1,7191000,7191000
20545,233,1,250000,250000
20545,1,1,1701000,1701000
20546,65,1,18040500,18040500
20547,283,1,9490000,9490000
20547,125,1,6165500,6165500
20547,85,2,27990000,55980000
20548,270,1,5990000,5990000
20549,242,1,5990000,5990000
20550,313,1,2490000,2490000
20550,206,1,560500,560500
20551,109,1,560500,560500
20552,174,1,4491000,4491000
20553,88,1,7990000,7990000
20554,111,1,7490000,7490000
20555,26,2,31990000,63980000
20555,227,1,9990000,9990000
20556,198,1,11990000,11990000
20557,57,1,33291000,33291000
20558,90,1,405000,405000
20558,213,1,18990000,18990000
20559,310,1,5690500,5690500
20560,131,1,25191000,25191000
20560,236,1,7990000,7990000
20561,53,1,9015500,9015500
20562,47,1,6490000,6490000
20563,111,1,7490000,7490000
20564,71,1,10791000,10791000
20565,248,1,11990000,11990000
20565,58,1,7490000,8239000
20566,130,1,7490000,7490000
20567,201,1,4990000,4990000
20568,158,1,2990000,2990000
20568,109,1,590000,590000
20569,228,1,2365500,2365500
20570,209,2,9490500,18981000
20571,225,1,27990000,27990000
20571,62,1,27990000,27990000
20572,128,1,450000,450000
20572,243,1,17091000,17091000
20573,157,1,7990000,7990000
20573,44,1,2990000,2990000
20573,69,1,4990000,4990000
20574,98,1,35140500,35140500
20575,234,1,7590500,7590500
20575,48,1,6490000,6490000
20576,270,1,5690500,5690500
20576,175,2,2490000,4980000
20577,57,1,36990000,36990000
20577,184,1,6165500,6165500
20578,41,1,190000,190000
20579,171,1,2490000,2490000
20579,44,1,2691000,2691000
20580,205,1,6165500,6165500
20581,181,1,4990000,4990000
20582,135,1,5990000,5990000
20583,183,1,2490000,2490000
20584,111,1,7490000,7490000
20584,293,1,2840500,2840500
20585,215,1,27990000,27990000
20586,276,1,5841000,5841000
20587,151,1,3490000,3490000
20588,113,1,18990000,18990000
20588,53,1,8541000,8541000
20589,280,1,4590000,4590000
20589,96,2,2990000,5980000
20590,153,1,114000,114000
20591,213,1,18990000,18990000
20591,31,1,6490000,6490000
20592,90,1,405000,405000
20593,196,1,4491000,4491000
20593,111,2,7490000,14980000
20594,68,2,1890000,3780000
20594,200,1,26590500,26590500
20594,272,1,9490000,9490000
20595,170,1,18990000,18990000
20596,306,1,1795500,1795500
20597,143,1,2490000,2490000
20597,290,1,17091000,17091000
20598,173,1,18040500,18040500
20599,215,1,27990000,27990000
20600,109,1,531000,531000
20601,269,2,450000,900000
20602,261,1,9015500,9015500
20603,126,2,5990000,11980000
20604,48,1,6490000,6490000
20604,139,1,9015500,9015500
20605,155,1,26590500,26590500
20606,239,2,6165500,12331000
20607,18,1,9490000,9490000
20608,222,1,33291000,33291000
20609,215,1,27990000,27990000
20610,76,1,22990000,22990000
20611,314,1,25191000,25191000
20612,175,1,2365500,2365500
20613,194,1,6490000,6490000
20614,236,1,7990000,7990000
20614,260,1,18040500,18040500
20615,8,1,1890000,1890000
20616,97,2,4590000,9180000
20617,295,1,750000,750000
20617,150,1,11691000,11691000
20618,309,1,33291000,33291000
20619,154,1,22990000,22990000
20620,2,1,35140500,38654550
20621,16,2,25191000,50382000
20622,65,1,17091000,17091000
20623,39,1,31990000,31990000
20624,232,1,750000,750000
20625,171,1,2490000,2490000
20626,242,1,5990000,5990000
20627,280,1,4590000,4590000
20628,84,3,9490000,28470000
20629,91,1,4990000,4990000
20630,131,1,26590500,26590500
20630,224,2,7990000,15980000
20630,45,2,9490000,18980000
20631,168,1,26590500,26590500
20632,5,1,7590500,7590500
20633,162,2,18990000,37980000
20634,77,1,250000,250000
20635,255,1,27990000,27990000
20636,7,1,6490000,6490000
20637,243,1,17091000,17091000
20638,139,1,8541000,8541000
20639,51,1,405000,405000
20639,281,1,3591000,3591000
20640,273,1,11990000,11990000
20641,123,1,2365500,2365500
20641,32,2,11990000,23980000
20642,2,1,36990000,36990000
20643,231,1,33291000,33291000
20644,2,1,33291000,33291000
20644,204,1,9490000,9490000
20645,121,1,190000,190000
20646,282,1,7191000,7191000
20646,51,1,427500,427500
20647,297,1,8541000,8541000
20647,50,1,9490000,9490000
20648,195,1,2490000,2490000
20648,91,1,4990000,4990000
20649,6,1,5990000,5990000
20650,28,1,4131000,4131000
20650,78,1,405000,364500
20650,160,1,2840500,2840500
20651,26,1,31990000,31990000
20652,137,1,3591000,3591000
20652,43,1,9490000,9490000
20653,191,1,4990000,4990000
20654,298,2,6490000,12980000
20654,267,1,9490000,9490000
20654,125,1,6490000,6490000
20655,183,1,2365500,2365500
20656,27,1,12990000,12990000
20657,267,1,9490000,9490000
20658,90,1,427500,427500
20658,231,1,35140500,35140500
20659,261,2,8541000,17082000
20660,14,1,250000,250000
20661,4,1,320000,320000
20662,75,1,6490000,6490000
20662,98,1,36990000,36990000
20663,249,1,320000,320000
20663,57,1,36990000,36990000
20664,197,1,750000,750000
20665,303,1,18040500,18040500
20665,248,1,11990000,11990000
20666,302,1,36990000,36990000
20666,247,1,11990000,11990000
20667,218,1,1890000,1890000
20668,296,1,22990000,22990000
20669,14,3,250000,750000
20670,96,1,2691000,2691000
20671,242,1,5990000,5990000
20672,201,1,4990000,4990000
20673,53,1,9490000,9490000
20673,5,1,7990000,7990000
20674,104,1,18990000,18990000
20674,206,1,590000,590000
20675,186,1,8541000,8541000
20676,186,1,9490000,9490000
20676,263,1,4990000,4990000
20677,248,1,10791000,10791000
20678,35,2,7990000,15980000
20679,22,1,4990000,4990000
20680,276,1,6490000,6490000
20681,273,1,11990000,11990000
20682,235,1,3490000,3490000
20682,299,1,3490000,3490000
20683,174,1,4990000,4990000
20684,4,1,320000,320000
20685,184,1,6490000,6490000
20685,154,2,21840500,43681000
20686,94,1,5990000,5990000
20686,53,1,9490000,9490000
20687,44,1,2840500,2840500
20687,270,1,5391000,5391000
20688,244,1,28791000,28791000
20689,158,1,2990000,2990000
20689,93,2,7990000,15980000
20690,44,1,2990000,2990000
20691,208,3,114000,342000
20691,101,1,18040500,18040500
20692,95,1,7990000,7990000
20693,16,1,27990000,27990000
20694,273,1,10791000,10791000
20694,276,1,6490000,6490000
20695,37,1,114000,114000
20696,192,1,7191000,7191000
20696,58,1,6741000,6741000
20697,307,1,3490000,3839000
20697,142,1,9490000,9490000
20698,71,2,11390500,22781000
20698,166,1,3990000,3990000
20699,221,1,18990000,18990000
20699,311,1,3790500,4169550
20700,180,1,2691000,2691000
20701,184,1,5841000,5841000
20702,242,1,5990000,5990000
20702,92,1,225000,225000
20703,241,2,4590000,9180000
20703,301,2,3591000,7182000
20704,218,1,1890000,1890000
20704,233,2,250000,500000
20705,245,1,8541000,8541000
20706,260,1,18990000,18990000
20707,309,1,36990000,36990000
20708,318,1,7191000,7191000
20708,54,1,7490000,7490000
20709,137,1,3990000,3990000
20709,313,1,2241000,2241000
20709,47,2,6490000,12980000
20710,132,2,4990000,9980000
20711,295,1,675000,675000
20711,307,1,3490000,3490000
20712,3,1,531000,531000
20712,309,1,36990000,36990000
20713,30,1,6490000,6490000
20714,59,1,4990000,4990000
20714,277,1,6165500,6165500
20714,24,1,6490000,6490000
20715,249,1,304000,304000
20716,219,1,7191000,7191000
20717,150,1,12990000,12990000
20718,88,1,7990000,7990000
20719,238,1,36990000,36990000
20720,152,1,22990000,22990000
20721,2,1,36990000,36990000
20722,306,1,1890000,1890000
20723,99,1,12340500,12340500
20724,130,1,7490000,7490000
20725,60,1,10791000,10791000
20726,295,1,750000,750000
20727,256,1,590000,590000
20728,202,1,10791000,10791000
20729,115,1,31990000,31990000
20729,87,2,4990000,9980000
20730,176,1,31990000,31990000
20731,298,1,5841000,5841000
20732,24,1,5841000,5841000
20733,225,1,26590500,26590500
20734,69,1,4990000,4990000
20734,289,2,10791000,21582000
20735,248,1,11990000,11990000
20736,49,2,2365500,4731000
20737,311,1,3990000,3990000
20737,166,1,3591000,3591000
20738,68,1,1890000,1890000
20738,260,1,18990000,18990000
20739,217,1,20691000,20691000
20740,186,1,9015500,9015500
20741,152,1,22990000,22990000
20741,111,1,7490000,7490000
20742,277,1,5841000,5841000
20743,274,1,11990000,11990000
20744,73,3,11990000,35970000
20744,254,1,7590500,7590500
20744,157,1,7191000,7191000
20745,194,1,5841000,5841000
20746,15,1,4740500,4740500
20746,247,1,11390500,11390500
20747,50,1,9490000,9490000
20748,313,1,2241000,2241000
20748,3,1,590000,590000
20749,8,1,1701000,1701000
20750,81,1,6490000,6490000
20751,110,1,4990000,4990000
20752,248,1,11990000,11990000
20753,253,1,1701000,1701000
20754,13,1,27990000,27990000
20755,23,1,36990000,36990000
20755,293,1,2990000,2990000
20756,315,2,4590000,9180000
20757,213,1,18990000,18990000
20758,71,1,11990000,11990000
20759,236,1,7990000,7990000
20760,293,1,2691000,2691000
20761,111,1,7490000,7490000
20762,291,1,3490000,3490000
20763,258,1,5391000,5391000
20764,290,1,18040500,18040500
20765,215,1,27990000,27990000
20766,284,1,2990000,2990000
20767,182,1,36990000,36990000
20768,307,1,3490000,3490000
20768,113,1,18990000,18990000
20769,19,1,11990000,11990000
20770,302,1,36990000,36990000
20770,103,1,22990000,22990000
20771,60,1,11990000,11990000
20772,164,1,3990000,3990000
20773,292,1,6490000,6490000
20773,99,1,12990000,12990000
20774,305,1,1890000,1890000
20775,191,1,4990000,4990000
20776,222,1,36990000,36990000
20776,19,1,11390500,11390500
20777,208,1,114000,114000
20777,37,2,120000,240000
20777,210,1,6490000,6490000
20778,226,1,18040500,18040500
20778,41,1,190000,190000
20779,101,1,18040500,18040500
20779,179,1,320000,320000
20780,215,1,27990000,27990000
20780,166,2,3990000,7980000
20781,175,1,2365500,2365500
20781,212,1,7990000,7990000
20782,307,1,3490000,3490000
20783,270,2,5391000,10782000
20783,257,1,11990000,11990000
20784,43,1,8541000,8541000
20785,183,1,2490000,2490000
20785,166,1,3990000,3990000
20786,80,1,9490000,9490000
20786,207,1,3790500,3790500
20787,292,1,6490000,6490000
20788,199,1,36990000,36990000
20789,286,2,3490000,6980000
20790,149,1,31990000,31990000
20791,319,1,2990000,2990000
20791,226,1,18990000,18990000
20792,244,3,31990000,95970000
20792,195,1,2490000,2490000
20793,230,1,225000,225000
20794,242,1,5990000,5990000
20795,222,1,36990000,36990000
20795,121,2,190000,380000
20796,153,1,120000,120000
20797,36,1,190000,190000
20798,63,1,5990000,5990000
20798,16,2,25191000,50382000
20798,64,1,17091000,17091000
20799,66,1,675000,675000
20799,224,1,7990000,7990000
20799,300,1,1890000,1890000
20800,196,1,4990000,4990000
20800,209,1,9990000,9990000
20801,102,1,2241000,2241000
20801,314,1,25191000,25191000
20802,38,1,11390500,11390500
20802,37,2,108000,216000
20803,188,3,9990000,29970000
20804,145,2,2691000,5382000
20805,308,1,22990000,22990000
20806,269,1,405000,405000
20806,250,2,190000,380000
20807,297,1,9490000,9490000
20808,68,1,1890000,1890000
20808,252,1,250000,250000
20809,67,1,17091000,17091000
20810,246,1,675000,675000
20811,250,1,190000,190000
20812,306,1,1890000,1890000
20813,188,2,9990000,19980000
20814,119,2,120000,240000
20815,86,1,18990000,18990000
20815,297,1,9490000,9490000
20816,113,1,18990000,18990000
20816,181,1,4740500,4740500
20817,18,1,9490000,9490000
20818,66,1,750000,750000
20819,206,1,590000,590000
20820,247,1,10791000,10791000
20821,114,1,31990000,31990000
20822,65,1,18040500,18040500
20822,26,1,31990000,31990000
20822,192,1,7990000,7990000
20823,43,2,8541000,17082000
20824,220,1,12340500,12340500
20824,4,1,320000,320000
20825,173,1,18990000,18990000
20826,185,1,2990000,2990000
20827,96,2,2990000,5980000
20828,285,1,2365500,2365500
20828,269,1,450000,450000
20829,102,1,2490000,2490000
20830,184,1,6165500,6165500
20830,155,1,25191000,25191000
20831,20,1,4360500,4360500
20832,88,2,7990000,15980000
20833,21,1,7990000,7990000
20834,208,1,114000,114000
20835,79,1,190000,190000
20836,112,1,26590500,26590500
20837,178,1,2691000,2691000
20837,259,3,36990000,110970000
20838,304,1,7990000,7990000
20839,178,1,2840500,2840500
20840,35,3,7590500,22771500
20841,23,1,36990000,36990000
20841,161,1,18990000,18990000
20841,186,1,9490000,9490000
20842,88,1,7990000,7990000
20842,95,1,7990000,7990000
20843,281,1,3990000,3990000
20844,185,2,2691000,5382000
20844,149,1,31990000,31990000
20845,129,1,2691000,2691000
20845,109,1,590000,590000
20846,244,1,31990000,35189000
20847,167,3,36990000,110970000
20848,292,1,6490000,6490000
20848,38,1,11990000,11990000
20848,91,1,4491000,4491000
20849,144,1,4990000,4990000
20850,97,1,4590000,4590000
20851,235,1,3490000,3490000
20852,196,1,4740500,4740500
20852,209,1,9490500,9490500
20852,137,2,3990000,7980000
20853,249,1,288000,288000
20853,177,1,36990000,36990000
20854,228,1,2490000,2490000
20855,219,1,7590500,7590500
20855,109,2,560500,1233100
20856,82,1,2365500,2365500
20856,94,1,5990000,5990000
20856,228,1,2490000,2490000
20857,29,1,250000,250000
20858,261,1,9490000,9490000
20858,221,1,18990000,18990000
20859,258,1,5391000,5391000
20860,212,1,7990000,7990000
20860,19,1,10791000,10791000
20861,282,1,7990000,8789000
20862,298,1,6490000,6490000
20862,98,1,36990000,36990000
20862,249,1,304000,304000
20863,304,1,7990000,7990000
20864,123,1,2490000,2490000
20865,317,1,30390500,30390500
20866,299,2,3490000,6980000
20867,146,1,5690500,5690500
20868,220,1,12340500,12340500
20868,35,1,7590500,7590500
20868,178,1,2990000,2990000
20869,310,1,5990000,5990000
20870,200,1,27990000,27990000
20870,15,1,4491000,4491000
20871,151,1,3490000,3490000
20871,254,1,7990000,7990000
20871,163,1,18990000,18990000
20872,207,1,3790500,3790500
20872,136,1,4740500,4740500
20873,292,1,5841000,5841000
20874,306,1,1890000,1890000
20874,274,2,11390500,22781000
20875,100,1,9990000,9990000
20875,301,1,3990000,3990000
20876,14,2,225000,450000
20877,302,1,36990000,36990000
20877,302,1,33291000,33291000
20878,279,1,4131000,4131000
20879,122,1,4990000,4990000
20880,269,1,450000,450000
20880,123,1,2490000,2490000
20881,249,1,288000,288000
20882,148,1,5990000,5990000
20883,118,2,18990000,37980000
20884,114,1,31990000,31990000
20885,245,1,9490000,9490000
20886,15,1,4990000,4990000
20887,183,1,2490000,2490000
20888,246,1,675000,675000
20889,304,1,7191000,7191000
20890,123,1,2490000,2490000
20891,129,1,2990000,2990000
20891,110,1,4990000,4990000
20892,216,1,3790500,3790500
20893,235,1,3490000,3490000
20894,217,1,22990000,22990000
20895,198,2,11390500,22781000
20896,312,1,4491000,4491000
20897,111,1,7490000,7490000
20898,105,1,8541000,8541000
20899,168,1,27990000,27990000
20899,294,1,5990000,5990000
20900,223,1,5990000,5990000
20900,35,1,7990000,7990000
20901,197,1,750000,750000
20901,93,1,7191000,7191000
20902,186,1,8541000,8541000
20903,289,1,10791000,10791000
20903,154,1,21840500,21840500
20904,62,2,27990000,55980000
20904,294,1,5990000,5990000
20905,218,1,1701000,1701000
20906,255,1,27990000,27990000
20907,296,1,22990000,22990000
20907,161,1,18990000,18990000
20908,92,1,250000,250000
20909,316,1,2691000,2691000
20909,46,1,7990000,7990000
20910,307,2,3490000,6980000
20911,103,1,22990000,22990000
20912,73,1,11390500,11390500
20913,116,3,17091000,51273000
20914,140,1,4990000,4990000
20915,33,2,250000,500000
20916,151,1,3141000,3141000
20916,69,1,4990000,4990000
20916,188,1,9990000,9990000
20917,280,1,4131000,4131000
20917,203,1,25191000,25191000
20917,242,1,5990000,5990000
20918,293,2,2990000,5980000
20918,134,1,5841000,5841000
20919,261,1,9490000,9490000
20920,198,1,11990000,11990000
20921,295,1,675000,675000
20922,89,1,3490000,3490000
20923,183,1,2365500,2365500
20924,295,1,675000,675000
20925,276,2,5841000,11682000
20926,275,2,5391000,10782000
20927,56,1,6490000,6490000
20927,277,1,6490000,6490000
20928,157,1,7990000,7990000
20929,151,1,3141000,3141000
20930,223,1,5391000,5391000
20931,242,2,5990000,11980000
20931,245,1,9490000,9490000
20932,142,1,9490000,9490000
20932,295,1,750000,750000
20933,2,1,33291000,33291000
20933,300,1,1890000,1890000
20933,200,1,25191000,25191000
20934,278,1,6490000,6490000
20935,124,1,2990000,2990000
20936,284,1,2691000,2691000
20937,181,1,4990000,4990000
20938,42,1,8541000,8541000
20939,292,2,6165500,12331000
20939,20,1,4590000,4590000
20940,217,1,22990000,22990000
20941,174,1,4740500,4740500
20942,71,2,11990000,23980000
20942,92,1,250000,250000
20942,277,1,6165500,6782050
20943,146,1,5690500,5690500
20944,189,1,1890000,1890000
20945,197,1,750000,750000
20946,235,3,3141000,9423000
20947,270,1,5990000,5990000
20947,199,1,36990000,36990000
20948,114,1,30390500,30390500
20949,202,1,11990000,11990000
20949,135,1,5990000,5990000
20950,5,1,7990000,7990000
20951,278,1,5841000,5841000
20951,108,1,31990000,31990000
20951,223,3,5990000,17970000
20952,36,1,190000,190000
20953,102,1,2490000,2490000
20954,224,1,7990000,7990000
20955,247,1,11990000,11990000
20955,317,1,30390500,30390500
20956,116,1,18990000,18990000
20957,253,1,1701000,1701000
20957,182,1,36990000,36990000
20958,305,1,1890000,1890000
20959,179,1,320000,320000
20960,143,1,2365500,2365500
20960,4,1,288000,288000
20960,307,1,3490000,3490000
20961,22,1,4491000,4491000
20962,94,1,5690500,5690500
20963,223,1,5690500,5690500
20964,99,1,12990000,12990000
20965,192,1,7990000,7990000
20965,14,1,250000,250000
20966,74,2,5990000,11980000
20967,36,1,190000,190000
20968,28,1,4131000,4131000
20969,41,1,180500,180500
20969,198,1,10791000,10791000
20970,318,1,7990000,7990000
20971,17,1,320000,320000
20971,200,3,27990000,83970000
20972,193,1,35140500,35140500
20973,282,1,7590500,7590500
20974,42,1,9490000,9490000
20974,86,1,17091000,17091000
20975,37,1,114000,114000
20976,14,1,250000,250000
20976,220,1,12990000,12990000
20977,259,1,36990000,36990000
20978,150,1,11691000,11691000
20979,261,1,9490000,9490000
20980,304,1,7191000,7191000
20980,122,1,4990000,4990000
20980,7,1,6490000,6490000
20981,31,1,6490000,6490000
20982,50,1,9015500,9015500
20982,261,1,9015500,9015500
20982,210,1,6490000,6490000
20983,258,1,5391000,5391000
20983,161,1,18990000,18990000
20984,298,1,6490000,6490000
20985,161,1,17091000,17091000
20985,297,1,8541000,8541000
20986,223,1,5391000,5391000
20987,29,1,237500,237500
20988,67,1,18990000,18990000
20989,301,1,3790500,3790500
20990,55,1,9990000,9990000
20991,237,1,9490000,9490000
20992,57,1,35140500,35140500
20993,220,1,11691000,11691000
20993,141,1,6165500,6165500
20994,38,1,11990000,11990000
20994,228,1,2241000,2241000
20995,210,1,6490000,6490000
20995,88,1,7990000,7990000
20996,316,3,2691000,8073000
20997,216,1,3990000,3990000
20998,134,1,6490000,6490000
20999,287,1,4990000,4990000
21000,215,1,26590500,26590500
21001,143,1,2241000,2241000
21002,93,1,7990000,7990000
21002,205,1,6490000,6490000
21002,65,1,17091000,17091000
21003,303,1,18990000,18990000
21004,148,1,5990000,5990000
21005,211,1,6490000,6490000
21005,172,1,3141000,3141000
21006,126,1,5391000,5391000
21006,231,1,33291000,33291000
21007,255,1,26590500,26590500
21008,129,1,2990000,2990000
21008,6,1,5391000,5391000
21008,249,2,304000,608000
21009,182,1,33291000,33291000
21009,139,1,9490000,9490000
21010,213,2,18990000,37980000
21011,116,1,18990000,18990000
21011,256,1,590000,590000
21012,45,2,9015500,18031000
21012,231,1,36990000,36990000
21012,147,1,11990000,11990000
21013,204,1,8541000,8541000
21014,92,1,237500,237500
21015,206,1,560500,560500
21015,203,3,27990000,83970000
21016,286,1,3141000,3141000
21017,165,1,6490000,6490000
21018,58,2,7115500,14231000
21018,228,1,2241000,2241000
21019,271,1,6490000,6490000
21020,293,1,2840500,2840500
21020,296,1,22990000,25289000
21020,274,1,11990000,11990000
21021,95,1,7590500,7590500
21022,187,1,4740500,4740500
21022,246,1,675000,675000
21023,290,1,18990000,18990000
21023,76,1,21840500,21840500
21023,75,2,6490000,12980000
21024,107,1,320000,320000
21025,190,1,2990000,2990000
21026,213,1,18990000,18990000
21027,217,3,21840500,65521500
21027,63,1,5990000,5990000
21028,307,1,3490000,3490000
21028,259,1,36990000,36990000
21029,252,1,237500,237500
21030,67,1,18990000,18990000
21031,143,3,2490000,7470000
21032,97,1,4131000,4131000
21033,279,1,4360500,4360500
21033,308,2,22990000,45980000
21034,180,2,2840500,5681000
21035,203,1,27990000,27990000
21035,178,1,2840500,2840500
21036,260,1,18990000,18990000
21037,276,1,6490000,6490000
21037,92,1,225000,225000
21038,231,1,36990000,36990000
21039,75,1,5841000,5841000
21040,64,1,18990000,18990000
21041,194,1,6490000,6490000
21042,113,1,18990000,18990000
21042,291,2,3490000,6980000
21043,312,1,4491000,4491000
21044,299,2,3490000,6980000
21045,107,1,320000,320000
21046,46,1,7990000,7990000
21046,22,1,4990000,4990000
21047,3,3,590000,1770000
21048,4,1,320000,320000
21049,314,1,27990000,27990000
21050,180,1,2691000,2691000
21051,247,1,11990000,11990000
21051,181,1,4990000,4491000
21052,83,1,27990000,27990000
21052,269,1,450000,450000
21053,78,1,450000,450000
21053,77,1,237500,237500
21054,80,1,9490000,9490000
21054,8,1,1795500,1795500
21054,39,1,31990000,31990000
21055,314,1,26590500,26590500
21056,174,1,4990000,4990000
21057,102,1,2241000,2241000
21058,229,1,250000,250000
21059,95,1,7990000,7990000
21059,174,1,4740500,4740500
21060,57,1,36990000,36990000
21060,119,1,120000,120000
21060,198,1,10791000,10791000
21061,67,1,18040500,18040500
21062,162,1,18040500,18040500
21062,89,1,3490000,3490000
21063,67,1,17091000,17091000
21064,283,1,9490000,9490000
21065,145,2,2990000,5980000
21065,171,1,2365500,2365500
21066,22,1,4990000,4990000
21067,179,1,320000,320000
21068,37,1,114000,114000
21068,83,1,26590500,26590500
21069,63,1,5391000,5391000
21070,93,1,7191000,7191000
21071,158,1,2691000,2691000
21072,148,1,5690500,5690500
21073,107,1,288000,288000
21074,49,1,2241000,2241000
21074,155,1,27990000,27990000
21075,72,1,7990000,7990000
21076,188,1,9990000,9990000
21076,263,1,4990000,4990000
21077,76,1,22990000,22990000
21077,62,1,27990000,27990000
21078,262,1,675000,675000
21078,301,1,3591000,3591000
21079,273,1,11990000,11990000
21080,141,2,6490000,12980000
21081,30,2,6490000,12980000
21082,15,1,4990000,4990000
21082,297,1,9015500,9015500
21083,276,2,6165500,12331000
21084,129,1,2990000,2990000
21085,281,1,3790500,3790500
21086,104,1,18990000,18990000
21087,207,1,3990000,3990000
21088,70,1,1890000,1890000
21089,101,1,17091000,17091000
21089,185,1,2990000,2990000
21089,44,1,2990000,2990000
21090,156,1,25191000,25191000
21091,14,1,237500,237500
21092,26,1,30390500,30390500
21093,231,3,33291000,99873000
21094,96,1,2691000,2691000
21094,213,1,18990000,18990000
21095,38,1,11990000,11990000
21096,183,2,2490000,4980000
21097,147,1,11390500,11390500
21097,58,1,7490000,7490000
21097,96,1,2990000,2990000
21098,267,2,9490000,18980000
21099,177,1,35140500,35140500
21100,304,1,7191000,7191000
21101,257,1,11390500,11390500
21101,245,1,8541000,8541000
21102,108,1,31990000,31990000
21102,295,1,750000,750000
21102,193,1,36990000,36990000
21103,298,1,6165500,6165500
21104,103,1,22990000,22990000
21105,77,1,225000,225000
21105,131,1,27990000,27990000
21106,221,1,18040500,18040500
21107,64,1,18040500,18040500
21108,9,1,304000,304000
21109,45,2,9490000,18980000
21110,93,1,7990000,7990000
21111,27,1,12990000,12990000
21112,62,1,27990000,27990000
21112,235,1,3490000,3490000
21112,275,1,5990000,5990000
21113,54,1,6741000,6741000
21113,150,1,12990000,12990000
21114,274,1,10791000,10791000
21115,176,1,28791000,28791000
21116,16,1,26590500,26590500
21117,94,1,5391000,5391000
21118,299,1,3490000,3490000
21119,232,1,750000,750000
21120,320,1,320000,320000
21121,205,2,6490000,12980000
21121,98,1,36990000,36990000
21122,137,1,3990000,3990000
21122,205,1,6490000,6490000
21123,41,1,190000,190000
21124,259,1,33291000,33291000
21125,45,1,8541000,8541000
21126,148,1,5990000,5990000
21127,113,1,18990000,18990000
21128,74,1,5990000,5990000
21128,171,1,2490000,2490000
21129,26,1,28791000,28791000
21130,60,1,10791000,10791000
21131,29,1,250000,250000
21131,213,2,18040500,36081000
21132,8,1,1795500,1795500
21132,43,1,9490000,9490000
21133,295,1,750000,750000
21134,85,1,26590500,26590500
21135,186,1,9490000,9490000
21136,55,1,9990000,9990000
21137,257,1,11990000,11990000
21138,118,1,18990000,18990000
21139,161,1,18040500,18040500
21140,110,1,4990000,4990000
21141,95,1,7191000,7191000
21142,28,1,4590000,4590000
21143,139,1,9015500,9015500
21143,66,2,750000,1500000
21144,318,1,7990000,7990000
21144,168,1,25191000,25191000
21144,289,1,11390500,11390500
21145,36,1,190000,190000
21146,316,1,2990000,2990000
21147,150,1,12990000,12990000
21148,221,1,18040500,19844550
21149,21,1,7191000,7191000
21150,74,1,5391000,5391000
21151,244,1,28791000,28791000
21151,153,1,120000,120000
21152,79,1,190000,190000
21152,18,3,9490000,28470000
21153,88,2,7590500,15181000
21153,284,1,2840500,2840500
21154,171,1,2490000,2490000
21155,225,1,27990000,27990000
21155,6,1,5990000,5990000
21156,99,1,12990000,12990000
21157,20,1,4360500,4360500
21157,112,2,27990000,55980000
21158,45,1,9015500,9015500
21159,60,2,11990000,23980000
21160,239,1,6165500,6165500
21161,78,2,427500,855000
21162,165,1,6490000,6490000
21163,269,1,450000,450000
21164,98,1,35140500,35140500
21165,209,1,8991000,8991000
21165,131,1,27990000,27990000
21165,160,1,2691000,2691000
21166,291,2,3141000,6282000
21167,176,1,31990000,31990000
21168,295,1,675000,675000
21169,186,1,9490000,9490000
21170,318,1,7990000,7990000
21171,192,1,7990000,7990000
21172,227,1,9990000,9990000
21172,229,1,250000,250000
21173,244,1,30390500,30390500
21174,220,1,12990000,12990000
21174,265,1,30390500,30390500
21175,205,1,6165500,6165500
21176,280,1,4590000,4590000
21177,287,1,4740500,4740500
21178,43,1,9490000,9490000
21178,166,1,3990000,3990000
21179,106,2,7990000,15980000
21180,62,1,27990000,27990000
21181,129,1,2691000,2691000
21182,263,1,4990000,4990000
21183,292,1,6490000,6490000
21183,174,1,4990000,4990000
21184,201,2,4990000,9980000
21184,10,1,6490000,6490000
21185,307,1,3490000,3490000
21186,227,1,9990000,9990000
21187,85,1,25191000,25191000
21188,253,1,1890000,1890000
21188,181,1,4990000,4990000
21189,269,1,405000,405000
21190,129,1,2990000,2990000
21191,269,1,450000,450000
21191,197,1,675000,675000
21192,288,1,3990000,3990000
21193,294,1,5990000,5990000
21193,226,1,18990000,18990000
21193,136,1,4990000,4990000
21194,135,1,5990000,5990000
21195,213,1,18990000,18990000
21196,226,1,17091000,17091000
21197,237,1,9490000,9490000
21198,211,1,6490000,6490000
21199,99,3,12990000,38970000
21199,195,1,2490000,2490000
21200,188,1,8991000,8991000
21200,220,1,12990000,12990000
21200,77,2,250000,500000
21201,292,1,6490000,6490000
21202,243,1,18990000,18990000
21202,7,1,6165500,6165500
21203,165,1,6490000,6490000
21204,175,1,2241000,2241000
21205,315,1,4590000,5049000
21206,320,1,320000,320000
21207,232,1,750000,750000
21208,139,1,8541000,8541000
21208,166,1,3990000,3990000
21209,108,1,30390500,30390500
21210,235,1,3490000,3490000
21210,259,1,36990000,36990000
21211,282,1,7990000,7990000
21211,6,1,5990000,5990000
21211,220,1,12340500,12340500
21212,144,1,4491000,4491000
21213,221,1,18990000,18990000
21214,127,1,5841000,5841000
21215,85,1,27990000,27990000
21215,57,3,35140500,105421500
21216,237,1,9490000,9490000
21216,196,1,4491000,4491000
21217,151,2,3490000,6980000
21218,260,1,17091000,17091000
21219,181,1,4990000,4990000
21220,312,1,4491000,4491000
21221,162,1,18990000,18990000
21222,10,1,6165500,6165500
21223,19,1,11390500,11390500
21223,125,1,5841000,5841000
21224,2,1,36990000,36990000
21224,296,1,21840500,21840500
21225,142,1,9015500,9015500
21226,193,1,36990000,36990000
21227,224,1,7990000,7990000
21228,304,1,7191000,7191000
21228,271,1,5841000,5841000
21228,2,1,36990000,36990000
21229,184,1,6490000,6490000
21230,205,1,6490000,6490000
21231,158,1,2691000,2691000
21231,231,1,36990000,36990000
21232,63,1,5990000,5990000
21233,222,1,36990000,36990000
21233,158,1,2990000,2990000
21234,156,1,25191000,25191000
21234,298,1,6490000,6490000
21235,94,1,5690500,5690500
21235,44,3,2990000,8970000
21236,113,1,17091000,17091000
21236,27,2,12340500,24681000
21237,266,1,108000,108000
21238,212,1,7990000,7990000
21239,42,1,9015500,9015500
21240,183,1,2241000,2241000
21240,249,1,320000,320000
21241,218,1,1701000,1701000
21242,113,1,17091000,17091000
21242,95,1,7191000,7191000
21243,95,1,7191000,7191000
21243,78,1,450000,450000
21244,137,2,3591000,7182000
21245,124,1,2990000,2990000
21246,204,1,9490000,9490000
21247,93,1,7990000,7990000
21248,60,1,11390500,11390500
21249,233,1,250000,250000
21249,220,1,12990000,12990000
21249,205,1,6490000,6490000
21250,292,1,6490000,6490000
21251,236,1,7191000,7191000
21252,260,1,17091000,17091000
21252,45,1,9015500,9015500
21253,256,1,590000,590000
21254,99,1,12990000,12990000
21255,95,1,7990000,7990000
21256,252,1,225000,225000
21256,311,1,3990000,3990000
21257,267,1,9490000,9490000
21258,268,1,450000,450000
21259,241,1,4360500,4360500
21260,7,1,5841000,5841000
21261,264,1,9990000,9990000
21261,88,1,7990000,7990000
21261,51,1,427500,427500
21262,297,1,9490000,9490000
21263,59,2,4491000,8982000
21264,21,1,7191000,7191000
21265,312,3,4990000,14970000
21265,83,2,26590500,53181000
21265,12,1,25191000,25191000
21266,133,1,25191000,25191000
21267,107,1,320000,320000
21268,99,1,12990000,12990000
21269,178,1,2990000,2990000
21269,237,2,9490000,18980000
21270,208,1,108000,108000
21270,309,1,33291000,33291000
21271,22,1,4990000,4990000
21271,250,1,190000,190000
21272,91,1,4740500,4740500
21273,235,1,3490000,3490000
21274,320,1,320000,320000
21274,270,1,5990000,5990000
21275,115,1,31990000,31990000
21276,136,2,4990000,9980000
21277,129,1,2840500,2840500
21277,49,1,2490000,2490000
21278,269,1,405000,405000
21278,237,1,9490000,9490000
21279,185,1,2990000,2990000
21280,17,1,304000,304000
21280,291,1,3490000,3490000
21281,67,1,17091000,17091000
21281,60,1,11990000,11990000
21282,37,2,108000,216000
21283,258,1,5391000,5391000
21284,181,1,4740500,4740500
21285,246,1,712500,712500
21286,219,1,7191000,7191000
21287,115,1,31990000,31990000
21288,113,1,18990000,18990000
21289,68,1,1890000,1890000
21290,197,1,712500,712500
21290,131,1,27990000,27990000
21291,251,1,27990000,27990000
21292,88,1,7590500,7590500
21293,51,1,427500,427500
21294,104,1,17091000,17091000
21295,184,2,6490000,12980000
21296,289,1,11990000,11990000
21297,243,1,18990000,18990000
21298,4,1,320000,320000
21299,158,1,2691000,2691000
21300,175,1,2490000,2490000
21301,202,1,11990000,11990000
21302,211,1,6490000,6490000
21303,286,1,3141000,3141000
21303,118,1,18990000,18990000
21304,225,1,25191000,25191000
21305,73,1,11990000,11990000
21306,309,1,36990000,36990000
21307,76,1,21840500,21840500
21308,221,1,18990000,18990000
21309,122,1,4740500,4740500
21310,279,1,4590000,4590000
21310,77,1,250000,250000
21311,17,2,320000,640000
21312,93,1,7590500,7590500
21313,184,1,6165500,6165500
21314,15,1,4491000,4491000
21315,31,1,5841000,5841000
21315,73,2,10791000,21582000
21316,227,1,8991000,8991000
21317,236,1,7990000,7990000
21318,314,1,27990000,27990000
21319,115,1,30390500,30390500
21320,315,1,4590000,4590000
21320,164,1,3990000,3990000
21321,185,1,2990000,2990000
21322,37,1,120000,120000
21323,171,2,2490000,4980000
21324,242,1,5990000,5990000
21324,172,1,3315500,3315500
21324,142,1,9490000,9490000
21325,200,2,26590500,53181000
21326,248,1,11990000,11990000
21327,301,1,3790500,3790500
21328,222,1,36990000,36990000
21329,293,1,2691000,2691000
21329,283,1,9490000,9490000
21330,79,1,190000,190000
21331,319,1,2990000,2990000
21332,201,1,4990000,4990000
21333,174,1,4990000,4990000
21334,102,1,2490000,2490000
21334,239,1,6490000,6490000
21335,196,1,4990000,4990000
21336,101,1,18990000,18990000
21336,169,1,3490000,3490000
21337,261,1,9490000,9490000
21337,217,1,22990000,22990000
21338,40,1,1890000,1890000
21339,125,1,6490000,7139000
21340,113,1,18990000,18990000
21341,219,1,7990000,7990000
21342,105,1,9490000,9490000
21343,262,1,750000,750000
21344,1,1,1890000,1890000
21344,278,1,6490000,6490000
21345,187,1,4740500,4740500
21346,84,1,8541000,8541000
21347,35,1,7990000,7990000
21347,142,1,9490000,9490000
21348,216,1,3990000,3990000
21349,234,1,7590500,7590500
21350,127,1,6165500,6165500
21350,267,1,9490000,9490000
21351,114,1,30390500,30390500
21352,261,2,9490000,18980000
21353,173,1,17091000,17091000
21354,105,1,8541000,8541000
21355,316,1,2990000,2990000
21356,59,1,4990000,4990000
21357,186,1,9490000,9490000
21358,286,1,3490000,3490000
21359,293,1,2990000,2990000
21359,265,1,31990000,31990000
21360,282,1,7990000,7990000
21361,107,1,320000,320000
21362,160,1,2990000,2990000
21363,199,1,36990000,36990000
21364,266,1,120000,120000
21364,155,1,27990000,27990000
21365,274,1,11390500,11390500
21366,254,1,7590500,7590500
21367,269,1,450000,450000
21368,286,1,3490000,3490000
21369,315,1,4590000,4590000
21369,28,1,4131000,4131000
21370,116,2,18990000,37980000
21371,283,1,9490000,9490000
21371,319,1,2990000,2990000
21371,74,1,5690500,5690500
21372,104,1,18990000,18990000
21373,249,3,320000,960000
21374,278,1,6490000,6490000
21375,56,1,6490000,6490000
21375,295,2,712500,1425000
21376,258,2,5990000,11980000
21377,173,1,18040500,18040500
21378,201,1,4990000,4990000
21379,182,1,33291000,33291000
21380,292,1,5841000,5841000
21380,140,1,4990000,4990000
21381,228,1,2490000,2490000
21381,292,1,6490000,6490000
21382,103,3,20691000,62073000
21383,87,1,4990000,4990000
21383,244,1,28791000,28791000
21384,33,1,250000,250000
21385,7,1,5841000,5841000
21386,156,1,26590500,26590500
21386,164,1,3990000,3990000
21387,292,1,6490000,6490000
21388,202,1,11990000,11990000
21389,142,2,9015500,18031000
21390,21,1,7990000,7990000
21390,160,1,2691000,2691000
21391,13,1,26590500,26590500
21392,96,1,2990000,2990000
21393,174,1,4740500,4740500
21394,96,1,2990000,2990000
21394,221,1,18990000,18990000
21395,302,1,36990000,36990000
21395,279,1,4131000,4131000
21396,244,1,31990000,31990000
21397,219,1,7590500,7590500
21398,244,1,28791000,28791000
21399,54,1,7490000,7490000
21400,213,1,18990000,18990000
21401,12,1,26590500,26590500
21401,33,1,225000,225000
21401,72,1,7590500,7590500
21402,162,1,18990000,18990000
21403,282,1,7990000,7990000
21404,15,1,4990000,4990000
21405,76,1,21840500,21840500
21405,283,1,9490000,9490000
21406,84,1,9490000,9490000
21406,198,1,11990000,11990000
21406,136,1,4990000,4990000
21407,205,2,6165500,12331000
21408,74,1,5990000,5990000
21409,107,1,320000,320000
21410,233,2,250000,500000
21411,79,3,190000,570000
21411,102,1,2241000,2241000
21412,71,1,11390500,11390500
21413,276,1,6490000,6490000
21414,314,1,26590500,26590500
21415,141,1,6490000,6490000
21415,261,1,8541000,8541000
21416,188,1,9990000,9990000
21417,89,1,3490000,3490000
21418,172,1,3490000,3490000
21418,270,1,5391000,5391000
21419,266,1,120000,120000
21419,30,1,6490000,6490000
21420,303,1,18990000,18990000
21421,85,1,25191000,25191000
21422,58,1,7115500,7115500
21422,81,1,6490000,6490000
21422,176,1,28791000,28791000
21423,240,1,5990000,5990000
21424,158,1,2990000,2990000
21425,36,2,190000,380000
21426,135,1,5990000,5990000
21427,208,1,108000,108000
21427,123,2,2365500,4731000
21428,203,1,25191000,25191000
21428,23,1,36990000,36990000
21429,250,1,190000,190000
21430,121,1,190000,190000
21431,296,2,22990000,45980000
21431,26,1,31990000,31990000
21432,287,1,4990000,4990000
21433,138,1,7115500,7115500
21434,200,1,25191000,25191000
21435,129,1,2990000,2990000
21436,19,2,11990000,23980000
21437,124,1,2990000,2990000
21437,275,1,5391000,5391000
21438,202,1,11990000,11990000
21439,78,1,450000,450000
21440,143,1,2241000,2241000
21440,237,1,9490000,9490000
21441,18,1,9490000,9490000
21442,118,1,17091000,17091000
21443,48,1,6490000,6490000
21444,190,1,2990000,2990000
21445,69,1,4491000,4491000
21446,101,1,18040500,18040500
21447,61,1,712500,712500
21447,37,1,120000,120000
21448,209,1,9990000,9990000
21448,159,1,11691000,11691000
21449,112,2,25191000,50382000
21449,15,1,4491000,4491000
21449,294,1,5391000,5391000
21450,139,1,9490000,9490000
21450,207,1,3591000,3591000
21451,281,1,3990000,3990000
21451,140,1,4990000,4990000
21451,57,1,36990000,36990000
21452,158,1,2691000,2691000
21453,100,1,9490500,9490500
21453,139,1,9490000,9490000
21453,221,1,18990000,18990000
21454,207,2,3990000,7980000
21455,24,1,6490000,6490000
21456,152,1,21840500,21840500
21456,9,1,320000,320000
21457,218,1,1890000,1890000
21457,200,2,27990000,55980000
21458,299,1,3490000,3490000
21459,286,1,3315500,3315500
21460,189,1,1795500,1795500
21460,22,1,4990000,4990000
21460,217,1,22990000,22990000
21461,185,1,2990000,2990000
21461,96,1,2990000,2990000
21462,71,1,11990000,11990000
21463,105,1,9490000,9490000
21464,225,1,25191000,25191000
21464,41,1,190000,190000
21465,158,1,2691000,2691000
21466,248,1,11990000,11990000
21467,143,1,2365500,2365500
21468,16,2,26590500,53181000
21469,271,1,6490000,6490000
21469,256,2,590000,1180000
21469,131,1,27990000,27990000
21470,318,1,7990000,7990000
21470,7,1,6490000,6490000
21471,221,1,18040500,18040500
21472,116,1,18990000,18990000
21473,308,1,22990000,22990000
21474,181,1,4740500,4740500
21474,188,1,9490500,9490500
21475,130,1,7490000,7490000
21475,194,1,5841000,5841000
21476,288,1,3591000,3591000
21476,279,1,4590000,4590000
21477,265,1,30390500,30390500
21478,288,2,3790500,7581000
21479,236,1,7590500,7590500
21479,124,1,2691000,2691000
21480,242,1,5690500,5690500
21481,169,1,3141000,3141000
21482,180,1,2691000,2691000
21483,150,1,12990000,12990000
21484,231,1,36990000,36990000
21485,80,1,9490000,9490000
21486,115,1,28791000,28791000
21487,39,1,31990000,31990000
21487,23,1,36990000,36990000
21487,146,1,5391000,5391000
21488,220,2,11691000,23382000
21489,155,1,27990000,27990000
21490,121,1,171000,171000
21491,23,1,36990000,36990000
21491,93,1,7191000,7191000
21492,208,1,114000,114000
21492,10,1,6490000,6490000
21493,276,1,6490000,6490000
21494,182,1,36990000,36990000
21495,10,1,6490000,6490000
21496,138,1,6741000,6741000
21496,257,1,11990000,11990000
21497,154,1,22990000,22990000
21498,315,2,4360500,8721000
21498,198,2,11390500,22781000
21499,11,1,33291000,33291000
21500,156,1,27990000,27990000
21500,76,1,22990000,22990000
21501,73,2,11390500,22781000
21502,264,1,9990000,9990000
21503,218,1,1701000,1701000
21504,66,1,750000,750000
21505,174,1,4990000,4990000
21506,231,1,35140500,35140500
21507,93,1,7990000,7990000
21508,310,1,5990000,5990000
21509,107,1,288000,288000
21509,241,1,4590000,4590000
21510,213,1,18990000,18990000
21511,163,1,18990000,18990000
21512,91,2,4990000,9980000
21513,210,1,6490000,6490000
21513,310,1,5690500,5690500
21514,15,1,4740500,4740500
21515,314,1,27990000,27990000
21516,268,1,450000,450000
21517,169,1,3490000,3490000
21517,186,1,8541000,8541000
21518,198,1,11990000,11990000
21519,316,1,2990000,2990000
21520,210,1,6490000,6490000
21521,64,1,17091000,17091000
21521,20,1,4360500,4360500
21521,31,2,6490000,12980000
21522,115,1,31990000,31990000
21522,238,1,33291000,33291000
21523,110,1,4740500,4740500
21524,23,1,36990000,36990000
21524,158,2,2990000,5980000
21525,36,1,190000,190000
21526,66,1,712500,641250
21527,261,1,9490000,9490000
21528,262,1,750000,750000
21529,142,1,9490000,9490000
21529,112,1,27990000,27990000
21530,213,1,18990000,18990000
21531,38,2,11990000,23980000
21532,215,1,25191000,25191000
21533,210,1,6165500,6165500
21534,85,1,26590500,26590500
21535,194,1,6490000,6490000
21536,41,1,190000,190000
21537,197,1,750000,750000
21538,243,3,18990000,56970000
21538,44,1,2990000,2990000
21539,103,2,22990000,45980000
21540,246,1,750000,750000
21541,97,1,4590000,4590000
21541,304,1,7990000,7990000
21541,31,1,5841000,5841000
21542,256,1,590000,590000
21543,311,1,3591000,3591000
21544,317,2,31990000,63980000
21545,163,1,18990000,18990000
21546,314,1,27990000,27990000
21546,21,1,7990000,7990000
21547,278,1,6490000,6490000
21548,157,1,7990000,7990000
21548,43,1,9490000,9490000
21549,299,1,3490000,3490000
21550,187,1,4990000,4990000
21551,3,1,590000,590000
21551,288,1,3790500,3790500
21552,18,1,8541000,8541000
21553,78,1,405000,405000
21554,82,1,2490000,2490000
21554,255,2,26590500,53181000
21555,152,1,22990000,22990000
21556,305,2,1890000,3780000
21556,234,1,7990000,7990000
21557,64,1,18040500,18040500
21557,111,1,7115500,7115500
21558,315,1,4590000,4590000
21559,313,1,2490000,2490000
21559,286,1,3490000,3490000
21559,122,1,4990000,4990000
21560,96,1,2990000,3289000
21560,298,1,5841000,5841000
21561,157,1,7990000,7990000
21562,221,1,18990000,18990000
21563,184,1,6490000,6490000
21564,257,2,11990000,23980000
21565,115,3,30390500,91171500
21566,50,1,8541000,8541000
21567,142,1,9015500,9015500
21568,197,1,675000,675000
21569,139,1,9490000,9490000
21570,295,1,750000,750000
21571,218,1,1890000,1890000
21571,252,1,250000,250000
21572,14,1,250000,250000
21572,123,1,2490000,2490000
21573,286,2,3490000,6980000
21574,230,1,237500,237500
21574,233,2,225000,450000
21575,91,1,4990000,4990000
21575,62,1,25191000,25191000
21576,165,1,6490000,6490000
21577,143,1,2241000,2241000
21578,256,1,590000,590000
21579,265,1,30390500,30390500
21580,67,2,18990000,37980000
21581,111,2,7490000,14980000
21582,88,1,7191000,7191000
21582,301,1,3790500,3790500
21583,182,1,36990000,36990000
21584,246,1,750000,750000
21584,183,1,2241000,2241000
21584,136,1,4990000,4990000
21585,194,1,5841000,5841000
21586,216,1,3790500,3790500
21587,81,1,6490000,6490000
21588,207,1,3990000,3990000
21589,41,1,190000,190000
21589,135,1,5990000,5990000
21590,229,3,237500,712500
21591,180,1,2840500,2840500
21592,171,1,2241000,2241000
21593,315,1,4131000,4131000
21594,128,1,405000,405000
21595,320,1,320000,320000
21596,54,2,7115500,14231000
21596,171,1,2490000,2490000
21596,268,1,450000,450000
21597,235,1,3315500,3315500
21597,216,1,3790500,3790500
21598,290,1,18990000,18990000
21599,288,1,3591000,3591000
21600,276,1,6490000,6490000
21600,208,1,120000,120000
21601,159,2,12990000,25980000
21601,41,1,171000,171000
21602,254,2,7990000,15980000
21603,233,1,225000,225000
21604,228,1,2490000,2490000
21604,78,1,450000,450000
21605,285,1,2241000,2241000
21606,56,1,6490000,6490000
21607,123,1,2490000,2490000
21608,266,1,108000,108000
21608,90,2,405000,810000
21609,179,1,304000,304000
21609,313,1,2365500,2365500
21610,229,1,225000,225000
21610,78,1,427500,427500
21611,257,2,10791000,21582000
21612,261,1,9490000,9490000
21612,305,1,1795500,1795500
21612,156,1,25191000,25191000
21613,27,1,11691000,11691000
21614,4,1,320000,320000
21615,215,1,26590500,26590500
21616,278,1,6165500,6165500
21617,208,1,108000,108000
21618,291,2,3490000,6980000
21619,190,1,2840500,2840500
21620,97,1,4590000,4590000
21621,16,1,25191000,25191000
21621,230,1,250000,250000
21622,214,1,27990000,27990000
21623,199,1,36990000,36990000
21624,289,2,11390500,22781000
21625,258,1,5690500,5690500
21626,106,1,7590500,7590500
21626,68,1,1890000,1890000
21627,102,1,2490000,2490000
21627,156,1,27990000,27990000
21628,248,1,11990000,11990000
21629,106,1,7990000,7990000
21630,78,1,450000,450000
21631,238,1,33291000,33291000
21632,239,1,6490000,6490000
21632,138,2,6741000,13482000
21632,296,1,22990000,22990000
21633,145,1,2691000,2691000
21634,172,3,3141000,9423000
21635,74,1,5391000,5391000
21636,297,1,9490000,9490000
21637,109,1,590000,590000
21638,310,1,5990000,5990000
21639,235,1,3490000,3490000
21640,210,2,6490000,12980000
21641,183,1,2490000,2490000
21642,104,1,18040500,18040500
21642,215,1,27990000,27990000
21642,40,1,1701000,1701000
21643,3,1,590000,590000
21643,218,1,1890000,1890000
21644,304,1,7990000,7990000
21644,212,1,7990000,7990000
21645,291,2,3490000,6980000
21645,116,1,18990000,18990000
21646,119,1,108000,108000
21647,289,1,11990000,11990000
21648,284,1,2990000,2990000
21649,102,1,2490000,2490000
21649,201,1,4491000,4491000
21650,3,1,590000,590000
21651,89,1,3490000,3490000
21652,282,1,7590500,7590500
21652,302,1,36990000,36990000
21653,81,1,5841000,5841000
21654,213,1,18040500,18040500
21655,212,1,7990000,7990000
21655,76,1,22990000,22990000
21656,59,1,4491000,4491000
21657,73,1,10791000,10791000
21658,107,1,320000,320000
21659,104,1,18990000,18990000
21659,172,1,3315500,3315500
21660,39,1,31990000,31990000
21661,104,1,18990000,18990000
21662,250,1,190000,190000
21663,288,3,3990000,11970000
21664,204,1,9490000,9490000
21664,225,1,27990000,27990000
21665,113,1,18990000,18990000
21666,232,1,712500,712500
21667,193,1,36990000,36990000
21668,278,1,6490000,6490000
21668,163,1,18990000,18990000
21669,77,1,225000,225000
21670,16,1,27990000,27990000
21671,303,1,18990000,18990000
21672,293,1,2990000,2990000
21672,141,1,6490000,6490000
21673,66,1,750000,750000
21673,63,1,5990000,5990000
21674,104,1,18990000,18990000
21675,54,1,7490000,7490000
21676,284,1,2990000,2990000
21677,259,1,35140500,35140500
21677,301,1,3990000,3990000
21678,210,1,6490000,6490000
21679,130,1,7115500,7115500
21680,79,1,190000,190000
21681,215,1,27990000,27990000
21682,159,1,12990000,12990000
21683,52,1,190000,209000
21683,154,1,21840500,21840500
21684,71,1,11990000,11990000
21684,264,1,9990000,9990000
21685,153,1,114000,114000
21686,18,2,9490000,18980000
21687,90,1,450000,450000
21688,172,1,3141000,3141000
21689,207,1,3591000,3591000
21690,118,1,18990000,18990000
21691,163,1,18040500,18040500
21692,10,1,6490000,6490000
21693,35,1,7990000,7990000
21693,120,1,3490000,3490000
21693,24,1,6490000,6490000
21694,151,1,3490000,3490000
21695,283,1,8541000,8541000
21696,13,2,25191000,50382000
21697,37,1,120000,120000
21698,210,1,6490000,6490000
21698,189,1,1890000,1890000
21699,129,1,2691000,2691000
21699,292,1,5841000,5841000
21700,206,1,560500,560500
21701,144,3,4740500,14221500
21702,98,1,35140500,35140500
21703,74,1,5990000,5990000
21704,264,1,9990000,9990000
21705,132,1,4740500,4740500
21706,225,1,26590500,26590500
21706,301,1,3790500,3790500
21707,294,1,5391000,5391000
21708,226,1,17091000,17091000
21709,271,1,6165500,6165500
21710,222,1,36990000,36990000
21711,208,1,120000,120000
21712,249,1,320000,320000
21713,29,1,225000,225000
21714,16,1,25191000,25191000
21714,272,1,9490000,9490000
21715,240,1,5990000,5990000
21715,259,1,33291000,33291000
21716,217,1,22990000,22990000
21717,270,1,5990000,5990000
21717,25,1,3490000,3490000
21718,271,1,6490000,6490000
21718,12,1,27990000,27990000
21719,310,1,5990000,5990000
21720,203,1,27990000,27990000
21721,24,1,6490000,6490000
21722,285,2,2241000,4482000
21723,29,3,237500,712500
21723,307,1,3490000,3490000
21724,188,1,8991000,8991000
21725,51,1,450000,450000
21726,289,1,10791000,10791000
21727,52,1,190000,190000
21728,50,1,8541000,8541000
21728,18,1,9490000,9490000
21729,222,1,33291000,33291000
21730,243,1,18990000,18990000
21731,274,1,11990000,11990000
21732,87,3,4990000,14970000
21732,181,1,4740500,4740500
21733,243,2,17091000,34182000
21734,236,1,7990000,7990000
21735,202,1,10791000,10791000
21736,105,1,9490000,9490000
21736,101,2,18990000,37980000
21737,46,1,7990000,7990000
21738,161,1,18990000,18990000
21739,169,1,3490000,3490000
21740,57,2,33291000,66582000
21740,43,1,9490000,9490000
21741,172,1,3490000,3490000
21742,297,1,9490000,9490000
21743,137,1,3990000,3990000
21744,43,1,9015500,9015500
21745,42,1,8541000,8541000
21746,192,1,7191000,7191000
21747,52,1,180500,180500
21747,47,1,6490000,6490000
21747,118,3,18040500,54121500
21748,200,1,26590500,26590500
21749,183,1,2490000,2490000
21750,84,1,8541000,8541000
21751,92,1,250000,250000
21752,141,1,6490000,6490000
21753,292,1,6490000,6490000
21754,156,1,26590500,26590500
21755,100,1,8991000,8991000
21756,98,1,36990000,36990000
21756,57,1,33291000,33291000
21756,33,1,225000,225000
21757,117,2,11990000,23980000
21758,135,1,5990000,5990000
21758,12,1,25191000,25191000
21759,33,1,250000,250000
21759,8,1,1701000,1701000
21760,105,2,9490000,18980000
21761,31,1,6165500,6165500
21762,113,1,17091000,17091000
21763,49,1,2490000,2490000
21763,65,1,17091000,17091000
21764,206,1,531000,531000
21765,175,1,2241000,2241000
21766,309,1,35140500,35140500
21766,109,1,590000,590000
21767,113,1,18990000,18990000
21767,144,1,4990000,4990000
21768,130,2,7490000,14980000
21768,263,1,4740500,4740500
21769,106,1,7590500,7590500
21770,241,1,4131000,4131000
21771,223,1,5990000,5990000
21772,129,1,2691000,2691000
21773,224,1,7990000,7990000
21774,203,1,25191000,25191000
21775,285,1,2241000,2241000
21776,138,1,7115500,7115500
21777,199,3,35140500,105421500
21778,63,1,5990000,5990000
21778,34,2,17091000,34182000
21779,71,1,11990000,13189000
21779,176,1,31990000,31990000
21780,294,1,5990000,5391000
21781,15,1,4740500,4740500
21781,6,1,5990000,5990000
21782,102,1,2490000,2490000
21783,156,1,26590500,26590500
21784,256,1,531000,531000
21785,34,1,18990000,18990000
21786,185,1,2691000,2691000
21787,222,1,36990000,36990000
21788,130,1,7490000,7490000
21789,83,1,27990000,27990000
21790,46,1,7990000,7990000
21791,114,1,30390500,30390500
21792,25,1,3490000,3490000
21792,15,1,4491000,4491000
21793,209,1,9990000,9990000
21794,222,1,33291000,33291000
21795,60,1,11990000,11990000
21796,281,1,3990000,3990000
21796,153,1,120000,132000
21797,239,1,6490000,6490000
21798,27,2,12990000,25980000
21799,250,2,190000,380000
21799,130,1,7490000,7490000
21800,164,3,3990000,11970000
21801,267,1,9015500,9015500
21802,311,1,3990000,3990000
21802,165,1,6165500,6165500
21803,291,1,3490000,3490000
21804,150,1,12340500,12340500
21805,65,2,18990000,37980000
21806,170,1,18040500,18040500
21807,179,1,320000,320000
21808,209,1,8991000,8991000
21808,281,1,3990000,3990000
21808,79,1,171000,171000
21809,221,3,18990000,56970000
21809,57,1,35140500,35140500
21810,59,2,4491000,8982000
21810,59,1,4990000,4990000
21811,57,1,36990000,36990000
21812,58,1,7490000,7490000
21812,205,1,5841000,5841000
21812,299,1,3315500,3315500
21813,55,2,9990000,19980000
21814,80,1,8541000,8541000
21814,237,1,9015500,9015500
21815,33,1,250000,250000
21816,79,1,190000,190000
21817,30,1,6165500,6165500
21818,181,1,4990000,4990000
21819,255,1,27990000,27990000
21820,97,1,4590000,4590000
21821,209,1,9990000,9990000
21821,211,2,5841000,11682000
21822,228,1,2490000,2490000
21823,211,1,6490000,6490000
21824,10,1,6490000,6490000
21824,44,1,2990000,2990000
21824,116,2,18990000,37980000
21825,162,1,18990000,18990000
21825,13,1,27990000,27990000
21826,177,1,33291000,33291000
21827,112,2,27990000,55980000
21827,294,2,5990000,11980000
21828,40,1,1795500,1795500
21829,185,1,2990000,2990000
21829,61,1,750000,750000
21830,36,1,171000,153900
21831,39,1,28791000,28791000
21832,168,1,25191000,25191000
21833,39,1,31990000,31990000
21834,53,1,9490000,9490000
21834,67,2,18990000,37980000
21834,280,1,4131000,4131000
21835,270,1,5690500,5690500
21836,21,1,7990000,7990000
21837,303,1,18040500,18040500
21837,9,1,288000,288000
21838,227,1,9490500,9490500
21838,28,1,4131000,4131000
21839,133,1,27990000,27990000
21840,177,1,36990000,36990000
21841,81,1,6490000,6490000
21842,189,1,1890000,1890000
21843,228,1,2490000,2490000
21844,294,1,5990000,5990000
21845,106,1,7590500,7590500
21845,33,1,225000,225000
21845,48,1,6490000,6490000
21846,176,1,31990000,31990000
21847,165,1,5841000,5841000
21847,71,1,10791000,10791000
21848,72,1,7990000,7990000
21849,220,3,11691000,35073000
21850,96,1,2840500,2840500
21850,179,2,320000,640000
21851,148,1,5990000,5990000
21851,250,1,190000,190000
21852,74,1,5990000,5990000
21852,135,1,5391000,5391000
21853,212,1,7990000,7990000
21854,170,1,17091000,17091000
21854,139,1,9015500,9015500
21854,42,1,8541000,8541000
21855,116,1,18990000,18990000
21856,229,1,250000,250000
21857,131,1,27990000,27990000
21858,27,1,11691000,11691000
21858,197,1,675000,675000
21859,320,1,304000,304000
21860,82,1,2490000,2490000
21861,195,1,2241000,2241000
21862,30,1,6165500,6165500
21863,144,1,4990000,4990000
21864,46,1,7990000,7990000
21865,26,1,31990000,31990000
21866,238,1,36990000,36990000
21867,45,1,9015500,9015500
21868,145,1,2840500,2840500
21868,181,1,4990000,4990000
21869,108,1,31990000,31990000
21869,251,1,26590500,26590500
21870,91,1,4990000,4990000
21870,232,1,750000,750000
21871,137,2,3990000,7980000
21871,131,1,25191000,25191000
21872,83,1,26590500,26590500
21872,26,1,30390500,27351450
21872,77,1,250000,250000
21873,122,1,4990000,4990000
21874,223,1,5990000,5990000
21875,100,1,9990000,9990000
21876,200,1,27990000,27990000
21877,300,1,1890000,1890000
21878,80,1,9490000,9490000
21879,185,1,2990000,3289000
21880,232,1,750000,750000
21880,159,1,12990000,12990000
21881,46,3,7191000,21573000
21881,132,1,4990000,4990000
21882,42,1,9490000,9490000
21883,60,1,10791000,10791000
21884,14,1,250000,250000
21885,242,1,5990000,5990000
21886,156,1,26590500,26590500
21887,174,1,4740500,4740500
21888,170,1,17091000,17091000
21889,22,1,4990000,4990000
21890,121,1,180500,180500
21891,133,1,26590500,26590500
21892,55,1,9990000,9990000
21893,138,1,6741000,6066900
21894,317,1,28791000,28791000
21894,76,2,22990000,45980000
21894,297,1,9490000,9490000
21895,120,1,3315500,3315500
21896,87,1,4990000,4990000
21897,286,1,3141000,3141000
21898,155,1,27990000,27990000
21898,86,1,18990000,18990000
21898,167,1,35140500,35140500
21899,75,2,6490000,12980000
21899,47,1,6490000,6490000
21899,212,1,7191000,7191000
21900,288,1,3591000,3591000
21901,43,2,9490000,18980000
21902,228,1,2490000,2490000
21902,5,1,7990000,7990000
21903,186,1,9490000,9490000
21903,113,1,18040500,18040500
21904,113,1,17091000,17091000
21905,15,1,4990000,4990000
21905,307,1,3315500,3315500
21905,37,1,120000,120000
21906,272,1,9015500,9015500
21906,267,1,9490000,9490000
21907,77,1,225000,225000
21908,298,1,6490000,6490000
21909,236,1,7590500,7590500
21909,26,1,31990000,31990000
21910,254,1,7990000,7990000
21910,275,1,5990000,5990000
21911,64,1,18990000,18990000
21911,130,1,7490000,7490000
21912,230,1,250000,250000
21913,145,2,2840500,5681000
21914,255,1,27990000,27990000
21915,147,1,11990000,11990000
21915,252,1,250000,250000
21916,116,1,18990000,18990000
21917,200,2,25191000,50382000
21917,191,1,4990000,4990000
21918,225,1,27990000,27990000
21919,273,1,11990000,11990000
21920,179,1,320000,320000
21921,197,1,750000,750000
21922,186,1,9490000,9490000
21923,288,1,3990000,3990000
21924,51,1,450000,450000
21925,198,1,11990000,11990000
21926,109,2,590000,1180000
21927,188,1,9490500,9490500
21927,2,3,36990000,110970000
21928,164,1,3990000,3990000
21929,300,1,1890000,1890000
21929,219,1,7990000,7990000
21930,304,1,7590500,7590500
21931,173,1,18040500,18040500
21932,306,1,1890000,1890000
21933,184,1,6490000,6490000
21934,69,1,4990000,4990000
21934,145,1,2990000,2990000
21934,171,1,2490000,2490000
21935,75,1,6490000,6490000
21935,103,1,20691000,20691000
21936,63,1,5990000,5990000
21937,225,1,26590500,26590500
21938,86,1,18990000,18990000
21939,148,1,5690500,5690500
21940,194,1,6490000,6490000
21941,132,1,4990000,4990000
21941,226,1,18990000,18990000
21942,307,1,3490000,3490000
21943,253,1,1701000,1701000
21944,173,1,18990000,18990000
21945,163,1,17091000,17091000
21945,3,1,560500,560500
21946,33,1,250000,250000
21947,275,1,5990000,5391000
21948,26,1,30390500,30390500
21948,219,1,7990000,7990000
21948,43,1,9490000,9490000
21949,219,1,7990000,7990000
21950,112,1,27990000,27990000
21951,4,1,320000,320000
21952,164,1,3790500,3790500
21952,85,2,27990000,55980000
21953,220,1,12990000,12990000
21954,98,1,36990000,36990000
21955,46,1,7590500,7590500
21955,96,2,2840500,5681000
21956,203,1,27990000,27990000
21956,267,2,9015500,18031000
21957,311,1,3790500,3790500
21958,298,1,6490000,6490000
21959,228,1,2241000,2241000
21960,54,1,7490000,7490000
21961,281,1,3990000,3990000
21961,83,1,25191000,25191000
21962,16,2,26590500,53181000
21963,223,1,5990000,5990000
21964,193,1,36990000,36990000
21965,19,1,10791000,10791000
21966,121,2,171000,342000
21967,11,1,36990000,36990000
21968,21,1,7990000,7990000
21969,36,1,180500,180500
21969,161,1,18040500,18040500
21970,77,1,250000,250000
21971,51,1,450000,450000
21972,233,2,250000,500000
21973,212,1,7590500,7590500
21974,42,1,9015500,9015500
21975,177,1,35140500,35140500
21976,170,1,18040500,18040500
21977,135,1,5391000,5391000
21978,5,1,7990000,7990000
21979,192,1,7191000,7191000
21980,275,1,5990000,5990000
21980,249,2,320000,640000
21981,205,1,6165500,6165500
21982,78,1,427500,427500
21982,45,1,9490000,9490000
21983,120,1,3490000,3490000
21983,225,1,27990000,27990000
21984,163,2,18990000,37980000
21984,271,1,6490000,6490000
21984,205,1,6165500,6165500
21985,243,1,18040500,18040500
21986,181,1,4491000,4491000
21986,7,1,5841000,5841000
21987,288,1,3990000,3990000
21987,257,1,11990000,11990000
21988,107,1,320000,320000
21989,212,1,7191000,7191000
21990,212,1,7990000,7990000
21991,78,1,450000,450000
21991,42,1,9490000,9490000
21992,85,1,27990000,27990000
21993,151,1,3315500,3315500
21994,86,1,18040500,18040500
21995,38,1,11390500,11390500
21996,313,1,2365500,2365500
21997,217,1,20691000,20691000
21998,64,1,18990000,18990000
21998,113,1,18040500,18040500
21998,304,1,7191000,7191000
21999,315,1,4131000,4131000
21999,29,1,237500,237500
22000,196,1,4740500,4740500
22000,200,1,27990000,27990000
22001,263,1,4990000,4990000
22002,264,2,8991000,17982000
22003,67,1,18990000,18990000
22003,231,1,33291000,33291000
22004,75,1,6165500,6165500
22005,278,1,6490000,7139000
22005,246,2,750000,1500000
22005,85,1,26590500,26590500
22006,53,1,9490000,9490000
22007,193,1,36990000,36990000
22008,19,3,10791000,32373000
22009,218,1,1890000,1890000
22010,194,1,6490000,6490000
22011,148,1,5990000,5990000
22012,290,1,17091000,17091000
22013,124,1,2990000,2990000
22013,194,1,6490000,6490000
22014,1,1,1701000,1701000
22014,12,1,27990000,27990000
22015,79,1,171000,171000
22016,190,1,2990000,2990000
22017,20,1,4590000,4590000
22017,110,1,4990000,4990000
22018,46,1,7990000,7990000
22019,117,1,11390500,11390500
22019,135,1,5990000,5990000
22020,45,1,9490000,9490000
22021,79,2,190000,380000
22021,274,1,10791000,10791000
22022,281,1,3990000,3990000
22023,175,1,2490000,2490000
22023,66,1,675000,675000
22024,81,1,6490000,6490000
22025,179,1,320000,320000
22026,119,1,108000,108000
22027,2,1,36990000,36990000
22028,104,1,17091000,17091000
22029,56,1,6490000,6490000
22030,21,1,7590500,7590500
22031,173,1,17091000,17091000
22032,253,1,1890000,1890000
22033,13,1,27990000,27990000
22034,106,1,7191000,7191000
22035,75,1,5841000,5841000
22036,252,2,225000,450000
22036,267,2,9490000,18980000
22037,211,1,6165500,6165500
22037,32,3,11990000,35970000
22038,189,1,1890000,1890000
22039,230,2,250000,500000
22039,203,1,25191000,25191000
22040,220,1,11691000,11691000
22041,59,2,4491000,8982000
22042,105,1,9015500,9015500
22043,47,1,6165500,6165500
22044,243,1,18040500,18040500
22044,223,1,5990000,5990000
22045,44,1,2691000,2691000
22046,178,1,2990000,2990000
22046,176,1,31990000,31990000
22046,5,1,7990000,7990000
22047,232,1,750000,750000
22048,277,1,6490000,6490000
22049,209,1,9990000,9990000
22050,5,1,7191000,7191000
22050,8,1,1795500,1795500
22051,13,1,27990000,27990000
22051,54,2,7490000,14980000
22052,278,1,5841000,5841000
22052,189,1,1795500,1795500
22053,56,1,6490000,6490000
22054,58,1,7490000,7490000
22054,50,1,8541000,8541000
22055,38,1,11990000,11990000
22055,262,1,750000,750000
22056,234,1,7990000,7990000
22056,181,1,4990000,4990000
22056,19,1,11990000,11990000
22057,12,1,27990000,27990000
22058,97,1,4590000,4590000
22059,36,1,190000,190000
22059,306,2,1890000,3780000
22060,176,1,31990000,31990000
22061,93,1,7590500,7590500
22061,68,1,1890000,1890000
22061,76,1,22990000,22990000
22062,61,1,750000,750000
22063,150,1,12990000,12990000
22064,268,1,450000,450000
22064,246,1,750000,750000
22064,35,1,7990000,7990000
22065,223,1,5690500,5690500
22066,189,1,1890000,1890000
22067,295,1,750000,750000
22068,81,1,5841000,5841000
22068,288,1,3790500,3790500
22069,9,3,320000,960000
22070,6,1,5990000,5990000
22071,198,1,11990000,11990000
22072,137,1,3990000,3990000
22073,27,1,12990000,12990000
22074,81,1,6490000,6490000
22075,99,1,12340500,12340500
22075,34,1,18040500,18040500
22076,225,3,27990000,83970000
22077,227,1,9990000,9990000
22078,44,1,2990000,2990000
22079,308,2,22990000,45980000
22080,262,1,750000,750000
22080,109,1,590000,590000
22081,77,1,250000,250000
22081,244,1,31990000,31990000
22082,195,1,2241000,2241000
22083,222,1,33291000,33291000
22084,79,1,190000,190000
22085,200,1,27990000,27990000
22086,177,1,36990000,36990000
22087,122,1,4990000,4990000
22088,55,1,9990000,9990000
22089,25,1,3490000,3490000
22090,190,1,2840500,2840500
22090,240,1,5690500,5690500
22091,102,1,2490000,2490000
22092,28,3,4590000,13770000
22093,232,1,750000,825000
22094,265,1,31990000,31990000
22095,294,1,5990000,5990000
22096,253,1,1701000,1701000
22096,55,1,9990000,9990000
22097,314,1,26590500,26590500
22098,159,1,12990000,12990000
22099,151,3,3490000,10470000
22100,265,1,30390500,30390500
22101,185,1,2691000,2691000
22101,120,1,3490000,3490000
22102,161,1,18040500,18040500
22102,88,1,7990000,7191000
22103,195,1,2490000,2490000
22104,24,1,6490000,6490000
22104,319,1,2990000,2990000
22105,245,1,8541000,8541000
22106,320,1,288000,288000
22106,191,3,4491000,13473000
22106,89,1,3490000,3490000
22107,34,1,18990000,18990000
22108,269,1,427500,427500
22108,275,1,5690500,6259550
22108,235,1,3315500,3315500
22109,31,1,6490000,6490000
22110,17,1,320000,320000
22111,143,1,2490000,2490000
22112,98,1,35140500,35140500
22113,144,1,4990000,4990000
22114,170,1,18040500,18040500
22115,232,1,750000,750000
22116,151,1,3490000,3490000
22117,77,1,225000,225000
22118,117,1,11990000,11990000
22119,214,2,27990000,55980000
22119,204,1,9490000,9490000
22120,191,1,4990000,4990000
22121,212,1,7191000,7191000
22122,78,2,405000,810000
22123,303,1,18990000,18990000
22124,310,3,5391000,16173000
22125,107,1,320000,320000
22126,200,1,26590500,26590500
22127,205,2,6165500,12331000
22127,214,3,27990000,83970000
22128,285,1,2365500,2365500
22129,108,1,31990000,31990000
22129,230,1,225000,225000
22129,118,2,18990000,37980000
22130,192,2,7990000,15980000
22131,235,1,3315500,3315500
22132,252,1,237500,237500
22133,280,1,4590000,4590000
22133,164,2,3990000,7980000
22133,33,1,237500,237500
22134,59,1,4990000,4990000
22134,73,1,11990000,11990000
22135,308,1,20691000,20691000
22136,199,1,33291000,33291000
22137,131,1,27990000,27990000
22138,69,1,4990000,4990000
22139,316,1,2990000,2990000
22139,12,1,27990000,27990000
22140,305,1,1890000,1890000
22141,177,1,36990000,36990000
22142,95,1,7990000,7990000
22143,254,1,7990000,7990000
22144,31,2,5841000,11682000
22144,260,1,17091000,17091000
22145,187,3,4990000,14970000
22146,226,1,18990000,18990000
22146,269,1,450000,450000
22147,251,1,25191000,25191000
22147,133,1,27990000,27990000
22147,245,1,9490000,9490000
22148,98,2,36990000,73980000
22148,272,1,8541000,8541000
22148,267,2,9490000,18980000
22149,122,1,4990000,4990000
22150,44,1,2840500,2840500
22151,5,1,7990000,7990000
22152,188,1,8991000,8991000
22153,120,1,3490000,3490000
22154,136,1,4990000,4990000
22155,168,1,27990000,27990000
22156,238,1,36990000,36990000
22157,64,1,17091000,17091000
22158,110,1,4990000,4990000
22159,11,2,33291000,66582000
22159,86,1,18040500,18040500
22160,281,1,3990000,3990000
22161,104,1,17091000,17091000
22162,275,1,5990000,5990000
22163,185,1,2691000,2691000
22163,270,1,5990000,5990000
22163,239,1,6490000,6490000
22164,277,1,6490000,6490000
22164,186,1,9490000,9490000
22165,309,1,36990000,36990000
22165,38,1,10791000,10791000
22166,301,1,3591000,3591000
22167,260,1,18990000,18990000
22168,203,1,27990000,27990000
22169,180,1,2990000,2990000
22170,256,1,590000,590000
22170,189,1,1701000,1701000
22171,19,1,11990000,11990000
22172,123,1,2365500,2365500
22173,4,1,288000,288000
22173,320,1,288000,288000
22174,36,1,180500,180500
22175,254,3,7590500,22771500
22176,260,1,18990000,18990000
22177,310,1,5391000,5391000
22178,94,1,5391000,5391000
22178,53,1,9015500,9015500
22179,174,1,4990000,4990000
22180,299,1,3490000,3490000
22181,315,1,4131000,4131000
22182,135,1,5391000,5391000
22183,233,1,250000,250000
22184,193,3,33291000,99873000
22184,121,1,190000,190000
22184,175,1,2490000,2490000
22185,206,1,590000,590000
22185,28,1,4360500,4360500
22186,22,1,4990000,4990000
22187,29,1,237500,237500
22188,275,2,5990000,11980000
22188,204,1,8541000,8541000
22189,257,1,11990000,11990000
22190,131,1,27990000,27990000
22191,220,1,12990000,12990000
22192,266,3,108000,324000
22193,7,1,5841000,5841000
22194,150,1,12990000,12990000
22195,225,1,27990000,27990000
22195,256,1,590000,590000
22195,94,1,5990000,5990000
22196,125,1,6490000,6490000
22197,78,1,450000,450000
22198,151,1,3490000,3490000
22198,225,1,27990000,27990000
22199,124,1,2990000,2990000
22199,148,1,5690500,5690500
22199,163,1,18990000,18990000
22200,249,1,288000,288000
22201,96,1,2990000,2990000
22202,110,1,4491000,4491000
22202,31,1,6490000,6490000
22203,281,1,3790500,3790500
22204,192,2,7191000,14382000
22204,190,1,2840500,2840500
22205,185,1,2990000,2990000
22206,41,1,190000,190000
22207,305,2,1795500,3591000
22207,16,1,26590500,26590500
22208,41,1,180500,180500
22209,146,1,5990000,5990000
22209,2,1,36990000,36990000
22210,107,1,320000,320000
22211,146,1,5990000,5990000
22212,192,1,7990000,7990000
22213,105,1,8541000,8541000
22214,315,1,4360500,4360500
22215,178,1,2990000,2990000
22216,229,1,225000,225000
22217,210,1,6490000,6490000
22218,144,1,4740500,4740500
22219,62,1,27990000,27990000
22220,207,1,3990000,3990000
22221,127,1,6490000,6490000
22222,161,1,18990000,18990000
22222,180,1,2990000,2990000
22223,8,1,1890000,1890000
22224,286,1,3141000,3141000
22225,175,1,2490000,2490000
22225,234,1,7990000,7990000
22226,18,1,9490000,9490000
22227,68,3,1890000,5670000
22227,292,1,6490000,6490000
22228,134,1,6490000,6490000
22229,17,1,304000,304000
22230,46,1,7990000,7990000
22230,7,1,6490000,6490000
22231,134,2,6165500,12331000
22231,219,1,7191000,7191000
22232,151,1,3315500,3315500
22232,285,1,2490000,2490000
22233,175,1,2241000,2241000
22233,206,1,590000,590000
22234,112,1,25191000,25191000
22234,162,1,17091000,17091000
22235,176,2,30390500,60781000
22236,281,1,3591000,3591000
22236,239,1,6490000,6490000
22237,220,1,12990000,12990000
22238,138,3,7490000,22470000
22238,244,1,28791000,28791000
22239,94,1,5990000,5990000
22240,227,1,8991000,8991000
22240,199,1,36990000,36990000
22241,126,1,5990000,5990000
22242,26,1,31990000,31990000
22243,93,1,7590500,7590500
22244,42,1,9015500,9015500
22245,80,1,9015500,9015500
22246,25,3,3490000,10470000
22247,182,2,36990000,73980000
22247,270,1,5690500,5690500
22247,165,1,6490000,6490000
22248,106,1,7590500,7590500
22249,7,1,5841000,5841000
22249,231,1,36990000,36990000
22250,51,1,450000,450000
22250,297,1,8541000,8541000
22251,251,1,27990000,27990000
22252,276,1,6490000,6490000
22253,124,1,2840500,2840500
22254,178,3,2840500,8521500
22255,291,1,3490000,3490000
22255,26,2,31990000,63980000
22256,199,1,36990000,36990000
22257,259,1,36990000,36990000
22258,142,1,8541000,8541000
22258,146,1,5690500,5690500
22259,154,1,21840500,21840500
22259,144,1,4740500,4740500
22260,55,1,9990000,9990000
22261,195,1,2365500,2365500
22262,142,1,9015500,9015500
22262,27,1,12990000,12990000
22263,229,1,225000,225000
22264,67,1,18990000,18990000
22265,241,1,4131000,4131000
22266,172,1,3490000,3490000
22267,1,1,1890000,1890000
22267,101,1,18040500,18040500
22268,203,1,26590500,26590500
22268,227,1,9490500,9490500
22269,197,2,712500,1425000
22270,293,1,2691000,2691000
22271,31,1,6490000,6490000
22272,44,1,2990000,2990000
22272,250,1,190000,190000
22273,77,1,225000,225000
22274,241,1,4590000,4590000
22274,304,1,7990000,7990000
22275,132,1,4990000,4990000
22276,224,1,7990000,7990000
22276,222,1,36990000,36990000
22277,267,1,9015500,9015500
22278,165,1,6490000,6490000
22279,236,1,7990000,7990000
22280,196,1,4491000,4491000
22281,50,1,9490000,9490000
22281,91,1,4740500,4740500
22282,185,2,2840500,5681000
22283,1,2,1795500,3591000
22284,293,1,2990000,2990000
22285,216,1,3990000,3990000
22286,192,2,7990000,15980000
22287,103,1,21840500,21840500
22288,164,1,3591000,3591000
22289,38,1,11990000,11990000
22290,43,1,9490000,9490000
22291,173,1,18990000,18990000
22292,313,1,2490000,2490000
22292,138,1,7490000,7490000
22292,198,1,11990000,11990000
22293,140,1,4491000,4491000
22294,91,1,4990000,4990000
22294,205,1,6490000,6490000
22294,218,1,1890000,1890000
22295,254,1,7990000,7990000
22295,2,1,35140500,35140500
22295,46,1,7990000,7990000
22296,169,1,3490000,3490000
22297,258,1,5990000,5990000
22297,224,1,7990000,7990000
22298,185,1,2691000,2691000
22299,187,1,4990000,4990000
22299,102,2,2365500,4731000
22300,69,1,4491000,4491000
22300,16,3,27990000,83970000
22301,150,2,11691000,23382000
22302,286,1,3490000,3490000
22303,298,2,6490000,12980000
22304,5,3,7191000,21573000
22304,284,1,2691000,2691000
22305,260,1,18990000,18990000
22306,137,1,3990000,3990000
22307,158,1,2840500,2840500
22308,309,1,36990000,40689000
22309,268,3,450000,1350000
22310,62,1,27990000,27990000
22311,294,2,5391000,10782000
22312,18,1,9490000,9490000
22312,237,1,9490000,9490000
22313,232,1,712500,712500
22313,40,3,1890000,5670000
22313,187,1,4491000,4491000
22314,16,1,25191000,25191000
22315,160,1,2990000,2990000
22315,59,1,4990000,4990000
22316,242,1,5990000,5990000
22317,15,1,4740500,4740500
22317,176,1,31990000,31990000
22317,164,1,3990000,3990000
22318,245,1,9015500,9015500
22319,210,1,6490000,6490000
22320,237,1,9490000,9490000
22320,133,1,27990000,27990000
22321,154,1,20691000,18621900
22322,181,2,4990000,9980000
22323,319,1,2691000,2691000
22324,105,1,9490000,9490000
22325,236,1,7990000,7990000
22326,280,1,4590000,4590000
22326,160,1,2840500,2840500
22326,33,2,250000,500000
22327,185,1,2990000,2990000
22328,111,1,7490000,7490000
22329,28,1,4590000,4590000
22330,103,1,22990000,22990000
22331,181,2,4990000,9980000
22332,225,1,27990000,27990000
22333,42,1,9490000,9490000
22334,307,1,3141000,3141000
22335,113,1,18040500,18040500
22336,245,1,9490000,9490000
22336,240,2,5990000,11980000
22337,215,1,27990000,27990000
22338,20,1,4590000,4590000
22338,195,1,2490000,2490000
22339,116,1,17091000,17091000
22340,172,1,3490000,3490000
22340,85,1,27990000,27990000
22341,214,1,27990000,27990000
22341,270,1,5990000,5990000
22341,169,1,3490000,3490000
22342,97,1,4131000,4131000
22343,188,1,8991000,8991000
22344,303,1,18990000,18990000
22345,262,3,675000,2025000
22346,243,1,17091000,17091000
22346,74,1,5990000,5990000
22347,148,1,5990000,5990000
22348,125,1,6490000,6490000
22348,134,1,6165500,6165500
22349,65,1,18990000,18990000
22350,85,3,25191000,75573000
22351,296,1,22990000,22990000
22352,174,1,4491000,4491000
22353,241,1,4590000,4590000
22354,185,1,2990000,2990000
22354,79,1,190000,190000
22355,239,1,6490000,6490000
22356,296,1,22990000,22990000
22357,60,1,11390500,11390500
22357,88,1,7990000,7990000
22358,253,1,1795500,1795500
22359,278,1,6490000,6490000
22360,296,1,21840500,21840500
22360,312,1,4740500,4740500
22361,10,1,6165500,6165500
22361,36,2,190000,380000
22362,311,1,3790500,3790500
22363,144,1,4740500,4740500
22363,269,3,427500,1282500
22364,191,1,4491000,4491000
22365,2,1,36990000,36990000
22366,95,1,7990000,7990000
22367,44,1,2990000,2990000
22368,120,2,3490000,6980000
22369,274,1,11990000,11990000
22370,124,2,2990000,5980000
22371,197,1,712500,641250
22372,51,3,450000,1350000
22373,36,1,190000,190000
22374,159,1,12990000,14289000
22374,123,1,2490000,2490000
22375,309,1,36990000,36990000
22376,100,3,9990000,29970000
22376,283,1,9490000,9490000
22376,191,1,4990000,4990000
22377,108,2,31990000,63980000
22378,46,1,7590500,7590500
22378,52,1,190000,190000
22379,288,1,3990000,3990000
22379,85,1,27990000,27990000
22380,8,1,1795500,1795500
22381,97,1,4590000,4590000
22382,24,1,5841000,5841000
22383,132,1,4990000,4990000
22384,155,1,25191000,25191000
22384,274,2,11390500,22781000
22384,171,1,2241000,2241000
22385,169,3,3141000,9423000
22386,292,1,5841000,5841000
22387,262,1,750000,750000
22387,295,1,750000,750000
22388,174,1,4990000,4990000
22389,230,1,225000,225000
22390,174,2,4990000,9980000
22391,158,1,2990000,2990000
22392,265,1,28791000,28791000
22392,168,1,25191000,25191000
22393,241,1,4360500,4360500
22393,277,1,6490000,6490000
22394,30,1,6165500,6165500
22395,102,1,2241000,2241000
22396,109,1,560500,560500
22397,57,1,35140500,35140500
22397,209,1,9990000,9990000
22397,226,1,18990000,18990000
22398,212,1,7191000,7191000
22398,309,1,33291000,33291000
22399,200,1,26590500,26590500
22399,173,1,18990000,18990000
22399,76,1,22990000,22990000
22400,79,1,190000,190000
22401,16,1,27990000,27990000
22401,281,2,3591000,7182000
22401,214,1,27990000,27990000
22402,222,2,36990000,73980000
22403,24,1,6165500,6165500
22404,224,1,7191000,7191000
22405,317,1,31990000,31990000
22405,70,1,1890000,1890000
22406,9,1,320000,320000
22407,120,1,3141000,3141000
22408,177,1,36990000,36990000
22409,315,1,4131000,4131000
22410,286,1,3315500,3315500
22411,97,1,4590000,4590000
22412,181,1,4990000,4990000
22413,231,1,35140500,35140500
22414,132,1,4990000,4990000
22414,79,3,190000,570000
22415,142,1,9490000,9490000
22415,15,1,4740500,4740500
22415,171,1,2490000,2490000
22416,102,1,2241000,2241000
22417,320,1,304000,304000
22417,130,3,7115500,21346500
22417,176,1,31990000,31990000
22418,234,2,7590500,15181000
22418,147,1,10791000,10791000
22419,238,1,36990000,36990000
22420,129,1,2691000,2691000
22421,286,1,3315500,3315500
22421,17,1,320000,320000
22421,258,1,5690500,5690500
22422,154,1,20691000,20691000
22422,42,2,9015500,18031000
22422,143,1,2490000,2490000
22423,118,1,18990000,18990000
22424,95,1,7990000,7990000
22424,137,1,3790500,3790500
22425,14,1,225000,225000
22426,178,1,2691000,2691000
22426,289,1,11990000,11990000
22427,57,1,36990000,36990000
22428,273,1,10791000,10791000
22429,191,1,4990000,4990000
22429,197,1,750000,750000
22430,263,2,4990000,9980000
22431,134,1,6490000,6490000
22432,179,1,304000,304000
22433,304,1,7191000,7191000
22433,194,1,6165500,6165500
22434,169,1,3490000,3490000
22434,209,2,9990000,19980000
22435,214,1,25191000,25191000
22436,294,1,5990000,5990000
22437,276,1,6490000,6490000
22438,132,1,4990000,4990000
22439,217,1,22990000,22990000
22440,67,1,17091000,17091000
22440,288,1,3591000,3591000
22440,253,1,1890000,1890000
22441,311,1,3790500,3790500
22442,19,1,11990000,11990000
22443,53,1,9490000,9490000
22443,291,1,3315500,3315500
22444,166,1,3990000,3990000
22444,18,1,9490000,9490000
22445,271,1,5841000,5841000
22446,142,1,9015500,9015500
22447,179,2,288000,576000
22448,224,1,7990000,7990000
22449,198,1,11990000,11990000
22450,220,1,12990000,12990000
22451,185,1,2691000,2691000
22451,299,1,3490000,3490000
22452,69,1,4740500,4740500
22452,193,1,36990000,36990000
22453,33,1,250000,250000
22453,235,1,3315500,3315500
22453,85,1,27990000,27990000
22454,222,1,36990000,36990000
22455,302,1,33291000,33291000
22456,260,1,18990000,18990000
22457,177,1,36990000,36990000
22458,28,1,4131000,4131000
22459,162,1,18990000,18990000
22460,101,1,18990000,18990000
22460,11,1,36990000,36990000
22460,31,1,6490000,6490000
22461,56,1,6490000,6490000
22461,159,1,11691000,11691000
22462,237,2,9490000,18980000
22463,277,1,6490000,6490000
22464,271,1,5841000,5841000
22465,186,1,9490000,9490000
22466,123,1,2490000,2490000
22467,76,1,22990000,22990000
22468,17,1,288000,288000
22468,183,1,2365500,2365500
22468,47,1,6165500,6165500
22469,107,1,304000,304000
22470,278,1,6490000,6490000
22471,222,1,36990000,36990000
22471,259,1,36990000,36990000
22472,18,1,9490000,9490000
22473,296,1,22990000,22990000
22474,284,2,2691000,5382000
22475,148,1,5990000,5990000
22475,21,1,7590500,7590500
22476,131,1,25191000,25191000
22477,191,1,4740500,4740500
22477,43,1,9015500,9015500
22478,92,1,225000,225000
22478,56,1,6490000,6490000
22479,42,1,9490000,9490000
22480,223,1,5990000,5990000
22481,91,1,4990000,4990000
22482,282,1,7990000,7990000
22483,290,1,18990000,18990000
22484,37,1,120000,120000
22485,40,1,1701000,1701000
22486,34,1,18990000,18990000
22487,147,1,11390500,11390500
22488,122,1,4491000,4491000
22488,176,1,31990000,31990000
22489,269,1,450000,450000
22490,2,1,35140500,35140500
22491,105,1,9490000,9490000
22492,233,1,237500,237500
22493,180,2,2691000,5382000
22494,302,1,33291000,33291000
22495,282,1,7990000,7990000
22495,188,1,9990000,9990000
22496,14,1,250000,225000
22497,265,1,28791000,28791000
22497,119,1,114000,114000
22498,13,1,26590500,26590500
22499,121,3,190000,570000
22499,100,3,9990000,29970000
22499,149,3,31990000,95970000
22500,306,1,1701000,1701000
22501,108,1,31990000,31990000
22501,176,1,28791000,28791000
22502,276,1,6490000,6490000
22503,36,1,190000,190000
22504,110,1,4491000,4491000
22505,262,1,750000,750000
22506,204,1,9490000,9490000
22507,177,1,36990000,36990000
22507,53,1,9015500,9015500
22507,306,2,1701000,3402000
22508,14,1,250000,225000
22509,161,1,18990000,18990000
22510,121,1,171000,171000
22510,150,1,12990000,12990000
22511,124,1,2990000,2990000
22512,7,1,6490000,6490000
22512,32,1,10791000,10791000
22513,167,1,36990000,36990000
22514,251,1,25191000,25191000
22515,223,1,5690500,5690500
22516,223,1,5990000,5990000
22517,39,1,28791000,28791000
22518,89,1,3315500,3315500
22519,265,1,31990000,31990000
22520,201,1,4990000,4990000
22521,6,1,5990000,5990000
22521,286,1,3141000,3141000
22521,72,3,7990000,23970000
22522,47,1,6490000,6490000
22523,23,1,36990000,36990000
22523,59,1,4740500,4740500
22524,217,1,21840500,21840500
22525,60,1,11990000,11990000
22525,149,1,31990000,31990000
22526,298,1,6490000,6490000
22527,245,1,9490000,9490000
22528,275,1,5690500,5690500
22529,299,1,3315500,3315500
22530,109,1,590000,590000
22531,233,1,250000,250000
22532,315,1,4131000,4131000
22533,82,1,2490000,2490000
22534,105,1,9015500,9015500
22535,112,1,25191000,25191000
22536,111,1,6741000,6741000
22537,26,2,28791000,57582000
22538,48,1,6490000,6490000
22538,262,1,750000,750000
22539,289,1,11390500,11390500
22540,21,1,7990000,7990000
22540,107,1,304000,304000
22540,59,1,4491000,4491000
22541,293,1,2990000,2990000
22542,204,3,9490000,28470000
22543,306,1,1795500,1795500
22544,122,1,4990000,4990000
22545,177,1,35140500,35140500
22546,295,1,750000,750000
22547,175,1,2241000,2241000
22547,97,1,4360500,4360500
22548,68,3,1701000,4592700
22549,150,1,12990000,12990000
22550,128,1,450000,450000
22551,6,1,5391000,5391000
22552,265,1,30390500,30390500
22553,136,1,4491000,4491000
22554,201,1,4990000,4990000
22554,207,1,3990000,3990000
22555,254,1,7990000,7990000
22555,22,1,4990000,4990000
22556,28,1,4360500,4360500
22556,15,1,4990000,4990000
22557,8,3,1795500,5386500
22558,135,1,5690500,5690500
22559,46,1,7990000,7990000
22560,176,1,30390500,30390500
22560,316,1,2990000,2990000
22560,229,1,250000,250000
22561,245,1,9490000,9490000
22561,235,1,3490000,3490000
22562,243,1,17091000,17091000
22563,308,1,21840500,21840500
22564,126,1,5990000,5990000
22565,172,1,3490000,3490000
22566,293,1,2990000,2990000
22567,66,1,750000,750000
22568,62,1,26590500,26590500
22569,164,3,3990000,11970000
22570,142,1,9015500,9015500
22571,22,1,4990000,4990000
22572,73,1,11990000,11990000
22573,279,1,4131000,4131000
22574,316,1,2990000,2990000
22575,89,1,3315500,3315500
22575,207,1,3990000,3990000
22576,313,1,2490000,2490000
22577,312,1,4740500,4740500
22578,145,2,2990000,5980000
22579,156,1,27990000,27990000
22579,240,1,5990000,5990000
22580,61,1,712500,712500
22581,253,1,1701000,1701000
22582,82,1,2365500,2365500
22583,263,1,4990000,4990000
22583,95,1,7990000,7990000
22583,285,1,2365500,2365500
22584,291,1,3490000,3490000
22585,87,1,4990000,4990000
22586,61,2,712500,1425000
22587,206,1,560500,560500
22588,115,1,30390500,30390500
22589,161,1,18990000,18990000
22589,92,1,250000,250000
22590,304,1,7590500,7590500
22591,18,1,9490000,9490000
22591,115,1,28791000,28791000
22592,129,1,2990000,2990000
22592,115,1,28791000,28791000
22593,299,1,3490000,3490000
22594,198,1,11390500,11390500
22594,250,1,180500,180500
22595,30,1,5841000,5841000
22596,148,1,5990000,5990000
22596,199,1,35140500,35140500
22597,271,1,6490000,6490000
22598,235,1,3490000,3490000
22599,236,1,7990000,7990000
22600,220,1,11691000,11691000
22601,24,1,6490000,6490000
22602,286,1,3490000,3490000
22603,233,1,250000,250000
22603,243,1,18040500,18040500
22604,264,1,9990000,9990000
22604,107,1,320000,320000
22604,57,1,36990000,36990000
22605,225,1,26590500,26590500
22606,150,1,11691000,11691000
22607,27,1,12990000,12990000
22608,4,1,288000,288000
22609,197,1,750000,750000
22609,239,1,6490000,6490000
22610,84,1,8541000,8541000
22611,4,2,320000,640000
22612,60,1,11990000,11990000
22612,252,1,237500,237500
22613,269,1,450000,450000
22614,232,1,750000,750000
22614,147,1,11990000,11990000
22615,285,1,2490000,2490000
22616,65,1,17091000,17091000
22617,197,1,675000,675000
22618,267,1,9490000,9490000
22619,179,1,304000,304000
22620,249,2,320000,640000
22620,158,1,2990000,2990000
22620,247,1,11990000,11990000
22621,106,1,7990000,7990000
22622,13,1,25191000,25191000
22623,21,1,7590500,7590500
22624,162,1,18990000,18990000
22625,61,2,675000,1350000
22625,170,1,17091000,17091000
22626,2,2,35140500,70281000
22627,255,1,27990000,27990000
22628,150,1,11691000,11691000
22629,27,1,11691000,11691000
22630,116,1,17091000,17091000
22631,320,2,320000,640000
22632,46,1,7590500,7590500
22632,145,1,2691000,2691000
22633,296,1,21840500,21840500
22633,297,1,8541000,8541000
22633,173,1,18990000,18990000
22634,67,1,18990000,18990000
22635,69,1,4491000,4491000
22636,288,1,3990000,3990000
22636,122,1,4491000,4491000
22637,48,1,6490000,6490000
22638,199,1,36990000,36990000
22639,35,2,7990000,15980000
22640,190,2,2990000,5980000
22640,90,1,450000,450000
22641,234,1,7191000,6471900
22642,3,1,560500,560500
22642,266,1,120000,120000
22643,51,1,405000,405000
22644,105,1,9015500,9015500
22645,123,1,2490000,2490000
22646,86,1,18990000,18990000
22646,302,2,36990000,73980000
22646,244,1,31990000,31990000
22647,288,1,3990000,3990000
22648,124,1,2990000,2990000
22649,227,1,9990000,9990000
22650,122,1,4740500,4740500
22650,101,1,17091000,17091000
22651,117,1,10791000,10791000
22651,21,1,7191000,7191000
22652,109,1,531000,531000
22653,186,1,9490000,9490000
22654,164,1,3591000,3591000
22654,130,1,7490000,7490000
22655,299,1,3141000,3141000
22656,306,1,1890000,1890000
22657,115,1,28791000,28791000
22658,94,2,5990000,11980000
22659,74,1,5690500,5690500
22660,140,1,4990000,4990000
22660,29,2,250000,500000
22661,179,1,304000,304000
22661,242,1,5990000,5990000
22662,109,1,560500,560500
22662,113,1,18990000,18990000
22663,157,2,7191000,14382000
22663,117,2,11990000,23980000
22663,91,1,4740500,4740500
22664,297,1,9015500,9015500
22664,294,3,5391000,16173000
22664,308,3,22990000,68970000
22665,317,1,28791000,28791000
22666,271,1,5841000,5841000
22666,267,3,8541000,25623000
22667,78,1,450000,450000
22668,89,1,3490000,3490000
22669,237,1,9490000,9490000
22670,304,1,7990000,7990000
22671,61,1,750000,750000
22672,78,2,405000,810000
22673,118,1,18990000,18990000
22674,149,1,31990000,31990000
22675,264,1,9490500,9490500
22675,275,1,5391000,5391000
22676,149,1,31990000,31990000
22677,205,1,6490000,6490000
22678,86,1,18040500,18040500
22678,248,3,11990000,35970000
22679,20,1,4590000,4590000
22680,295,1,750000,750000
22680,17,1,288000,288000
22681,76,1,21840500,21840500
22682,311,1,3990000,3990000
22683,277,1,6165500,6165500
22684,178,2,2990000,5980000
22685,276,2,6165500,12331000
22686,288,2,3790500,7581000
22687,2,1,36990000,36990000
22688,233,1,225000,225000
22689,148,1,5990000,5990000
22689,52,1,180500,180500
22690,39,1,31990000,31990000
22690,49,1,2490000,2490000
22691,243,1,17091000,17091000
22692,270,1,5990000,5990000
22692,175,1,2490000,2490000
22693,274,1,10791000,10791000
22694,157,1,7191000,7191000
22695,133,1,26590500,26590500
22696,136,1,4740500,4740500
22697,115,1,31990000,31990000
22697,198,1,11990000,11990000
22697,280,1,4590000,4590000
22698,99,3,12990000,38970000
22698,227,1,9990000,9990000
22699,253,1,1890000,1890000
22700,234,1,7590500,7590500
22701,7,1,6490000,6490000
22702,312,1,4491000,4491000
22703,154,1,21840500,21840500
22703,270,1,5391000,5391000
22704,162,1,18990000,18990000
22704,63,1,5990000,5990000
22705,205,1,6490000,6490000
22706,248,1,11990000,11990000
22706,60,3,11390500,34171500
22707,13,1,27990000,27990000
22708,149,1,30390500,30390500
22708,298,1,5841000,5841000
22708,161,1,18040500,18040500
22709,206,1,531000,531000
22709,159,1,12990000,12990000
22709,186,1,8541000,8541000
22710,85,1,25191000,25191000
22711,291,1,3315500,3315500
22712,146,1,5990000,5990000
22713,127,1,6490000,6490000
22713,210,1,5841000,5841000
22714,299,1,3490000,3490000
22715,313,1,2490000,2490000
22715,146,2,5990000,11980000
22715,47,1,6490000,6490000
22716,196,1,4491000,4491000
22716,262,1,750000,750000
22717,313,1,2490000,2490000
22717,59,1,4990000,4990000
22717,163,1,17091000,17091000
22718,297,2,8541000,17082000
22719,155,1,27990000,27990000
22719,274,1,11990000,11990000
22720,272,1,9490000,9490000
22721,221,1,18990000,18990000
22722,44,1,2990000,2990000
22723,270,1,5690500,5690500
22724,104,1,18990000,18990000
22725,176,1,31990000,31990000
22726,46,1,7990000,7990000
22727,77,1,225000,225000
22728,171,1,2490000,2490000
22728,181,1,4990000,4990000
22729,236,1,7590500,7590500
22730,260,1,18040500,18040500
22730,116,1,18990000,18990000
22731,138,1,7490000,7490000
22732,10,1,5841000,5841000
22732,35,1,7990000,7990000
22733,187,1,4990000,4990000
22733,285,3,2241000,6723000
22734,200,1,27990000,27990000
22734,179,1,304000,304000
22735,294,2,5690500,11381000
22736,177,1,36990000,36990000
22737,214,2,27990000,55980000
22738,184,1,6490000,6490000
22739,229,1,225000,225000
22740,122,1,4990000,4990000
22741,107,2,320000,640000
22742,177,1,36990000,36990000
22743,57,1,36990000,36990000
22744,282,1,7990000,7990000
22745,138,1,6741000,6741000
22746,18,1,9490000,9490000
22747,92,1,250000,250000
22748,225,1,27990000,27990000
22749,294,1,5391000,5391000
22750,74,1,5990000,5990000
22751,171,1,2241000,2241000
22752,268,1,405000,405000
22752,291,2,3315500,6631000
22753,167,1,36990000,36990000
22753,2,1,35140500,35140500
22754,5,2,7990000,15980000
22755,293,1,2691000,2691000
22755,239,1,6490000,6490000
22756,76,1,22990000,22990000
22757,17,1,320000,320000
22758,176,1,28791000,28791000
22759,80,1,9490000,9490000
22759,284,1,2691000,2691000
22759,315,2,4360500,8721000
22760,99,3,12990000,38970000
22761,196,1,4990000,4990000
22762,20,1,4590000,4590000
22763,206,1,560500,560500
22763,176,1,28791000,28791000
22764,313,1,2490000,2490000
22764,47,1,6490000,6490000
22765,103,1,22990000,22990000
22766,117,2,11990000,23980000
22767,151,1,3490000,3490000
22768,72,2,7990000,15980000
22769,308,1,21840500,21840500
22769,133,2,25191000,50382000
22770,190,1,2990000,2990000
22770,130,1,6741000,6741000
22771,210,1,6490000,6490000
22772,19,1,11990000,11990000
22772,86,2,18040500,36081000
22773,107,1,320000,320000
22773,87,1,4990000,4990000
22773,102,1,2365500,2365500
22774,309,1,35140500,35140500
22775,237,1,9490000,9490000
22775,168,1,27990000,27990000
22775,166,1,3990000,3990000
22776,78,2,427500,855000
22776,82,1,2490000,2490000
22777,36,1,180500,180500
22778,134,1,5841000,5841000
22778,185,1,2990000,2990000
22779,287,3,4740500,14221500
22780,59,1,4491000,4491000
22781,174,2,4990000,9980000
22781,222,1,36990000,36990000
22781,116,3,18990000,56970000
22782,37,2,120000,240000
22783,188,2,8991000,17982000
22784,180,1,2840500,2840500
22785,182,2,36990000,73980000
22786,136,2,4740500,9481000
22787,314,1,27990000,27990000
22788,124,1,2691000,2691000
22789,131,1,27990000,27990000
22789,175,2,2490000,4980000
22790,54,1,7490000,7490000
22791,230,3,250000,750000
22792,215,1,27990000,27990000
22792,152,1,22990000,22990000
22793,64,1,18990000,18990000
22793,104,1,18990000,18990000
22793,260,2,18990000,37980000
22794,210,1,6490000,6490000
22794,21,1,7990000,7990000
22794,63,1,5990000,5990000
22795,311,1,3990000,3990000
22796,187,1,4491000,4491000
22797,213,1,18990000,18990000
22798,117,1,11990000,11990000
22799,145,2,2691000,5382000
22800,223,1,5990000,5990000
22801,161,1,18990000,18990000
22802,134,1,6490000,6490000
22803,206,2,590000,1180000
22804,28,1,4590000,4590000
22804,276,1,6490000,6490000
22805,168,1,27990000,27990000
22805,66,1,750000,750000
22806,263,1,4740500,4740500
22807,286,1,3315500,3315500
22808,141,1,5841000,5841000
22809,56,1,5841000,5841000
22810,319,1,2990000,2990000
22811,81,1,6490000,6490000
22811,201,1,4491000,4491000
22812,243,1,17091000,17091000
22813,181,2,4990000,9980000
22814,106,1,7191000,7191000
22814,258,1,5990000,5990000
22815,51,3,450000,1350000
22816,302,1,36990000,36990000
22817,231,1,33291000,33291000
22818,173,2,18990000,37980000
22818,228,1,2241000,2241000
22819,224,2,7590500,15181000
22820,188,1,9990000,9990000
22821,255,1,27990000,27990000
22822,272,1,9015500,9015500
22822,83,1,27990000,25191000
22823,319,2,2990000,5980000
22824,252,1,250000,250000
22824,175,2,2490000,4980000
22825,245,1,8541000,8541000
22826,129,1,2990000,3289000
22826,80,1,9490000,9490000
22827,286,1,3141000,3141000
22827,171,1,2365500,2365500
22828,100,1,9490500,9490500
22829,261,1,9490000,9490000
22829,295,1,712500,712500
22830,314,1,25191000,25191000
22830,320,3,320000,960000
22831,115,1,31990000,31990000
22831,312,1,4990000,4990000
22832,275,1,5990000,5990000
22833,302,1,35140500,35140500
22833,210,1,6490000,6490000
22834,21,1,7990000,7990000
22834,256,1,590000,590000
22835,78,1,427500,427500
22836,58,2,7490000,14980000
22836,112,1,25191000,25191000
22837,196,1,4990000,4990000
22838,72,1,7990000,7990000
22839,35,1,7990000,7990000
22840,218,1,1890000,1890000
22840,112,1,26590500,26590500
22841,69,2,4491000,8982000
22841,311,1,3790500,3790500
22841,37,1,120000,120000
22842,197,1,712500,783750
22842,21,1,7191000,7191000
22843,226,1,18040500,18040500
22844,129,1,2990000,2990000
22845,283,1,9490000,9490000
22846,62,1,25191000,25191000
22847,124,1,2691000,2691000
22848,6,1,5990000,5990000
22849,211,1,5841000,5841000
22850,312,1,4990000,4990000
22851,77,1,250000,250000
22852,78,1,405000,405000
22853,213,1,18040500,18040500
22854,255,2,27990000,55980000
22854,33,1,250000,250000
22855,283,1,9490000,9490000
22855,45,1,9015500,9015500
22855,179,3,304000,912000
22856,248,1,11990000,11990000
22857,242,1,5391000,5391000
22857,28,1,4590000,4590000
22858,266,2,120000,240000
22858,192,1,7990000,7990000
22858,49,1,2490000,2490000
22859,240,1,5990000,5990000
22860,302,2,33291000,66582000
22861,137,1,3790500,3790500
22862,247,1,11990000,11990000
22863,271,2,6490000,12980000
22863,184,1,6490000,6490000
22863,48,1,6490000,6490000
22864,160,1,2691000,2691000
22865,40,1,1890000,1890000
22866,35,1,7590500,7590500
22867,183,1,2241000,2241000
22867,306,1,1890000,1890000
22868,20,1,4131000,4131000
22869,275,1,5990000,5990000
22869,145,1,2990000,2990000
22870,260,1,18040500,18040500
22871,107,1,320000,320000
22872,1,1,1701000,1701000
22873,11,2,33291000,66582000
22874,198,2,10791000,21582000
22875,51,1,450000,450000
22876,167,1,36990000,36990000
22876,223,1,5690500,5690500
22877,35,3,7990000,21573000
22877,175,1,2241000,2241000
22878,118,1,17091000,17091000
22879,205,1,6165500,6165500
22879,82,1,2241000,2241000
22880,212,1,7990000,7990000
22881,20,1,4590000,4590000
22882,82,1,2490000,2490000
22883,281,1,3990000,3990000
22884,301,1,3990000,3990000
22885,43,2,9015500,18031000
22886,162,1,17091000,17091000
22887,23,2,35140500,70281000
22887,184,1,6490000,6490000
22887,152,2,22990000,50578000
22888,248,3,11990000,35970000
22889,113,1,18990000,18990000
22889,275,1,5690500,5690500
22889,143,1,2241000,2241000
22890,281,1,3790500,3790500
22891,114,1,30390500,30390500
22891,175,1,2365500,2365500
22892,212,1,7990000,7990000
22893,288,1,3990000,3990000
22894,216,2,3790500,7581000
22895,265,1,28791000,28791000
22896,278,1,5841000,5841000
22897,38,1,11990000,11990000
22897,155,1,25191000,25191000
22898,272,1,9490000,9490000
22898,162,3,18990000,56970000
22898,64,1,18990000,18990000
22899,2,1,36990000,36990000
22899,18,2,8541000,17082000
22900,227,1,9990000,9990000
22901,147,1,11390500,11390500
22901,158,1,2990000,2990000
22902,294,1,5690500,5690500
22903,119,1,120000,120000
22904,222,1,36990000,36990000
22905,174,1,4990000,4990000
22906,89,1,3490000,3490000
22907,307,1,3315500,3315500
22908,160,1,2691000,2691000
22909,288,2,3990000,7980000
22910,154,1,22990000,22990000
22910,117,1,11990000,11990000
22911,202,1,10791000,10791000
22911,35,1,7990000,7990000
22912,270,1,5990000,5990000
22913,262,1,750000,750000
22914,60,2,11990000,23980000
22915,250,1,190000,190000
22916,92,1,237500,237500
22917,102,2,2241000,4482000
22917,163,2,18040500,36081000
22918,295,3,712500,2137500
22919,91,1,4740500,4740500
22919,63,1,5391000,5391000
22920,234,2,7990000,15980000
22921,101,1,18990000,18990000
22922,262,1,750000,750000
22922,220,1,12340500,12340500
22922,64,1,17091000,17091000
22923,65,1,17091000,17091000
22924,21,1,7990000,7990000
22924,227,2,9990000,19980000
22925,83,1,27990000,27990000
22925,103,1,22990000,22990000
22926,215,1,27990000,27990000
22927,318,1,7990000,7990000
22928,112,1,25191000,25191000
22928,189,1,1701000,1701000
22929,234,1,7990000,7990000
22930,263,1,4740500,4740500
22930,161,2,17091000,34182000
22930,317,1,28791000,28791000
22931,117,1,10791000,10791000
22931,177,1,33291000,33291000
22932,216,1,3591000,3591000
22933,81,1,6490000,6490000
22934,96,1,2840500,2840500
22935,246,1,750000,675000
22936,10,1,6490000,5841000
22937,2,1,35140500,35140500
22938,310,1,5391000,5391000
22939,234,1,7990000,7990000
22939,112,1,27990000,27990000
22940,109,1,590000,590000
22941,190,1,2990000,2990000
22942,318,1,7990000,7990000
22943,166,1,3790500,3790500
22944,77,1,250000,250000
22944,277,1,6490000,6490000
22944,127,1,6490000,6490000
22945,4,1,320000,320000
22946,98,1,36990000,36990000
22946,262,2,712500,1425000
22947,76,1,22990000,22990000
22948,242,1,5990000,5990000
22949,134,1,6490000,6490000
22950,9,1,320000,320000
22951,147,1,11990000,11990000
22952,285,1,2365500,2365500
22953,269,1,405000,405000
22954,110,1,4990000,4990000
22955,108,1,28791000,28791000
22956,149,1,28791000,28791000
22957,23,1,36990000,36990000
22958,44,1,2990000,2990000
22959,213,1,18990000,18990000
22959,249,1,304000,304000
22960,94,1,5690500,5690500
22961,243,1,17091000,17091000
22962,231,2,33291000,66582000
22963,179,1,304000,304000
22964,206,1,590000,590000
22965,298,1,6165500,6165500
22966,208,1,120000,120000
22967,236,1,7990000,7990000
22968,173,1,18990000,18990000
22968,281,3,3990000,11970000
22969,320,1,320000,320000
22970,234,1,7990000,7990000
22971,115,1,31990000,31990000
22972,223,1,5990000,5990000
22973,287,1,4491000,4491000
22974,102,1,2365500,2365500
22975,161,1,18990000,18990000
22976,296,1,22990000,22990000
22977,147,1,11990000,11990000
22977,44,1,2990000,2990000
22978,160,1,2990000,2990000
22978,158,1,2990000,2990000
22979,318,1,7191000,7191000
22979,148,1,5990000,5990000
22980,209,2,9990000,19980000
22980,278,1,6490000,6490000
22981,291,1,3490000,3490000
22981,204,2,9490000,18980000
22982,86,1,18990000,18990000
22983,71,1,11390500,11390500
22984,298,1,6490000,6490000
22985,200,1,27990000,27990000
22986,239,1,6490000,6490000
22986,107,2,288000,576000
22987,13,1,27990000,27990000
22988,266,1,120000,120000
22988,67,1,17091000,17091000
22989,218,1,1890000,1890000
22989,212,1,7990000,7990000
22990,57,2,33291000,66582000
22991,21,1,7990000,7990000
22992,215,1,27990000,27990000
22993,5,1,7990000,7990000
22994,215,1,25191000,25191000
22995,318,2,7990000,15980000
22996,1,1,1701000,1701000
22997,317,1,31990000,31990000
22998,144,3,4491000,13473000
22999,150,1,12340500,12340500
22999,70,1,1701000,1701000
22999,223,1,5990000,5990000
23000,103,1,22990000,22990000
23001,75,1,6490000,6490000
23002,284,1,2840500,2840500
23002,90,1,405000,405000
23002,240,1,5990000,5990000
23003,241,1,4131000,4131000
23003,292,1,6490000,6490000
23004,263,1,4990000,4990000
23005,23,1,36990000,36990000
23006,194,1,5841000,5841000
23007,38,1,11990000,11990000
23008,273,1,11990000,11990000
23009,101,3,18990000,56970000
23010,219,1,7990000,7990000
23011,181,1,4740500,4740500
23012,252,2,250000,500000
23013,104,1,18990000,18990000
23013,294,1,5990000,5990000
23014,129,1,2840500,2840500
23015,25,1,3141000,3141000
23016,114,2,31990000,63980000
23017,221,1,18990000,18990000
23018,238,1,36990000,36990000
23018,186,1,9490000,9490000
23019,98,1,33291000,33291000
23020,312,1,4990000,4990000
23021,192,2,7990000,15980000
23021,205,1,5841000,5841000
23022,72,1,7191000,7191000
23023,22,1,4491000,4491000
23023,109,1,590000,590000
23023,282,1,7990000,7990000
23024,66,1,750000,750000
23025,43,1,9015500,9015500
23026,40,1,1701000,1701000
23026,60,1,11990000,11990000
23027,179,1,320000,320000
23028,124,1,2990000,2990000
23028,54,3,7490000,22470000
23029,203,1,25191000,25191000
23030,291,2,3490000,6980000
23031,171,1,2490000,2490000
23032,87,1,4990000,4990000
23033,262,1,675000,675000
23033,155,1,27990000,27990000
23034,43,1,9490000,9490000
23034,217,2,22990000,45980000
23035,242,1,5990000,5990000
23035,277,1,5841000,5841000
23035,281,1,3990000,3990000
23036,208,1,120000,120000
23037,292,1,6490000,6490000
23038,242,1,5391000,5391000
23039,95,1,7990000,7990000
23040,88,1,7590500,7590500
23041,205,1,6490000,6490000
23042,193,1,36990000,36990000
23043,64,1,18990000,18990000
23044,12,2,27990000,55980000
23045,138,1,6741000,6741000
23046,108,1,31990000,31990000
23047,149,1,31990000,31990000
23048,125,1,6490000,6490000
23049,104,1,18990000,18990000
23050,97,2,4590000,9180000
23050,220,1,12990000,12990000
23051,21,1,7990000,7990000
23052,154,1,21840500,21840500
23053,124,1,2691000,2691000
23054,28,2,4590000,9180000
23055,120,1,3490000,3490000
23055,213,1,18990000,18990000
23056,122,1,4990000,4990000
23057,272,1,9490000,9490000
23058,136,1,4740500,4740500
23059,52,1,171000,171000
23059,51,1,405000,405000
23060,283,2,9490000,18980000
23060,258,2,5990000,11980000
23061,288,1,3790500,3790500
23062,155,1,26590500,26590500
23062,295,1,750000,750000
23062,44,1,2990000,2990000
23063,198,1,10791000,10791000
23064,244,1,31990000,31990000
23064,295,1,750000,750000
23065,214,1,27990000,27990000
23065,35,1,7990000,7990000
23065,224,1,7191000,7191000
23066,40,1,1701000,1701000
23067,212,1,7990000,7990000
23068,226,3,18990000,56970000
23068,191,1,4740500,4740500
23069,132,1,4491000,4491000
23069,259,1,36990000,36990000
23070,118,2,18040500,36081000
23071,53,1,9490000,9490000
23072,305,1,1890000,1890000
23072,187,1,4740500,4740500
23073,155,1,27990000,27990000
23074,6,1,5391000,5391000
23074,31,1,6490000,6490000
23074,140,1,4740500,4740500
23075,167,1,36990000,36990000
23076,70,1,1890000,1890000
23077,168,1,27990000,27990000
23078,210,1,6165500,6165500
23079,244,1,31990000,31990000
23080,170,2,18040500,36081000
23081,80,3,9490000,31317000
23082,243,1,18990000,18990000
23083,249,1,288000,288000
23084,259,1,35140500,35140500
23085,160,1,2691000,2691000
23085,202,3,11990000,35970000
23086,64,2,17091000,34182000
23087,92,1,250000,250000
23088,117,1,11990000,11990000
23088,119,1,114000,114000
23089,307,1,3141000,3141000
23090,280,1,4590000,4590000
23090,115,1,30390500,30390500
23091,79,1,171000,171000
23092,299,1,3315500,3315500
23093,165,1,6165500,6165500
23094,302,1,36990000,36990000
23095,37,2,120000,240000
23095,35,1,7590500,7590500
23096,83,1,26590500,26590500
23097,167,2,35140500,70281000
23098,301,3,3990000,11970000
23098,63,1,5990000,5990000
23099,319,1,2990000,2990000
23100,248,1,11990000,11990000
23101,47,1,6490000,6490000
23102,200,2,27990000,55980000
23103,35,1,7990000,7990000
23104,98,1,36990000,36990000
23104,75,1,6490000,6490000
23105,109,2,590000,1180000
23105,293,1,2691000,2691000
23105,225,1,25191000,25191000
23106,95,1,7590500,7590500
23107,108,2,28791000,57582000
23108,16,1,27990000,27990000
23109,190,2,2990000,5980000
23110,162,1,18990000,18990000
23111,64,3,17091000,51273000
23112,319,1,2990000,2990000
23112,113,1,18040500,18040500
23113,45,1,9490000,9490000
23114,123,1,2241000,2241000
23115,11,1,36990000,36990000
23116,64,1,18990000,18990000
23117,172,2,3141000,6282000
23118,12,1,27990000,27990000
23118,11,1,33291000,33291000
23119,170,1,17091000,17091000
23119,152,1,22990000,22990000
23119,283,1,9490000,9490000
23120,83,1,26590500,26590500
23121,123,1,2490000,2490000
23122,68,1,1890000,1890000
23122,258,1,5990000,5990000
23123,190,1,2691000,2691000
23123,255,1,27990000,27990000
23123,314,1,27990000,27990000
23124,201,1,4491000,4491000
23125,290,1,18990000,18990000
23125,49,1,2490000,2490000
23126,37,1,120000,120000
23127,252,1,225000,225000
23128,138,1,7490000,7490000
23128,192,1,7990000,7990000
23128,238,1,36990000,36990000
23129,130,2,7490000,14980000
23129,4,1,320000,320000
23130,82,1,2490000,2490000
23131,21,1,7990000,7990000
23131,10,1,6165500,6165500
23132,280,1,4590000,4590000
23133,278,1,6490000,6490000
23133,215,3,27990000,83970000
23134,219,2,7990000,15980000
23135,157,1,7191000,7191000
23136,313,1,2490000,2490000
23137,37,1,120000,120000
23138,314,1,26590500,26590500
23138,147,1,11990000,11990000
23138,276,1,6490000,6490000
23139,241,1,4590000,4590000
23140,47,1,6490000,6490000
23141,219,1,7990000,7990000
23142,226,1,18990000,18990000
23143,10,1,6490000,6490000
23144,162,1,18990000,18990000
23144,278,1,6490000,6490000
23145,258,1,5690500,5690500
23146,273,1,10791000,10791000
23146,168,1,26590500,26590500
23147,69,1,4990000,4990000
23148,308,1,22990000,22990000
23149,142,1,9015500,9015500
23149,159,1,12990000,12990000
23150,151,1,3141000,3141000
23151,118,1,18990000,18990000
23152,137,1,3790500,3790500
23153,276,1,6490000,6490000
23153,48,1,6490000,6490000
23154,253,1,1795500,1795500
23154,253,1,1701000,1701000
23155,40,1,1701000,1701000
23156,245,1,8541000,8541000
23156,283,1,9490000,9490000
23157,14,1,225000,225000
23158,57,1,35140500,35140500
23158,241,1,4590000,4590000
23159,101,1,18990000,18990000
23160,233,1,250000,250000
23161,64,2,17091000,34182000
23162,2,1,36990000,36990000
23163,13,1,27990000,27990000
23163,206,1,560500,560500
23164,211,1,6165500,6165500
23165,40,1,1701000,1701000
23166,312,1,4740500,4740500
23167,69,1,4990000,4990000
23167,8,1,1795500,1795500
23168,214,1,26590500,26590500
23168,233,1,250000,250000
23169,89,1,3490000,3490000
23169,25,1,3315500,3315500
23170,67,1,18990000,18990000
23171,138,1,6741000,6741000
23172,233,1,225000,225000
23172,246,3,675000,2025000
23173,65,1,18040500,18040500
23174,92,2,250000,500000
23175,173,3,18990000,56970000
23175,10,1,6490000,6490000
23175,16,1,27990000,27990000
23176,306,1,1890000,1890000
23176,280,3,4360500,13081500
23177,181,2,4491000,8982000
23177,5,1,7990000,7990000
23178,211,1,6490000,6490000
23178,224,1,7990000,7990000
23179,70,1,1890000,1890000
23180,172,1,3490000,3490000
23181,269,1,450000,450000
23182,278,1,6490000,6490000
23183,177,1,36990000,36990000
23184,85,1,27990000,27990000
23185,185,1,2990000,2990000
23186,186,1,9490000,9490000
23186,173,1,17091000,17091000
23187,301,1,3990000,3990000
23187,80,1,9490000,9490000
23187,161,3,18990000,56970000
23188,313,1,2490000,2490000
23188,221,1,18990000,18990000
23188,165,1,6490000,6490000
23189,316,1,2990000,2990000
23190,247,1,11390500,11390500
23190,228,1,2365500,2365500
23191,316,1,2990000,2990000
23191,217,1,22990000,22990000
23192,5,1,7590500,7590500
23193,165,1,6165500,6165500
23193,218,1,1795500,1795500
23194,30,1,6165500,6165500
23195,1,1,1890000,1890000
23195,172,1,3315500,3315500
23196,296,1,21840500,21840500
23197,12,1,27990000,27990000
23198,282,1,7990000,7990000
23199,61,1,750000,750000
23200,15,1,4990000,4990000
23200,299,1,3315500,3315500
23201,53,1,9490000,9490000
23201,72,1,7990000,7990000
23202,125,1,6490000,6490000
23202,160,1,2990000,2990000
23203,129,1,2691000,2691000
23204,302,1,36990000,36990000
23204,101,1,18990000,18990000
23205,118,1,18990000,18990000
23205,150,1,12340500,12340500
23206,92,1,250000,250000
23207,48,1,6490000,6490000
23208,59,1,4491000,4491000
23209,54,1,7490000,7490000
23210,162,2,17091000,34182000
23210,16,1,26590500,26590500
23211,169,1,3490000,3490000
23211,150,1,12990000,12990000
23212,258,1,5990000,5990000
23213,159,1,11691000,11691000
23214,320,1,320000,320000
23215,266,1,120000,120000
23215,172,1,3490000,3490000
23216,104,1,18990000,18990000
23216,52,1,180500,180500
23217,153,1,114000,114000
23218,65,1,18040500,18040500
23218,189,1,1890000,1890000
23219,255,2,27990000,55980000
23220,13,1,27990000,27990000
23221,290,2,18990000,37980000
23222,178,1,2691000,2691000
23222,119,1,108000,108000
23223,55,3,9990000,29970000
23224,27,1,12990000,12990000
23225,132,1,4990000,4990000
23226,150,1,12990000,12990000
23226,151,1,3490000,3490000
23226,311,1,3990000,4389000
23227,13,1,26590500,26590500
23227,141,1,6490000,6490000
23228,280,1,4131000,4131000
23229,166,1,3990000,3990000
23230,170,1,18040500,18040500
23231,272,2,8541000,17082000
23231,59,2,4990000,9980000
23232,309,1,36990000,36990000
23233,304,1,7990000,7990000
23233,9,1,288000,288000
23234,207,2,3591000,7182000
23235,163,1,18040500,18040500
23236,53,1,9015500,9015500
23237,121,1,190000,190000
23238,152,1,20691000,20691000
23238,296,3,22990000,68970000
23238,263,1,4740500,4740500
23239,320,2,320000,640000
23240,182,1,33291000,33291000
23241,242,1,5391000,5391000
23242,231,1,35140500,35140500
23243,190,1,2990000,2990000
23244,3,1,560500,560500
23244,189,1,1890000,1890000
23244,100,1,9990000,9990000
23245,119,1,114000,114000
23246,273,1,11990000,11990000
23246,276,1,6490000,5841000
23247,253,1,1890000,1890000
23247,303,1,18990000,18990000
23247,218,1,1890000,1890000
23248,297,1,9015500,9015500
23249,159,2,12990000,25980000
23249,86,1,18990000,18990000
23249,120,1,3490000,3490000
23250,211,1,6490000,6490000
23250,87,1,4990000,4990000
23251,69,1,4740500,4740500
23251,235,1,3141000,3141000
23252,32,1,11990000,11990000
23253,217,1,21840500,21840500
23254,232,1,712500,712500
23255,14,1,237500,237500
23256,98,1,36990000,36990000
23257,252,1,250000,250000
23257,155,1,27990000,27990000
23258,230,1,237500,237500
23259,197,1,750000,750000
23260,106,1,7990000,7990000
23260,147,1,11990000,11990000
23261,159,1,12340500,12340500
23262,202,1,11390500,11390500
23263,300,1,1890000,1890000
23264,13,1,26590500,26590500
23265,79,1,190000,190000
23265,195,1,2490000,2490000
23265,9,1,320000,320000
23266,319,1,2990000,2990000
23267,204,1,9015500,9015500
23268,6,1,5990000,5990000
23268,19,1,11390500,11390500
23269,163,1,18990000,18990000
23270,178,1,2691000,2691000
23271,65,1,18990000,18990000
23272,173,1,18040500,18040500
23272,273,1,11990000,11990000
23272,47,1,5841000,5841000
23273,167,1,36990000,36990000
23273,189,1,1890000,1890000
23274,25,1,3315500,3315500
23274,233,1,250000,250000
23274,91,1,4491000,4491000
23275,105,1,8541000,8541000
23276,76,1,20691000,18621900
23277,280,1,4590000,4590000
23278,313,1,2241000,2241000
23279,288,1,3990000,3990000
23279,275,1,5690500,5690500
23280,259,2,36990000,73980000
23281,160,1,2691000,2691000
23282,221,1,18040500,18040500
23283,93,2,7191000,14382000
23284,2,1,36990000,36990000
23285,139,2,9490000,18980000
23285,93,1,7191000,7191000
23286,17,2,304000,608000
23287,264,1,9990000,9990000
23288,314,1,26590500,26590500
23289,316,1,2990000,2990000
23289,96,1,2840500,2840500
23290,40,1,1890000,1890000
23291,130,1,7490000,7490000
23291,74,1,5990000,5990000
23292,42,1,9490000,9490000
23293,300,1,1795500,1795500
23294,82,1,2490000,2490000
23295,173,1,18990000,18990000
23295,145,1,2990000,2990000
23296,295,1,675000,675000
23296,68,1,1701000,1701000
23297,295,3,750000,2250000
23297,288,1,3990000,3990000
23298,199,1,36990000,36990000
23299,69,1,4740500,4740500
23300,189,1,1890000,1890000
23301,93,1,7191000,7191000
23302,190,1,2990000,2990000
23303,246,1,750000,750000
23304,248,1,11990000,11990000
23305,10,1,6490000,6490000
23306,222,1,36990000,36990000
23307,300,1,1795500,1795500
23307,21,1,7990000,7990000
23308,182,1,36990000,36990000
23309,117,1,11990000,11990000
23310,209,1,9990000,9990000
23311,236,1,7990000,7990000
23312,97,1,4590000,4590000
23313,194,1,6490000,6490000
23314,79,1,190000,190000
23314,113,1,18040500,18040500
23315,3,1,590000,590000
23316,70,1,1890000,1890000
23317,197,1,675000,675000
23318,254,1,7990000,7990000
23319,239,1,6165500,6165500
23320,218,1,1890000,1890000
23321,296,3,20691000,62073000
23322,189,1,1701000,1701000
23322,36,3,171000,513000
23322,252,1,237500,237500
23323,165,2,5841000,11682000
23324,55,1,9990000,9990000
23324,105,1,9490000,9490000
23325,292,1,6490000,6490000
23325,177,1,35140500,35140500
23326,224,1,7990000,7990000
23326,199,1,36990000,36990000
23327,268,1,450000,450000
23328,235,1,3490000,3490000
23329,125,1,6490000,6490000
23330,302,1,36990000,36990000
23331,100,1,9990000,9990000
23332,2,1,36990000,36990000
23333,148,1,5990000,5990000
23333,218,1,1890000,1890000
23334,310,1,5690500,5690500
23335,151,1,3490000,3490000
23336,29,1,237500,237500
23336,254,1,7990000,7990000
23337,279,2,4590000,9180000
23338,255,2,26590500,53181000
23339,251,1,27990000,27990000
23340,11,1,36990000,36990000
23341,240,1,5990000,5990000
23342,216,1,3990000,3990000
23343,268,1,405000,405000
23344,239,2,6165500,12331000
23345,207,1,3990000,3990000
23346,165,1,6490000,6490000
23347,245,2,9015500,18031000
23348,244,2,31990000,63980000
23349,109,2,560500,1121000
23350,187,1,4990000,4990000
23350,93,1,7590500,7590500
23351,257,1,11990000,11990000
23352,283,1,9490000,9490000
23353,230,1,250000,250000
23354,283,1,9490000,9490000
23355,47,1,5841000,5841000
23355,152,1,22990000,25289000
23356,55,1,9990000,9990000
23357,110,1,4740500,4740500
23358,252,1,250000,250000
23358,306,1,1795500,1795500
23359,88,1,7990000,7990000
23359,219,2,7590500,15181000
23360,107,1,320000,352000
23361,162,1,18040500,18040500
23361,215,1,27990000,27990000
23362,241,2,4131000,7435800
23362,218,1,1795500,1795500
23363,246,1,750000,750000
23364,46,1,7590500,7590500
23365,123,1,2365500,2365500
23366,320,1,320000,320000
23367,225,2,25191000,50382000
23368,126,1,5990000,5990000
23369,212,1,7191000,7191000
23370,67,1,17091000,17091000
23371,30,1,5841000,5841000
23372,246,1,750000,750000
23373,280,1,4590000,4590000
23373,169,1,3490000,3490000
23374,33,1,237500,237500
23375,255,1,27990000,27990000
23376,17,1,320000,320000
23376,173,1,18990000,18990000
23377,103,2,22990000,45980000
23378,284,1,2840500,2840500
23378,255,1,27990000,27990000
23379,27,1,12340500,12340500
23380,255,1,27990000,27990000
23381,254,1,7191000,7191000
23382,199,1,36990000,36990000
23383,293,1,2691000,2691000
23384,95,1,7590500,7590500
23385,311,1,3591000,3591000
23386,51,1,405000,405000
23387,198,1,11990000,11990000
23388,253,1,1890000,1890000
23389,161,1,18990000,18990000
23390,151,2,3490000,6980000
23390,288,1,3990000,3990000
23391,293,1,2990000,2990000
23391,307,1,3490000,3490000
23392,249,1,320000,320000
23393,37,1,120000,120000
23394,94,2,5690500,11381000
23395,58,1,7490000,7490000
23396,8,1,1890000,1890000
23397,202,2,11990000,23980000
23398,241,1,4360500,4360500
23399,83,1,25191000,27710100
23399,203,1,25191000,25191000
23400,17,1,320000,320000
23401,162,1,18990000,18990000
23401,191,1,4990000,4990000
23401,148,1,5990000,5990000
23402,244,1,30390500,27351450
23403,55,1,9990000,9990000
23404,213,1,18990000,18990000
23405,88,1,7990000,7990000
23406,116,1,18990000,18990000
23407,203,1,27990000,27990000
23407,185,1,2691000,2691000
23408,145,1,2990000,2990000
23409,49,1,2490000,2490000
23410,53,1,9490000,9490000
23411,49,1,2365500,2365500
23412,181,1,4990000,4990000
23413,61,1,750000,750000
23413,77,1,250000,250000
23414,286,1,3315500,3315500
23415,33,1,250000,250000
23416,32,2,10791000,21582000
23417,91,1,4740500,4740500
23418,221,1,18990000,17091000
23418,306,2,1890000,3780000
23418,12,1,27990000,27990000
23419,59,1,4740500,4740500
23420,120,1,3315500,3315500
23421,41,2,190000,380000
23422,200,1,25191000,25191000
23423,204,1,9490000,9490000
23423,14,1,250000,250000
23424,314,1,27990000,27990000
23425,273,2,11390500,22781000
23426,320,1,288000,288000
23427,195,1,2490000,2490000
23428,51,1,405000,405000
23428,140,1,4990000,4990000
23428,303,1,18990000,18990000
23429,298,1,6490000,6490000
23429,46,1,7990000,7990000
23430,92,1,225000,225000
23431,73,1,10791000,10791000
23431,109,1,531000,531000
23432,206,1,560500,560500
23433,76,2,22990000,45980000
23434,83,1,25191000,25191000
23435,213,1,18990000,18990000
23435,53,1,9490000,9490000
23436,131,1,27990000,27990000
23437,125,1,6490000,6490000
23438,164,1,3990000,3990000
23438,3,1,531000,531000
23439,97,1,4590000,4590000
23440,100,1,9490500,9490500
23440,313,1,2241000,2241000
23441,294,1,5990000,5990000
23442,80,1,9015500,9015500
23443,242,1,5990000,5990000
23444,296,1,22990000,22990000
23445,264,2,9990000,19980000
23446,308,2,22990000,45980000
23447,159,1,12990000,12990000
23447,234,2,7590500,15181000
23448,43,2,8541000,17082000
23448,139,1,9490000,9490000
23449,264,1,9490500,9490500
23449,164,1,3990000,3990000
23450,48,1,6490000,6490000
23451,29,1,250000,250000
23452,37,1,120000,120000
23453,192,2,7990000,15980000
23454,157,1,7990000,7990000
23455,64,1,18040500,18040500
23456,58,1,7490000,7490000
23456,189,1,1701000,1701000
23457,121,1,190000,190000
23457,247,1,11990000,11990000
23458,17,1,320000,320000
23459,224,1,7990000,7990000
23460,209,1,9990000,9990000
23461,182,1,35140500,35140500
23461,98,1,33291000,33291000
23462,252,1,225000,225000
23463,184,1,5841000,5841000
23464,9,1,288000,288000
23464,129,1,2840500,2840500
23464,174,1,4990000,4990000
23465,104,1,18990000,18990000
23466,300,1,1890000,1890000
23467,68,1,1701000,1701000
23467,14,1,225000,225000
23468,176,1,31990000,31990000
23469,188,1,9990000,9990000
23470,282,2,7990000,15980000
23471,93,2,7990000,15980000
23472,224,1,7990000,7990000
23472,127,1,5841000,5841000
23473,173,1,18040500,18040500
23473,204,1,9490000,9490000
23474,156,1,25191000,25191000
23475,69,1,4990000,4990000
23475,150,2,12990000,25980000
23475,165,1,6490000,6490000
23476,117,1,11990000,11990000
23477,60,1,11990000,11990000
23478,319,1,2840500,2840500
23479,299,1,3490000,3490000
23480,200,1,25191000,25191000
23481,7,1,6490000,6490000
23481,5,1,7990000,7990000
23482,207,1,3990000,3990000
23483,151,1,3490000,3490000
23484,7,1,6165500,6165500
23485,71,1,11990000,11990000
23486,121,1,190000,171000
23486,164,1,3990000,3990000
23486,41,1,180500,180500
23487,215,1,26590500,26590500
23488,304,1,7990000,7990000
23488,28,2,4590000,10098000
23489,273,1,10791000,10791000
23489,106,3,7590500,22771500
23489,293,1,2840500,2840500
23490,94,2,5990000,11980000
23491,289,1,11990000,11990000
23491,155,1,25191000,25191000
23492,145,1,2691000,2691000
23492,126,1,5391000,5391000
23493,147,1,11990000,11990000
23494,180,1,2990000,2990000
23494,152,1,22990000,22990000
23495,142,1,9490000,9490000
23496,268,1,405000,405000
23496,239,1,6490000,6490000
23497,251,1,27990000,27990000
23497,29,1,250000,250000
23498,272,1,8541000,8541000
23499,128,2,450000,900000
23499,193,1,33291000,33291000
23500,31,1,5841000,5841000
23501,135,1,5391000,5391000
23501,99,1,12340500,12340500
23502,77,1,225000,225000
23503,255,1,26590500,26590500
23503,223,1,5990000,5990000
23504,230,1,250000,250000
23505,13,1,25191000,25191000
23505,76,1,22990000,22990000
23506,119,1,114000,114000
23506,256,1,590000,590000
23507,271,1,6490000,6490000
23508,104,1,18990000,18990000
23508,269,1,405000,405000
23509,67,3,17091000,51273000
23510,320,1,320000,320000
23511,88,1,7990000,7990000
23512,74,1,5990000,5990000
23513,150,1,12340500,12340500
23514,266,1,114000,114000
23514,86,1,17091000,17091000
23515,213,1,17091000,17091000
23516,205,1,6490000,6490000
23517,175,1,2241000,2241000
23517,243,1,18990000,18990000
23518,169,1,3490000,3490000
23518,104,2,18040500,36081000
23518,170,1,18990000,18990000
23519,227,1,9990000,9990000
23519,7,1,6490000,6490000
23520,56,1,6165500,6165500
23521,27,1,12340500,12340500
23522,105,1,9490000,9490000
23522,310,1,5690500,5690500
23523,93,1,7590500,7590500
23524,120,1,3490000,3490000
23524,108,1,31990000,31990000
23525,50,1,9015500,9015500
23526,95,1,7990000,7990000
23527,218,1,1701000,1701000
23528,275,1,5990000,5990000
23529,211,1,6490000,6490000
23529,166,1,3591000,3591000
23529,38,1,11990000,11990000
23530,6,1,5690500,5690500
23531,80,2,9015500,18031000
23532,35,1,7191000,7191000
23533,150,1,12990000,12990000
23533,198,1,11990000,11990000
23534,161,1,17091000,17091000
23535,262,1,750000,750000
23536,165,1,5841000,5841000
23537,267,1,9490000,9490000
23537,257,1,11990000,11990000
23538,244,1,31990000,31990000
23539,51,1,405000,405000
23540,26,1,30390500,30390500
23540,179,2,288000,576000
23540,295,1,750000,750000
23541,267,1,9490000,9490000
23542,290,1,18990000,18990000
23543,308,1,20691000,20691000
23543,84,1,8541000,8541000
23543,299,1,3315500,3315500
23544,75,1,6490000,6490000
23545,88,1,7990000,7990000
23546,27,1,12990000,12990000
23547,152,1,20691000,20691000
23548,303,1,18040500,18040500
23548,293,2,2990000,5980000
23548,86,1,18990000,18990000
23549,225,1,27990000,27990000
23550,276,2,6165500,12331000
23550,5,1,7990000,7990000
23551,10,1,5841000,5841000
23552,223,3,5391000,16173000
23552,264,1,9490500,9490500
23553,116,1,18040500,18040500
23554,90,2,450000,900000
23554,303,1,18990000,18990000
23555,262,1,712500,712500
23555,53,1,9490000,9490000
23556,131,1,25191000,25191000
23556,79,1,190000,190000
23556,221,2,18990000,37980000
23557,18,1,9490000,9490000
23557,109,1,560500,560500
23558,308,1,20691000,20691000
23558,180,1,2990000,2990000
23558,170,1,18990000,18990000
23559,17,1,320000,320000
23559,22,1,4990000,4990000
23559,162,1,18990000,18990000
23560,310,1,5690500,5690500
23560,81,1,5841000,5841000
23561,78,1,427500,427500
23562,143,1,2490000,2490000
23562,60,1,11390500,11390500
23562,85,1,25191000,25191000
23563,119,1,120000,120000
23563,12,1,26590500,26590500
23564,30,1,6490000,6490000
23564,32,1,11990000,11990000
23564,74,2,5690500,11381000
23565,111,1,7490000,7490000
23565,52,2,171000,342000
23566,306,1,1890000,1890000
23566,146,1,5690500,5690500
23566,79,1,190000,190000
23567,319,1,2990000,2990000
23568,210,1,6490000,7139000
23569,90,1,405000,405000
23569,6,1,5990000,5990000
23569,217,1,21840500,21840500
23570,55,2,9990000,19980000
23571,181,1,4990000,4990000
23571,242,1,5990000,5990000
23572,302,1,36990000,36990000
23573,241,1,4590000,4590000
23574,289,1,11990000,10791000
23575,67,1,18990000,18990000
23576,295,1,750000,750000
23577,37,1,120000,120000
23578,242,1,5690500,5690500
23579,217,1,22990000,22990000
23580,155,2,25191000,50382000
23581,18,1,9490000,9490000
23582,123,2,2365500,4731000
23583,214,1,26590500,26590500
23584,4,1,320000,320000
23584,58,1,6741000,6741000
23585,155,1,27990000,27990000
23586,70,1,1890000,1890000
23586,229,1,250000,250000
23587,97,1,4360500,4360500
23588,202,1,11990000,11990000
23589,289,1,11990000,11990000
23590,235,1,3490000,3490000
23591,193,1,36990000,36990000
23592,282,1,7990000,7990000
23593,261,1,8541000,8541000
23594,127,1,5841000,5841000
23594,130,1,6741000,6741000
23594,315,1,4360500,4360500
23595,79,1,190000,190000
23596,178,1,2990000,2990000
23596,261,1,9490000,9490000
23597,285,1,2490000,2490000
23598,1,1,1890000,1701000
23598,161,1,17091000,17091000
23599,194,1,6490000,6490000
23600,101,1,18990000,18990000
23601,261,2,9490000,18980000
23602,289,1,11990000,11990000
23603,214,1,27990000,27990000
23604,24,1,6490000,6490000
23605,16,1,25191000,25191000
23606,23,1,33291000,33291000
23606,167,1,36990000,36990000
23607,265,1,30390500,30390500
23607,316,1,2840500,2840500
23607,2,1,36990000,36990000
23608,38,1,11990000,11990000
23608,101,1,18040500,18040500
23609,166,1,3591000,3591000
23610,196,1,4990000,4990000
23611,190,1,2990000,2990000
23611,255,1,27990000,27990000
23612,15,1,4990000,4990000
23613,77,1,250000,250000
23614,277,1,6490000,6490000
23615,146,1,5990000,5990000
23616,265,1,31990000,31990000
23617,179,1,304000,304000
23618,184,1,6490000,6490000
23619,99,1,12990000,12990000
23620,176,1,31990000,31990000
23621,281,2,3990000,7980000
23622,268,1,450000,450000
23622,289,1,10791000,10791000
23623,67,1,18990000,18990000
23624,51,2,450000,900000
23625,301,1,3591000,3591000
23625,217,1,20691000,20691000
23626,35,1,7191000,7191000
23627,106,2,7990000,15980000
23628,7,1,6165500,6165500
23629,224,1,7990000,7990000
23630,315,2,4590000,9180000
23631,186,1,9490000,9490000
23631,294,1,5990000,5990000
23632,1,1,1890000,1890000
23633,92,1,225000,225000
23633,7,2,6490000,12980000
23634,308,1,22990000,22990000
23634,262,1,712500,712500
23635,18,1,9490000,9490000
23636,302,1,36990000,36990000
23637,111,1,7490000,7490000
23638,106,1,7590500,7590500
23638,223,1,5690500,5690500
23638,56,1,6490000,6490000
23639,92,1,225000,225000
23640,205,1,6490000,6490000
23641,19,1,11990000,11990000
23642,145,1,2691000,2691000
23643,248,1,11990000,11990000
23643,229,1,237500,237500
23644,51,1,405000,405000
23644,143,1,2365500,2365500
23645,58,1,7490000,7490000
23646,16,1,27990000,27990000
23646,126,1,5990000,5990000
23646,169,1,3490000,3490000
23647,233,1,237500,237500
23648,134,1,6490000,6490000
23648,124,2,2990000,5980000
23649,47,1,6490000,6490000
23650,162,1,18990000,18990000
23650,91,1,4491000,4491000
23651,65,1,18990000,18990000
23652,248,1,11390500,11390500
23652,245,1,9015500,9015500
23653,118,1,18990000,18990000
23654,102,2,2490000,4980000
23655,118,1,18040500,18040500
23656,245,1,9490000,9490000
23657,91,1,4491000,4491000
23657,44,1,2990000,2990000
23657,199,3,36990000,110970000
23658,233,1,250000,250000
23659,249,1,320000,320000
23659,228,1,2490000,2490000
23660,132,1,4491000,4491000
23661,271,1,6165500,6165500
23662,65,2,18990000,37980000
23663,67,1,17091000,17091000
23664,124,3,2840500,8521500
23665,102,1,2490000,2490000
23665,179,2,320000,640000
23666,191,1,4740500,4740500
23667,39,1,31990000,31990000
23667,158,1,2990000,2990000
23668,299,2,3315500,6631000
23668,217,1,22990000,22990000
23669,16,1,27990000,27990000
23670,41,1,180500,180500
23670,305,1,1890000,1890000
23671,75,1,6490000,6490000
23671,22,1,4740500,4740500
23672,210,1,6490000,6490000
23672,199,1,36990000,36990000
23673,146,1,5990000,5990000
23673,33,1,250000,250000
23674,128,2,450000,900000
23674,306,1,1795500,1795500
23675,301,1,3990000,3990000
23676,226,1,18990000,18990000
23677,160,1,2691000,2691000
23678,196,3,4990000,14970000
23679,205,1,6165500,6165500
23680,221,1,18990000,18990000
23681,244,1,30390500,30390500
23681,115,1,30390500,30390500
23682,305,1,1890000,1890000
23683,152,1,22990000,22990000
23684,186,1,9490000,9490000
23685,81,1,5841000,5841000
23686,267,1,9490000,9490000
23686,246,2,750000,1500000
23687,260,1,18990000,18990000
23688,276,1,6490000,6490000
23689,281,1,3591000,3591000
23690,36,1,190000,190000
23691,174,1,4990000,4990000
23691,36,1,190000,190000
23692,188,1,8991000,8991000
23693,271,2,5841000,11682000
23694,299,1,3490000,3490000
23695,213,1,18990000,18990000
23696,299,1,3490000,3490000
23696,79,1,190000,171000
23697,13,1,27990000,27990000
23698,15,1,4491000,4491000
23699,141,1,6490000,6490000
23700,185,1,2990000,2990000
23701,62,1,27990000,27990000
23702,35,1,7191000,7191000
23703,299,1,3141000,3141000
23704,43,1,8541000,8541000
23705,110,1,4740500,5214550
23706,209,1,9490500,9490500
23707,200,3,26590500,79771500
23707,216,2,3591000,7182000
23707,62,2,27990000,55980000
23708,169,2,3315500,6631000
23709,8,1,1890000,1890000
23710,93,1,7990000,7990000
23710,117,1,10791000,10791000
23711,126,2,5690500,11381000
23711,261,1,9490000,9490000
23711,302,1,33291000,33291000
23712,169,1,3490000,3490000
23712,27,2,12990000,25980000
23712,280,1,4590000,4590000
23713,184,1,6490000,6490000
23714,284,1,2990000,2990000
23715,111,1,7490000,7490000
23716,80,1,9490000,9490000
23716,272,1,9490000,9490000
23717,311,1,3591000,3591000
23718,92,2,250000,500000
23719,295,1,750000,750000
23720,130,1,7115500,7115500
23721,276,1,6490000,6490000
23722,224,1,7191000,7191000
23723,276,3,6490000,19470000
23724,101,1,18990000,18990000
23725,299,1,3315500,3315500
23726,86,1,18040500,18040500
23727,280,1,4590000,4590000
23728,132,1,4990000,4990000
23729,240,1,5690500,5690500
23730,226,1,17091000,17091000
23730,24,1,6490000,6490000
23730,167,1,35140500,35140500
23731,77,1,250000,250000
23732,141,1,6490000,6490000
23732,203,1,25191000,25191000
23733,212,2,7990000,15980000
23734,304,3,7990000,23970000
23734,63,1,5391000,5391000
23735,163,1,18990000,18990000
23735,156,1,27990000,27990000
23736,11,1,33291000,33291000
23736,276,1,6490000,6490000
23737,286,2,3490000,6980000
23738,144,1,4740500,4740500
23739,166,1,3591000,3591000
23740,195,1,2490000,2490000
23741,122,1,4990000,4990000
23741,184,1,6490000,6490000
23742,243,1,18990000,18990000
23743,172,1,3141000,3141000
23744,228,1,2241000,2241000
23744,150,1,12990000,12990000
23744,65,1,18990000,18990000
23745,25,1,3490000,3490000
23746,192,1,7590500,7590500
23747,282,1,7990000,7990000
23748,262,2,712500,1425000
23749,286,1,3490000,3490000
23749,127,3,6490000,19470000
23750,74,2,5990000,11980000
23751,116,1,18990000,18990000
23751,284,1,2691000,2691000
23752,93,1,7990000,7990000
23753,112,1,26590500,26590500
23754,305,1,1795500,1795500
23755,273,1,10791000,10791000
23756,38,1,11390500,11390500
23757,58,2,7490000,14980000
23758,191,1,4990000,4990000
23758,138,1,7490000,7490000
23759,173,1,18990000,18990000
23759,78,1,450000,450000
23760,213,1,18990000,18990000
23761,220,1,11691000,11691000
23762,245,1,9490000,10439000
23762,145,1,2840500,2840500
23763,53,1,9490000,9490000
23763,10,1,6165500,6165500
23763,254,1,7990000,7990000
23764,248,1,11390500,11390500
23765,229,2,225000,450000
23766,152,1,21840500,21840500
23767,219,1,7590500,7590500
23767,314,1,27990000,27990000
23768,26,1,28791000,28791000
23768,275,1,5990000,5990000
23769,244,1,31990000,31990000
23769,310,1,5990000,5990000
23770,10,1,6490000,6490000
23771,155,1,27990000,27990000
23772,146,1,5990000,5990000
23773,280,1,4590000,4590000
23774,297,1,9490000,9490000
23775,259,1,36990000,36990000
23776,103,1,21840500,21840500
23777,100,1,9990000,9990000
23778,149,1,30390500,30390500
23778,250,1,190000,190000
23779,104,1,18040500,18040500
23780,88,1,7990000,8789000
23781,80,1,9490000,9490000
23781,150,1,12990000,12990000
23782,282,1,7990000,7990000
23783,301,1,3990000,3990000
23784,72,1,7590500,7590500
23784,154,1,20691000,20691000
23785,217,1,22990000,22990000
23786,303,1,18990000,18990000
23787,78,1,427500,427500
23787,90,1,427500,427500
23787,7,1,6490000,6490000
23788,174,1,4740500,4740500
23788,124,1,2990000,2990000
23789,178,2,2990000,5980000
23790,73,1,10791000,10791000
23791,238,1,35140500,35140500
23792,107,1,304000,304000
23792,275,2,5690500,11381000
23793,97,1,4590000,4590000
23794,172,1,3315500,3315500
23795,250,1,190000,190000
23796,274,2,11390500,22781000
23797,205,1,6490000,6490000
23798,243,1,18990000,18990000
23798,101,1,18990000,18990000
23799,305,1,1890000,1890000
23800,41,1,190000,190000
23801,273,1,10791000,10791000
23801,180,1,2990000,2990000
23801,56,1,6490000,6490000
23802,153,1,114000,114000
23803,283,1,8541000,8541000
23804,129,1,2840500,2840500
23805,100,1,9990000,9990000
23806,294,1,5690500,5690500
23806,22,1,4740500,4740500
23807,176,1,31990000,31990000
23807,277,1,6490000,6490000
23807,27,1,12990000,12990000
23808,47,1,6490000,6490000
23809,70,2,1701000,3402000
23810,77,1,250000,250000
23811,297,1,9490000,9490000
23812,280,1,4590000,4590000
23813,167,1,36990000,36990000
23814,29,1,250000,250000
23815,252,2,237500,475000
23816,280,1,4131000,4131000
23817,218,1,1890000,1890000
23818,112,1,27990000,27990000
23819,126,1,5990000,5990000
23820,317,1,31990000,31990000
23820,236,3,7990000,23970000
23821,113,1,18990000,18990000
23822,40,1,1795500,1795500
23823,180,1,2990000,2990000
23823,304,1,7990000,7990000
23824,120,1,3490000,3490000
23824,215,1,27990000,27990000
23825,172,1,3315500,3315500
23826,67,1,18990000,18990000
23826,139,1,9490000,9490000
23827,119,1,120000,120000
23827,181,1,4990000,4990000
23828,142,1,9015500,9015500
23828,169,1,3490000,3490000
23829,279,1,4590000,4590000
23830,128,1,405000,405000
23831,288,1,3990000,3990000
23832,284,1,2990000,2990000
23833,288,1,3790500,3790500
23834,192,1,7990000,7990000
23835,135,3,5690500,17071500
23835,291,1,3315500,3315500
23836,122,1,4990000,4990000
23837,71,1,11990000,11990000
23838,210,1,6490000,6490000
23839,117,1,10791000,10791000
23840,230,2,250000,500000
23841,23,1,36990000,36990000
23842,201,1,4990000,4990000
23843,4,1,320000,320000
23844,5,1,7990000,7990000
23845,58,2,7490000,14980000
23845,125,2,5841000,11682000
23846,117,1,10791000,10791000
23847,8,1,1890000,1890000
23847,173,1,18040500,18040500
23848,19,1,10791000,10791000
23849,118,1,17091000,17091000
23850,4,1,320000,320000
23850,129,1,2990000,2990000
23851,139,1,9490000,9490000
23852,67,1,18040500,18040500
23852,287,1,4990000,4990000
23852,305,1,1890000,1890000
23853,263,1,4990000,4990000
23853,17,1,320000,320000
23853,79,2,190000,380000
23854,5,1,7990000,7990000
23855,135,1,5990000,5990000
23856,96,1,2691000,2691000
23857,35,1,7191000,7191000
23858,319,1,2840500,2840500
23858,124,1,2840500,2840500
23858,312,1,4990000,4990000
23859,23,1,36990000,36990000
23859,179,1,288000,288000
23859,227,1,9990000,9990000
23860,235,1,3490000,3490000
23861,130,1,7490000,7490000
23861,12,2,27990000,55980000
23862,31,1,6490000,6490000
23862,297,1,9490000,9490000
23863,164,1,3591000,3591000
23863,164,1,3990000,3990000
23864,78,1,450000,450000
23865,272,1,9490000,9490000
23866,115,1,28791000,28791000
23866,254,1,7990000,7990000
23867,166,1,3990000,3990000
23868,14,1,225000,225000
23868,35,1,7590500,7590500
23868,163,1,18990000,18990000
23869,198,1,11990000,11990000
23870,55,1,9490500,9490500
23871,253,1,1890000,1890000
23871,121,2,190000,380000
23871,21,1,7990000,7990000
23872,254,1,7990000,7990000
23873,44,1,2990000,2990000
23874,252,1,250000,250000
23874,280,1,4590000,4590000
23874,219,1,7990000,7990000
23875,282,1,7590500,7590500
23875,138,2,7490000,14980000
23876,201,1,4491000,4491000
23877,92,1,250000,250000
23877,219,1,7590500,7590500
23878,104,1,18990000,18990000
23878,153,1,108000,108000
23879,295,1,750000,750000
23880,60,1,10791000,10791000
23880,184,1,6490000,6490000
23880,189,2,1890000,3780000
23881,104,1,18990000,18990000
23882,272,1,9490000,9490000
23882,173,1,17091000,17091000
23883,30,1,6490000,6490000
23883,277,3,6490000,19470000
23884,238,1,35140500,35140500
23885,45,1,9490000,9490000
23886,78,1,450000,450000
23887,286,1,3490000,3490000
23888,74,1,5990000,5990000
23889,234,1,7590500,7590500
23890,52,2,190000,380000
23891,69,1,4740500,4740500
23891,162,1,18990000,18990000
23892,171,1,2241000,2241000
23893,134,1,5841000,5841000
23893,75,1,6490000,6490000
23893,57,1,36990000,36990000
23894,293,1,2691000,2691000
23895,155,1,27990000,27990000
23896,194,1,5841000,5841000
23896,183,1,2490000,2490000
23896,8,2,1890000,3780000
23897,157,1,7990000,7990000
23898,246,1,750000,750000
23899,178,2,2990000,5980000
23899,55,1,8991000,8991000
23900,85,1,27990000,27990000
23901,116,3,18990000,56970000
23902,139,1,9015500,9015500
23903,307,1,3315500,3315500
23904,272,1,8541000,8541000
23905,59,2,4990000,9980000
23905,245,1,9015500,9015500
23906,53,1,9015500,9015500
23907,145,1,2990000,2990000
23908,235,2,3490000,6980000
23908,180,1,2990000,2990000
23909,308,1,22990000,25289000
23910,303,1,18990000,18990000
23910,229,1,237500,237500
23911,245,1,9490000,9490000
23911,114,1,30390500,30390500
23912,94,1,5990000,5990000
23912,188,1,8991000,8991000
23912,184,1,6165500,6165500
23913,92,1,250000,250000
23914,69,1,4740500,4740500
23915,150,3,12340500,37021500
23915,314,1,27990000,27990000
23915,21,1,7990000,7990000
23916,163,1,18990000,18990000
23917,186,1,9490000,9490000
23918,11,1,36990000,36990000
23919,237,1,9015500,8113950
23920,67,1,18040500,16236450
23920,253,1,1890000,1890000
23921,17,1,320000,320000
23921,236,1,7590500,7590500
23922,295,1,750000,750000
23923,164,3,3990000,11970000
23924,219,1,7990000,7990000
23925,210,1,6490000,6490000
23925,109,1,531000,531000
23925,203,1,27990000,27990000
23926,129,1,2840500,2840500
23927,118,1,18990000,18990000
23927,277,2,6490000,12980000
23928,176,1,31990000,31990000
23928,174,1,4491000,4491000
23928,34,1,17091000,17091000
23929,206,1,590000,590000
23930,96,2,2691000,5382000
23931,171,1,2490000,2490000
23932,293,1,2840500,2840500
23933,130,1,7490000,7490000
23934,82,1,2241000,2241000
23935,33,1,250000,250000
23936,205,1,6490000,6490000
23937,89,1,3315500,3315500
23937,181,1,4990000,4990000
23937,308,2,22990000,45980000
23938,310,1,5690500,5690500
23939,285,1,2490000,2490000
23940,286,1,3490000,3490000
23940,284,1,2840500,2840500
23941,264,1,9490500,9490500
23942,119,1,108000,108000
23943,316,1,2990000,2990000
23944,51,1,450000,450000
23944,111,1,7490000,7490000
23945,223,1,5990000,5990000
23945,2,1,36990000,36990000
23945,222,1,36990000,36990000
23946,229,1,250000,250000
23947,147,1,10791000,10791000
23947,191,1,4990000,4990000
23948,116,1,17091000,17091000
23948,24,1,6165500,6165500
23949,283,1,9015500,9015500
23950,316,1,2840500,2840500
23951,142,1,9015500,9015500
23952,125,1,6490000,6490000
23953,267,2,9490000,18980000
23954,61,1,750000,750000
23955,219,1,7990000,7990000
23956,79,1,180500,180500
23956,134,1,6490000,6490000
23957,249,1,320000,320000
23958,246,1,750000,750000
23959,4,1,320000,320000
23959,204,1,8541000,8541000
23960,155,1,26590500,26590500
23961,319,1,2840500,2840500
23961,45,1,9490000,9490000
23962,9,1,304000,304000
23963,152,1,21840500,21840500
23963,226,1,18990000,18990000
23964,220,1,12340500,12340500
23965,67,1,18040500,18040500
23966,24,1,6490000,6490000
23967,208,1,114000,114000
23968,281,1,3591000,3591000
23968,243,1,17091000,17091000
23968,220,3,12990000,38970000
23969,123,1,2490000,2490000
23970,304,1,7990000,7990000
23970,266,1,114000,114000
23971,74,1,5990000,5990000
23972,95,2,7590500,15181000
23972,199,1,35140500,35140500
23972,283,1,9015500,9015500
23973,7,1,6490000,6490000
23974,47,1,6490000,6490000
23975,44,1,2990000,2990000
23975,121,1,171000,171000
23976,297,1,9015500,9015500
23976,61,1,750000,750000
23976,283,1,9490000,10439000
23977,267,1,9015500,9015500
23978,309,3,33291000,99873000
23979,271,1,6490000,6490000
23980,182,1,35140500,35140500
23981,31,1,5841000,5841000
23982,43,1,8541000,8541000
23982,173,2,17091000,34182000
23983,247,1,11990000,11990000
23984,66,1,750000,750000
23984,175,1,2490000,2490000
23984,259,1,36990000,36990000
23985,18,1,9015500,9015500
23986,22,1,4990000,4990000
23987,293,2,2840500,5681000
23988,163,1,18040500,18040500
23989,164,1,3591000,3591000
23990,76,1,22990000,22990000
23991,72,1,7191000,7191000
23992,239,1,6490000,5841000
23993,90,1,405000,405000
23994,19,2,10791000,21582000
23994,66,1,712500,712500
23995,264,1,9990000,9990000
23995,309,1,36990000,36990000
23996,208,1,120000,120000
23997,286,1,3490000,3490000
23997,298,1,6490000,6490000
23998,209,1,9990000,9990000
23999,72,1,7590500,7590500
24000,299,1,3490000,3490000
24001,141,1,6490000,6490000
24001,245,1,9015500,9015500
24002,147,1,11990000,11990000
24003,260,1,18990000,18990000
24004,257,1,10791000,10791000
24005,101,1,18990000,18990000
24006,233,1,225000,225000
24007,318,1,7990000,7990000
24008,318,1,7990000,7990000
24009,236,1,7990000,7990000
24010,319,1,2990000,2990000
24010,273,1,11990000,11990000
24010,88,1,7990000,7990000
24011,130,1,7490000,7490000
24012,199,2,33291000,66582000
24013,192,1,7990000,7990000
24014,44,1,2990000,2990000
24014,109,1,590000,590000
24015,110,1,4990000,4990000
24016,87,1,4990000,4990000
24017,250,1,190000,190000
24018,214,1,26590500,26590500
24019,127,1,6490000,6490000
24019,78,1,450000,450000
24019,111,1,6741000,6741000
24020,63,1,5690500,5690500
24021,57,1,36990000,36990000
24022,38,1,11390500,11390500
24022,304,1,7990000,7990000
24023,275,1,5391000,5391000
24024,247,1,10791000,10791000
24025,196,1,4740500,4740500
24026,61,1,750000,750000
24026,31,1,5841000,5841000
24027,238,1,33291000,33291000
24028,41,1,190000,190000
24028,145,1,2691000,2691000
24029,276,1,6165500,6165500
24030,231,1,36990000,36990000
24031,30,1,6490000,6490000
24031,145,1,2990000,2990000
24032,213,1,18990000,18990000
24033,139,1,8541000,8541000
24034,147,1,11990000,11990000
24035,152,1,21840500,21840500
24036,171,1,2365500,2365500
24037,203,3,26590500,79771500
24038,149,1,30390500,30390500
24039,250,1,190000,190000
24040,223,1,5391000,5391000
24041,141,1,6490000,6490000
24041,243,1,17091000,17091000
24042,233,1,250000,250000
24043,8,1,1701000,1701000
24044,113,1,17091000,17091000
24045,76,1,20691000,20691000
24046,178,1,2990000,2990000
24047,22,1,4740500,4740500
24048,253,1,1890000,1890000
24048,272,1,9490000,9490000
24049,242,1,5990000,5990000
24050,305,1,1890000,1890000
24051,206,1,531000,531000
24052,158,1,2840500,2840500
24053,197,1,750000,750000
24054,34,1,18990000,18990000
24054,83,1,25191000,25191000
24054,241,1,4131000,4131000
24055,110,1,4740500,4740500
24056,165,1,6490000,6490000
24057,55,1,9990000,9990000
24058,21,1,7590500,7590500
24058,276,1,6490000,6490000
24059,221,1,18990000,18990000
24060,255,1,27990000,27990000
24061,199,1,33291000,33291000
24062,277,1,5841000,5841000
24062,311,2,3591000,7182000
24063,293,1,2840500,2840500
24064,66,1,750000,750000
24065,103,1,22990000,22990000
24065,114,2,30390500,60781000
24066,241,1,4131000,4131000
24067,61,1,750000,750000
24068,115,1,31990000,31990000
24069,113,1,18040500,18040500
24069,269,3,427500,1282500
24070,118,1,18040500,18040500
24070,23,2,33291000,66582000
24071,214,1,27990000,27990000
24072,236,1,7990000,7990000
24072,17,1,288000,288000
24072,85,1,27990000,27990000
24073,282,1,7990000,7990000
24073,160,1,2840500,2840500
24074,70,1,1795500,1795500
24075,25,1,3490000,3490000
24076,138,1,6741000,6741000
24076,181,1,4990000,4990000
24077,72,1,7990000,7990000
24078,204,2,9490000,18980000
24079,40,2,1701000,3402000
24079,5,1,7590500,7590500
24080,30,1,6165500,6165500
24081,17,1,320000,320000
24081,166,1,3990000,3990000
24082,233,1,250000,250000
24083,282,1,7191000,7191000
24084,286,1,3315500,3315500
24085,240,1,5690500,5690500
24086,191,1,4990000,4990000
24086,7,1,6490000,6490000
24087,77,1,250000,250000
24087,257,1,11990000,11990000
24088,146,1,5990000,5990000
24089,121,1,190000,190000
24090,146,1,5391000,5391000
24090,211,3,6490000,19470000
24091,301,1,3790500,3411450
24091,207,1,3990000,3990000
24092,36,1,190000,190000
24093,245,1,8541000,8541000
24094,198,3,11390500,34171500
24094,223,1,5990000,5990000
24094,34,1,18990000,18990000
24095,164,1,3790500,3790500
24096,227,2,9990000,19980000
24097,126,1,5690500,5690500
24098,162,1,18990000,18990000
24098,174,1,4990000,4990000
24099,190,1,2990000,2990000
24100,57,1,35140500,35140500
24100,99,1,12990000,12990000
24100,319,1,2691000,2691000
24101,296,1,22990000,22990000
24102,224,1,7990000,7990000
24103,309,1,36990000,36990000
24104,269,1,450000,450000
24105,146,1,5391000,5391000
24106,205,1,6490000,6490000
24106,1,1,1795500,1795500
24106,167,1,35140500,35140500
24107,127,2,6490000,12980000
24108,131,1,27990000,27990000
24109,10,1,6490000,6490000
24110,191,1,4990000,4990000
24111,186,1,9490000,9490000
24112,30,1,6490000,6490000
24113,36,2,180500,361000
24113,151,1,3141000,3141000
24114,141,1,6490000,6490000
24115,143,1,2490000,2490000
24115,282,1,7590500,7590500
24116,11,1,33291000,33291000
24117,41,1,190000,190000
24118,164,1,3990000,3990000
24119,30,1,5841000,5841000
24119,289,1,10791000,10791000
24119,153,1,120000,120000
24120,255,1,27990000,27990000
24121,216,1,3591000,3591000
24121,164,1,3990000,3990000
24122,158,1,2840500,2840500
24123,289,1,11990000,11990000
24124,299,1,3490000,3490000
24125,153,1,108000,108000
24126,224,1,7590500,7590500
24127,122,1,4491000,4491000
24127,233,1,250000,250000
24128,220,1,12990000,12990000
24129,12,1,26590500,26590500
24130,33,1,250000,250000
24131,139,1,9490000,9490000
24132,151,1,3490000,3490000
24133,37,1,120000,120000
24134,306,2,1890000,3780000
24135,284,1,2990000,2990000
24135,136,1,4740500,4740500
24136,266,1,120000,120000
24137,3,1,590000,590000
24138,180,1,2990000,2990000
24139,182,1,36990000,36990000
24140,203,1,27990000,27990000
24141,309,1,33291000,33291000
24142,152,1,21840500,21840500
24143,76,2,22990000,45980000
24144,159,1,12990000,12990000
24145,309,1,33291000,33291000
24146,214,1,26590500,26590500
24147,13,2,26590500,53181000
24148,318,2,7590500,15181000
24148,301,1,3990000,3990000
24149,135,1,5990000,5990000
24149,205,1,5841000,5841000
24150,28,1,4590000,4590000
24151,202,2,10791000,21582000
24151,44,1,2840500,2840500
24152,110,1,4990000,4990000
24153,279,1,4590000,4590000
24154,123,1,2490000,2490000
24155,314,1,25191000,25191000
24156,64,1,17091000,17091000
24157,62,1,26590500,26590500
24158,315,1,4590000,4590000
24158,45,2,9490000,18980000
24159,37,1,120000,120000
24159,202,1,11990000,11990000
24159,221,1,18990000,18990000
24160,89,1,3315500,3315500
24161,96,1,2990000,2990000
24162,217,1,22990000,22990000
24163,88,1,7990000,7990000
24163,271,1,5841000,5841000
24164,4,1,304000,304000
24165,239,1,6490000,6490000
24166,183,1,2241000,2241000
24167,80,1,9015500,9015500
24167,214,1,27990000,27990000
24168,190,1,2840500,2840500
24169,165,1,6490000,6490000
24170,32,1,11390500,11390500
24170,248,2,11990000,23980000
24171,6,1,5990000,5990000
24171,311,1,3591000,3591000
24171,10,1,6490000,6490000
24172,133,1,27990000,27990000
24173,264,1,9990000,9990000
24173,117,1,11990000,11990000
24174,205,1,6165500,6165500
24175,242,1,5990000,5990000
24175,127,2,6165500,12331000
24176,8,1,1890000,1890000
24177,306,1,1701000,1701000
24178,175,2,2490000,4980000
24179,102,1,2490000,2490000
24180,88,1,7990000,7990000
24181,166,1,3990000,3990000
24182,303,1,17091000,17091000
24183,183,1,2490000,2490000
24184,260,1,17091000,17091000
24185,34,1,18990000,18990000
24185,242,1,5391000,5391000
24185,245,1,9490000,9490000
24186,119,1,120000,120000
24187,220,2,12340500,24681000
24188,111,1,7490000,7490000
24188,245,1,8541000,8541000
24189,256,1,560500,560500
24190,320,1,320000,320000
24191,263,1,4491000,4491000
24191,4,1,320000,320000
24192,176,1,30390500,30390500
24193,56,1,6490000,6490000
24194,246,1,712500,712500
24194,114,1,31990000,31990000
24195,124,1,2990000,2990000
24196,106,1,7990000,7990000
24196,164,1,3990000,3990000
24197,248,1,11390500,11390500
24198,296,1,22990000,22990000
24199,88,1,7590500,7590500
24200,242,1,5990000,5990000
24201,227,1,9990000,9990000
24202,80,1,9490000,9490000
24203,310,1,5990000,5990000
24204,146,1,5990000,5990000
24205,264,1,9990000,9990000
24206,157,1,7590500,7590500
24207,268,1,450000,450000
24208,184,1,6165500,6165500
24209,36,1,190000,190000
24209,7,1,5841000,5841000
24210,47,1,6165500,6165500
24211,148,1,5990000,5990000
24212,3,1,531000,531000
24213,204,1,9015500,9015500
24214,67,1,17091000,17091000
24215,193,1,36990000,36990000
24216,261,3,9015500,27046500
24217,42,1,9015500,9015500
24218,38,1,11990000,11990000
24218,247,1,10791000,10791000
24219,265,1,28791000,28791000
24220,169,1,3315500,3315500
24220,123,2,2490000,4482000
24220,287,1,4990000,4990000
24221,72,1,7990000,7990000
24222,242,1,5990000,5990000
24223,37,1,114000,114000
24223,56,1,6490000,6490000
24224,274,1,11990000,11990000
24224,50,1,9490000,9490000
24225,209,1,9990000,9990000
24226,184,1,6490000,6490000
24227,273,1,11990000,11990000
24228,25,1,3141000,3141000
24229,197,1,675000,675000
24229,125,1,6490000,6490000
24230,99,3,11691000,35073000
24231,190,2,2990000,5980000
24231,93,1,7590500,7590500
24232,270,1,5990000,5990000
24233,278,1,5841000,5841000
24233,294,1,5391000,5391000
24233,100,1,9990000,9990000
24234,314,1,25191000,25191000
24235,288,1,3990000,3990000
24236,68,1,1890000,1890000
24236,163,1,18990000,18990000
24237,149,1,31990000,31990000
24238,256,1,560500,560500
24239,104,2,17091000,34182000
24240,227,3,9990000,29970000
24241,100,1,9990000,9990000
24242,176,1,31990000,31990000
24243,295,1,675000,675000
24244,49,1,2365500,2365500
24245,31,1,6490000,6490000
24245,128,3,450000,1350000
24246,46,1,7590500,7590500
24246,35,1,7990000,7990000
24247,118,1,18990000,18990000
24248,189,2,1890000,3780000
24248,267,1,9490000,9490000
24249,193,1,36990000,36990000
24249,12,1,27990000,27990000
24249,179,1,320000,320000
24250,158,1,2990000,2990000
24250,50,1,9490000,9490000
24250,9,1,304000,304000
24251,8,1,1701000,1701000
24252,200,1,27990000,27990000
24253,202,1,11990000,11990000
24253,180,1,2990000,2990000
24254,317,2,31990000,63980000
24255,41,1,180500,180500
24256,302,1,36990000,36990000
24257,82,1,2365500,2365500
24257,171,1,2490000,2490000
24257,307,1,3490000,3490000
24258,225,1,27990000,27990000
24258,60,1,11990000,11990000
24259,281,1,3591000,3591000
24260,273,1,11990000,11990000
24260,241,1,4590000,4590000
24260,79,1,180500,180500
24261,218,1,1890000,1890000
24262,229,1,250000,250000
24262,280,1,4360500,4360500
24263,146,2,5990000,11980000
24264,290,1,18990000,18990000
24264,243,3,18040500,54121500
24264,112,1,27990000,27990000
24265,145,1,2990000,2990000
24266,270,1,5990000,5990000
24266,224,2,7990000,15980000
24266,268,1,450000,450000
24267,9,1,304000,304000
24268,214,1,26590500,26590500
24268,90,1,405000,405000
24269,191,1,4740500,4740500
24270,196,1,4990000,4990000
24271,213,1,18990000,18990000
24272,241,1,4590000,4590000
24273,258,1,5990000,5990000
24273,88,1,7990000,7990000
24274,284,1,2990000,2990000
24275,250,1,190000,190000
24276,10,1,6165500,6165500
24277,61,1,750000,750000
24278,166,1,3790500,3790500
24279,164,3,3591000,10773000
24280,272,1,9490000,9490000
24280,301,1,3591000,3591000
24281,125,1,6165500,6165500
24281,63,1,5690500,5690500
24282,249,1,320000,320000
24282,203,3,27990000,83970000
24283,202,1,11990000,11990000
24283,40,1,1890000,1890000
24284,210,2,6490000,12980000
24285,108,1,31990000,31990000
24286,263,1,4990000,4990000
24287,193,2,33291000,59923800
24288,98,1,36990000,36990000
24288,186,1,8541000,8541000
24289,23,1,36990000,36990000
24289,104,1,18990000,18990000
24290,144,1,4990000,4990000
24291,143,1,2490000,2490000
24291,303,1,18990000,18990000
24292,306,1,1890000,1890000
24293,11,1,35140500,35140500
24293,240,1,5990000,5990000
24294,86,1,18990000,18990000
24295,274,1,10791000,10791000
24296,265,2,30390500,60781000
24297,125,1,6490000,6490000
24298,63,1,5990000,5990000
24299,15,1,4740500,4740500
24299,266,1,120000,120000
24300,244,1,28791000,28791000
24301,68,1,1890000,1890000
24301,245,1,9490000,9490000
24301,60,1,10791000,10791000
24302,210,1,6490000,6490000
24303,127,2,6165500,12331000
24303,51,1,450000,450000
24304,250,1,180500,180500
24305,32,1,11990000,13189000
24306,72,1,7990000,7990000
24306,54,2,7115500,14231000
24307,7,1,6165500,6165500
24308,175,1,2241000,2241000
24308,93,1,7990000,7990000
24309,229,1,250000,250000
24310,70,1,1890000,1890000
24310,149,1,31990000,31990000
24310,24,2,6490000,12980000
24311,129,1,2990000,2990000
24312,46,2,7990000,15980000
24313,313,1,2490000,2490000
24314,30,1,6165500,6165500
24315,178,1,2990000,2990000
24316,122,1,4990000,4990000
24316,30,1,6490000,6490000
24317,95,1,7990000,7990000
24317,160,1,2990000,2990000
24318,206,1,531000,531000
24319,308,1,21840500,21840500
24320,248,1,11390500,11390500
24320,104,1,18040500,18040500
24320,282,1,7590500,7590500
24321,74,1,5990000,5990000
24322,8,1,1701000,1701000
24322,87,1,4740500,4740500
24323,268,1,450000,450000
24324,160,1,2691000,2691000
24325,218,1,1795500,1795500
24326,8,1,1890000,1890000
24326,306,1,1890000,1890000
24326,58,1,7490000,7490000
24327,262,1,675000,675000
24327,65,1,18990000,18990000
24328,277,1,5841000,5841000
24329,49,1,2490000,2490000
24330,305,1,1890000,1890000
24331,75,2,5841000,11682000
24332,141,1,5841000,5841000
24332,160,1,2691000,2691000
24332,222,1,36990000,36990000
24333,175,1,2241000,2241000
24334,205,2,6490000,12980000
24335,15,1,4990000,4990000
24336,286,1,3490000,3490000
24336,158,1,2840500,2840500
24337,166,2,3591000,7182000
24338,219,1,7990000,7990000
24338,200,1,26590500,26590500
24339,243,1,17091000,17091000
24340,95,1,7191000,7191000
24341,263,1,4740500,4740500
24342,217,1,20691000,20691000
24342,84,1,8541000,8541000
24343,173,1,18990000,18990000
24344,298,1,6165500,6165500
24345,104,1,18990000,18990000
24346,210,1,6165500,6165500
24347,306,1,1890000,1890000
24348,67,1,18990000,18990000
24349,74,2,5990000,11980000
24349,171,1,2490000,2490000
24350,250,1,190000,190000
24351,78,1,427500,427500
24352,169,1,3315500,3315500
24352,267,1,9490000,9490000
24353,279,1,4590000,4590000
24354,12,2,25191000,50382000
24355,169,2,3490000,6980000
24356,207,1,3591000,3591000
24356,93,1,7191000,7191000
24357,157,1,7990000,7990000
24358,33,2,237500,475000
24359,306,1,1890000,1890000
24359,128,1,450000,450000
24360,68,1,1890000,1890000
24360,88,1,7990000,7990000
24361,93,1,7191000,7191000
24361,160,1,2990000,2691000
24362,227,1,9490500,9490500
24363,269,1,427500,427500
24364,141,1,6165500,6165500
24365,301,3,3790500,11371500
24366,97,1,4590000,4590000
24366,169,1,3490000,3490000
24367,52,3,180500,541500
24368,309,1,36990000,36990000
24368,12,1,27990000,27990000
24368,265,1,31990000,31990000
24369,30,1,6165500,6165500
24369,282,1,7590500,7590500
24370,190,1,2840500,2840500
24371,196,1,4990000,4990000
24372,172,1,3141000,3141000
24373,188,1,8991000,8991000
24373,200,1,27990000,27990000
24374,46,1,7990000,7990000
24375,79,2,190000,380000
24376,11,1,33291000,33291000
24376,121,1,190000,190000
24377,54,1,7490000,7490000
24378,40,1,1890000,1890000
24379,252,2,250000,500000
24380,219,1,7191000,7191000
24381,145,1,2691000,2691000
24382,175,1,2490000,2490000
24383,52,3,190000,570000
24384,195,2,2490000,4980000
24385,116,1,18040500,18040500
24386,198,1,11990000,11990000
24386,261,1,9490000,9490000
24387,222,1,35140500,35140500
24387,63,1,5391000,5391000
24387,73,2,11990000,23980000
24388,164,1,3990000,3990000
24389,301,1,3591000,3591000
24389,183,1,2490000,2490000
24390,299,1,3490000,3490000
24391,59,1,4491000,4491000
24392,294,2,5690500,11381000
24393,112,1,27990000,27990000
24393,74,1,5990000,5990000
24394,177,1,36990000,36990000
24395,57,1,36990000,36990000
24396,31,1,6490000,5841000
24397,237,1,9490000,9490000
24398,139,1,8541000,8541000
24399,305,1,1795500,1795500
24399,34,1,17091000,17091000
24400,162,1,18990000,17091000
24401,19,1,11990000,11990000
24402,149,1,30390500,30390500
24403,97,1,4590000,4590000
24404,193,1,33291000,33291000
24404,41,3,190000,570000
24405,39,1,28791000,28791000
24406,134,1,6490000,7139000
24407,112,1,27990000,27990000
24408,268,1,427500,427500
24409,168,1,26590500,26590500
24409,32,1,11990000,11990000
24410,150,1,12340500,12340500
24410,79,1,180500,180500
24410,285,1,2490000,2490000
24411,220,1,12990000,12990000
24411,161,1,18040500,18040500
24411,129,1,2990000,2990000
24412,10,2,6490000,12980000
24413,55,1,9990000,9990000
24414,20,3,4131000,12393000
24415,165,1,6165500,6165500
24416,260,1,18990000,18990000
24417,153,1,120000,120000
24417,5,1,7590500,7590500
24418,36,1,190000,190000
24419,47,1,6490000,6490000
24419,190,1,2990000,2990000
24420,72,1,7590500,7590500
24421,149,1,30390500,30390500
24421,56,1,5841000,5841000
24422,35,1,7191000,7191000
24422,29,1,250000,250000
24423,230,1,225000,225000
24424,164,1,3990000,3990000
24424,80,1,8541000,8541000
24425,160,1,2990000,2990000
24425,2,1,35140500,35140500
24426,75,1,5841000,5841000
24427,150,1,12990000,12990000
24428,64,3,18040500,54121500
24429,117,1,11990000,11990000
24430,10,1,6165500,6165500
24431,82,1,2365500,2365500
24432,140,1,4990000,4990000
24433,276,2,6490000,12980000
24433,169,1,3141000,3141000
24434,143,1,2490000,2490000
24435,76,3,20691000,62073000
24435,106,1,7590500,7590500
24435,225,1,25191000,25191000
24436,269,1,450000,450000
24437,202,2,11990000,23980000
24437,92,1,250000,250000
24438,148,1,5990000,5990000
24439,18,1,9490000,9490000
24440,241,1,4590000,4590000
24440,219,1,7990000,7990000
24441,289,2,10791000,21582000
24442,168,1,26590500,26590500
24443,238,1,35140500,35140500
24444,252,1,250000,250000
24445,49,2,2365500,4731000
24446,61,1,712500,712500
24446,181,1,4491000,4491000
24447,17,1,304000,304000
24447,235,1,3141000,3141000
24447,172,1,3141000,3141000
24448,191,1,4491000,4491000
24449,316,1,2691000,2691000
24450,112,1,27990000,27990000
24450,158,1,2990000,2990000
24451,44,1,2990000,2990000
24452,85,1,27990000,27990000
24453,86,1,18990000,18990000
24454,150,1,12990000,12990000
24455,205,1,6490000,6490000
24455,280,1,4360500,4360500
24456,277,1,6165500,6165500
24457,239,1,6165500,6165500
24458,191,1,4740500,4740500
24459,195,1,2365500,2365500
24460,235,1,3490000,3490000
24461,270,1,5990000,5990000
24462,242,1,5990000,5990000
24462,2,1,36990000,36990000
24463,186,1,8541000,8541000
24464,218,1,1795500,1795500
24465,196,1,4491000,4491000
24466,187,1,4491000,4491000
24466,99,1,12990000,12990000
24467,143,2,2241000,4482000
24468,191,1,4740500,4740500
24468,2,1,36990000,36990000
24469,43,1,9490000,9490000
24470,252,1,237500,237500
24471,104,1,18990000,18990000
24472,81,1,6165500,6165500
24472,213,1,17091000,17091000
24473,174,1,4990000,4990000
24474,43,1,9015500,9015500
24475,65,1,18990000,18990000
24476,229,1,250000,250000
24477,256,2,560500,1121000
24478,140,1,4990000,4990000
24479,146,1,5990000,5990000
24480,123,1,2490000,2490000
24480,130,1,7115500,7115500
24480,130,1,7115500,7115500
24481,83,1,27990000,27990000
24482,88,1,7990000,7990000
24482,16,1,26590500,26590500
24482,45,1,9490000,9490000
24483,34,1,17091000,17091000
24484,166,1,3990000,3990000
24484,115,1,31990000,31990000
24485,117,1,10791000,10791000
24486,19,1,11990000,11990000
24487,300,1,1890000,1890000
24487,182,1,35140500,35140500
24488,148,2,5391000,10782000
24489,231,1,33291000,33291000
24490,270,2,5990000,11980000
24491,219,1,7590500,7590500
24491,302,1,36990000,36990000
24492,62,1,27990000,27990000
24493,203,1,25191000,25191000
24494,133,2,26590500,53181000
24495,65,1,18990000,18990000
24496,15,1,4990000,4990000
24497,161,1,18040500,18040500
24498,36,1,171000,171000
24498,158,1,2990000,2990000
24499,88,1,7990000,7990000
24499,252,2,225000,450000
24500,176,1,30390500,30390500
24500,218,2,1701000,3402000
24501,21,2,7990000,15980000
24501,305,1,1890000,1890000
24502,108,1,31990000,31990000
24503,309,1,36990000,36990000
24504,94,3,5690500,17071500
24505,277,1,6490000,6490000
24506,287,1,4990000,4990000
24507,286,1,3490000,3490000
24507,256,1,590000,590000
24508,233,1,250000,250000
24508,167,1,33291000,33291000
24509,281,1,3990000,3990000
24510,15,1,4990000,4990000
24511,247,2,10791000,21582000
24512,230,1,250000,250000
24513,48,1,5841000,5841000
24513,278,1,6165500,6165500
24514,64,1,17091000,17091000
24514,156,2,26590500,53181000
24515,29,1,250000,250000
24516,163,1,18990000,18990000
24517,255,1,27990000,27990000
24517,291,1,3315500,3315500
24518,140,1,4990000,4990000
24519,157,1,7990000,7990000
24519,31,1,5841000,5841000
24520,29,1,237500,237500
24521,121,1,180500,180500
24521,128,1,450000,450000
24521,53,1,9490000,9490000
24522,207,1,3990000,3990000
24522,130,1,7490000,7490000
24523,298,1,5841000,5841000
24524,302,1,33291000,33291000
24525,234,1,7990000,7191000
24526,293,1,2990000,2990000
24527,80,1,9490000,9490000
24528,246,1,712500,712500
24529,142,1,8541000,8541000
24530,296,1,22990000,22990000
24531,302,1,33291000,33291000
24532,274,1,11990000,11990000
24533,311,1,3990000,3990000
24533,87,2,4740500,9481000
24534,193,3,36990000,110970000
24535,58,1,7490000,7490000
24536,74,1,5990000,5990000
24537,185,2,2840500,5681000
24537,305,1,1890000,1890000
24538,307,1,3141000,3141000
24539,294,1,5990000,5990000
24539,187,1,4990000,4990000
24540,137,2,3591000,7182000
24541,295,1,750000,750000
24541,187,2,4740500,9481000
24542,251,1,25191000,25191000
24543,48,1,6490000,6490000
24543,172,1,3490000,3490000
24544,140,1,4990000,4990000
24545,184,3,6490000,19470000
24546,30,1,6490000,6490000
24547,168,1,27990000,27990000
24548,121,1,190000,190000
24548,160,2,2990000,5980000
24549,54,1,7490000,7490000
24550,308,2,22990000,45980000
24551,97,1,4590000,4590000
24552,27,1,12990000,12990000
24553,76,1,21840500,21840500
24554,43,1,9490000,9490000
24555,149,1,31990000,31990000
24555,92,1,250000,250000
24555,37,1,108000,108000
24556,26,1,28791000,28791000
24557,309,1,33291000,33291000
24558,58,1,7490000,7490000
24559,124,1,2990000,2990000
24559,75,1,6490000,6490000
24560,217,1,21840500,21840500
24560,199,1,36990000,36990000
24561,317,1,28791000,28791000
24562,156,1,26590500,26590500
24563,63,1,5690500,5690500
24564,248,1,10791000,10791000
24565,224,1,7990000,7990000
24566,62,1,25191000,25191000
24567,227,1,9990000,9990000
24568,30,1,6490000,6490000
24569,96,1,2840500,2840500
24570,142,1,8541000,8541000
24570,291,1,3141000,3141000
24570,270,1,5690500,5690500
24571,304,1,7590500,7590500
24572,279,1,4131000,4131000
24573,251,1,27990000,27990000
24573,201,1,4740500,4740500
24574,41,1,190000,190000
24575,285,1,2490000,2490000
24575,210,1,6490000,6490000
24576,206,1,590000,590000
24577,100,1,8991000,8991000
24578,58,3,6741000,20223000
24578,307,1,3490000,3490000
24578,310,1,5990000,5990000
24579,206,1,531000,531000
24580,36,1,180500,180500
24581,5,1,7590500,7590500
24582,163,1,18990000,18990000
24582,263,1,4990000,4990000
24582,311,1,3990000,3990000
24583,123,1,2241000,2241000
24583,112,1,26590500,26590500
24583,189,1,1890000,1890000
24584,186,1,9490000,9490000
24584,109,1,590000,590000
24584,53,1,9490000,9490000
24585,198,2,11990000,23980000
24586,295,1,712500,712500
24586,161,2,18990000,37980000
24587,93,1,7990000,7990000
24587,244,2,31990000,63980000
24588,62,1,25191000,25191000
24589,109,1,590000,590000
24589,247,1,11990000,11990000
24590,97,1,4360500,4360500
24590,31,1,6490000,6490000
24591,68,1,1795500,1795500
24591,61,1,675000,675000
24592,264,1,9490500,9490500
24593,5,1,7990000,7990000
24594,13,1,27990000,27990000
24595,171,1,2241000,2241000
24596,118,1,17091000,17091000
24596,286,1,3141000,3141000
24597,260,1,18990000,18990000
24598,239,1,6490000,6490000
24599,170,1,18990000,18990000
24600,262,3,675000,2025000
24600,200,1,26590500,26590500
24600,172,1,3490000,3490000
24601,180,1,2990000,2990000
24601,135,1,5990000,5990000
24602,45,1,9490000,9490000
24602,109,1,560500,560500
24603,317,3,31990000,95970000
24604,129,1,2990000,2990000
24605,225,1,25191000,25191000
24606,231,1,35140500,35140500
24606,289,1,11990000,11990000
24606,160,2,2990000,5980000
24607,188,1,9490500,9490500
24608,284,1,2840500,2840500
24609,90,2,450000,900000
24610,143,1,2490000,2490000
24610,140,1,4990000,4990000
24610,179,1,288000,288000
24611,2,1,36990000,36990000
24612,32,1,11990000,11990000
24612,180,1,2691000,2691000
24613,5,1,7990000,7990000
24613,299,1,3490000,3490000
24613,5,1,7590500,7590500
24614,261,1,9015500,9917050
24614,119,1,120000,120000
24615,200,1,27990000,27990000
24615,20,1,4360500,4360500
24615,275,1,5690500,5690500
24616,126,1,5990000,5990000
24616,39,1,31990000,31990000
24617,67,1,18990000,18990000
24618,219,1,7191000,7191000
24618,186,1,9490000,9490000
24619,79,1,190000,190000
24619,49,1,2490000,2490000
24619,283,1,9015500,9015500
24620,88,1,7590500,7590500
24621,206,1,590000,590000
24622,66,3,750000,2250000
24622,91,1,4740500,4740500
24623,93,1,7590500,7590500
24623,34,1,18990000,18990000
24624,249,1,288000,288000
24624,235,1,3315500,3315500
24625,58,1,7490000,7490000
24626,79,1,190000,190000
24627,268,1,427500,427500
24628,74,1,5990000,5990000
24629,34,1,18990000,18990000
24629,268,1,450000,450000
24629,81,1,6490000,6490000
24630,285,1,2490000,2490000
24631,282,1,7990000,7990000
24632,36,1,171000,171000
24633,195,2,2241000,4482000
24634,78,1,450000,450000
24635,80,1,9490000,9490000
24636,129,1,2840500,2840500
24637,48,1,5841000,5841000
24638,48,1,6165500,6165500
24639,189,1,1890000,1890000
24639,2,1,36990000,36990000
24640,309,1,36990000,36990000
24641,76,1,22990000,22990000
24641,144,1,4740500,4740500
24641,133,1,27990000,27990000
24642,225,1,27990000,27990000
24642,273,1,10791000,10791000
24642,263,1,4990000,4990000
24643,187,1,4990000,4990000
24644,197,1,750000,750000
24644,66,1,675000,675000
24645,108,1,31990000,31990000
24646,41,1,190000,190000
24647,238,1,36990000,36990000
24647,309,1,36990000,36990000
24648,286,1,3141000,3141000
24649,298,1,6490000,6490000
24649,234,1,7990000,7990000
24649,283,1,9490000,9490000
24650,205,1,6490000,6490000
24651,141,1,6490000,6490000
24652,198,2,10791000,21582000
24653,136,1,4740500,4740500
24654,123,1,2490000,2490000
24654,71,1,11990000,11990000
24655,54,1,7490000,7490000
24656,145,1,2990000,2990000
24657,207,1,3990000,3990000
24658,266,1,114000,114000
24659,91,1,4740500,4740500
24659,183,1,2365500,2365500
24659,69,3,4990000,14970000
24660,311,1,3790500,3790500
24661,119,1,120000,120000
24662,112,1,27990000,27990000
24662,200,1,26590500,26590500
24663,166,2,3990000,7980000
24664,192,1,7990000,7990000
24665,18,1,9490000,9490000
24666,258,1,5990000,5990000
24667,316,1,2990000,2990000
24668,88,1,7990000,7990000
24669,16,1,27990000,27990000
24669,259,1,36990000,36990000
24670,24,3,6490000,19470000
24671,320,1,304000,304000
24672,119,1,108000,108000
24673,315,1,4590000,4590000
24674,117,1,11990000,13189000
24675,171,1,2490000,2490000
24675,262,1,750000,750000
24676,287,1,4990000,4990000
24676,114,1,31990000,31990000
24677,241,2,4360500,8721000
24678,93,1,7590500,7590500
24678,289,1,10791000,10791000
24679,300,1,1701000,1701000
24680,261,1,9015500,9015500
24681,50,1,9490000,9490000
24682,261,1,9490000,9490000
24683,300,1,1890000,1890000
24683,144,1,4990000,4990000
24684,29,1,250000,250000
24685,123,2,2490000,4980000
24686,210,1,6490000,6490000
24687,285,1,2490000,2490000
24688,318,1,7191000,7191000
24689,314,1,27990000,27990000
24690,44,1,2990000,2990000
24690,69,1,4990000,4990000
24691,308,1,22990000,22990000
24692,92,1,250000,250000
24693,2,1,35140500,35140500
24694,272,1,9490000,9490000
24695,41,1,190000,190000
24696,34,1,18990000,18990000
24697,238,1,36990000,36990000
24698,212,1,7191000,7191000
24698,163,1,18040500,18040500
24698,228,1,2365500,2365500
24699,181,1,4990000,4990000
24699,117,1,10791000,10791000
24700,38,1,11990000,11990000
24700,65,1,17091000,17091000
24701,249,1,304000,304000
24701,278,1,6490000,6490000
24702,181,1,4990000,4990000
24702,4,1,320000,320000
24703,127,1,6490000,6490000
24703,260,1,18990000,18990000
24704,302,1,35140500,35140500
24705,50,1,9490000,9490000
24706,1,1,1795500,1795500
24707,255,1,27990000,27990000
24708,126,1,5391000,5391000
24709,238,1,35140500,35140500
24710,227,1,9990000,9990000
24711,100,1,8991000,8991000
24711,61,2,750000,1500000
24712,234,1,7990000,7990000
24713,100,2,8991000,17982000
24714,118,1,18990000,18990000
24715,154,1,20691000,20691000
24716,176,1,30390500,30390500
24717,260,1,17091000,17091000
24718,226,1,18990000,18990000
24719,248,1,11990000,11990000
24720,194,1,6165500,6165500
24720,223,1,5690500,5690500
24721,190,1,2691000,2691000
24722,39,1,28791000,28791000
24723,157,1,7990000,7990000
24723,232,1,750000,750000
24724,247,1,10791000,10791000
24725,69,2,4491000,8982000
24726,228,1,2241000,2241000
24727,25,1,3141000,3141000
24728,152,1,20691000,20691000
24728,108,2,31990000,63980000
24729,267,1,8541000,8541000
24730,54,1,7490000,7490000
24730,124,1,2691000,2691000
24731,248,1,11390500,11390500
24732,259,1,36990000,36990000
24733,149,1,28791000,28791000
24734,68,1,1701000,1701000
24734,148,1,5990000,5990000
24734,222,1,36990000,36990000
24735,226,1,18990000,18990000
24736,29,1,225000,225000
24736,300,1,1890000,1890000
24737,163,1,18990000,18990000
24738,225,1,25191000,25191000
24739,258,1,5990000,5990000
24740,159,1,12990000,12990000
24741,261,1,8541000,8541000
24742,180,1,2990000,2990000
24742,272,1,9490000,9490000
24743,163,1,18990000,18990000
24744,114,1,28791000,28791000
24744,315,1,4131000,4131000
24745,5,1,7990000,7990000
24746,26,1,30390500,30390500
24746,206,1,560500,560500
24747,274,1,11990000,11990000
24747,72,1,7590500,7590500
24748,45,1,9490000,9490000
24749,35,2,7990000,15980000
24750,109,1,590000,590000
24751,38,1,11990000,11990000
24752,271,1,6490000,6490000
24753,194,3,6165500,18496500
24754,254,1,7590500,7590500
24755,85,1,27990000,27990000
24756,182,1,36990000,36990000
24756,214,1,25191000,25191000
24757,66,1,750000,750000
24758,55,1,9990000,9990000
24758,286,1,3490000,3490000
24759,183,1,2241000,2241000
24760,190,1,2840500,2840500
24761,177,1,33291000,33291000
24761,47,1,6490000,6490000
24762,62,1,27990000,27990000
24763,62,1,26590500,26590500
24764,210,1,5841000,5841000
24765,207,3,3591000,10773000
24766,3,1,590000,590000
24766,166,1,3790500,3790500
24767,278,3,6490000,19470000
24768,279,1,4590000,4590000
24769,16,1,27990000,27990000
24770,171,3,2490000,7470000
24771,246,1,712500,712500
24771,77,1,225000,225000
24771,191,1,4990000,4990000
24772,56,1,5841000,5841000
24773,218,1,1795500,1795500
24774,57,1,36990000,36990000
24775,245,1,9490000,9490000
24776,271,2,6490000,12980000
24776,119,1,120000,120000
24776,256,1,590000,590000
24777,23,1,36990000,36990000
24778,58,1,7115500,7115500
24779,253,1,1795500,1795500
24779,223,1,5990000,5990000
24780,66,1,750000,750000
24781,200,1,25191000,25191000
24782,196,1,4740500,4740500
24783,207,1,3990000,3990000
24784,76,1,22990000,22990000
24785,249,1,304000,304000
24786,213,1,18990000,18990000
24787,144,1,4990000,4990000
24788,314,1,26590500,26590500
24789,259,1,33291000,33291000
24789,310,1,5690500,5690500
24790,213,1,17091000,17091000
24790,230,2,250000,500000
24791,299,2,3490000,6980000
24792,136,1,4990000,4990000
24793,116,1,18990000,18990000
24794,137,1,3990000,3990000
24795,68,1,1890000,1890000
24796,9,3,320000,960000
24796,192,1,7191000,7191000
24797,145,1,2990000,2990000
24797,59,1,4491000,4491000
24797,290,1,18990000,18990000
24798,95,1,7990000,7990000
24799,226,1,17091000,17091000
24800,19,1,11990000,11990000
24801,9,3,320000,960000
24802,240,1,5990000,5990000
24803,9,3,304000,912000
24804,211,1,6490000,6490000
24805,111,1,7490000,7490000
24805,11,1,36990000,36990000
24806,246,1,750000,750000
24807,249,1,320000,320000
24808,176,1,28791000,28791000
24809,94,1,5990000,5990000
24810,198,2,11990000,23980000
24811,116,1,17091000,17091000
24811,165,2,6490000,12980000
24812,87,2,4990000,9980000
24812,195,1,2490000,2490000
24813,197,1,712500,712500
24814,135,1,5990000,5990000
24815,79,1,180500,180500
24815,207,1,3990000,3990000
24816,124,1,2840500,2840500
24817,283,1,9490000,9490000
24817,86,1,18040500,16236450
24818,60,1,10791000,10791000
24818,70,1,1890000,1890000
24819,229,1,237500,237500
24820,80,1,8541000,8541000
24821,14,1,250000,250000
24822,158,2,2990000,5980000
24823,62,1,27990000,27990000
24824,319,1,2990000,2990000
24825,239,1,6165500,6165500
24826,37,1,120000,120000
24827,71,2,11390500,22781000
24827,160,1,2990000,2990000
24828,178,1,2691000,2691000
24829,74,1,5990000,5990000
24829,7,1,6165500,6165500
24830,58,1,7115500,7115500
24831,241,1,4131000,3717900
24832,163,2,17091000,34182000
24832,269,1,450000,450000
24833,123,1,2490000,2490000
24833,52,1,190000,190000
24833,208,1,108000,108000
24834,104,2,18990000,37980000
24834,21,1,7990000,7990000
24834,70,1,1890000,1890000
24835,202,1,11990000,11990000
24836,271,1,6165500,6165500
24836,247,1,11390500,11390500
24837,123,3,2490000,7470000
24837,25,1,3490000,3490000
24838,218,2,1890000,3780000
24839,198,1,11390500,11390500
24839,291,1,3141000,3141000
24839,197,1,750000,750000
24840,54,1,7115500,7115500
24840,82,1,2490000,2490000
24841,76,1,20691000,20691000
24842,262,1,750000,750000
24843,186,1,9015500,9015500
24844,292,1,6490000,6490000
24845,228,1,2365500,2365500
24846,116,1,18990000,18990000
24847,26,1,28791000,28791000
24847,269,1,427500,427500
24848,131,1,25191000,25191000
24848,149,1,31990000,31990000
24849,59,1,4990000,4990000
24850,292,1,6165500,6165500
24851,39,1,31990000,31990000
24851,183,1,2490000,2490000
24852,223,1,5990000,5990000
24853,273,1,11990000,11990000
24853,187,1,4990000,4990000
24854,112,2,27990000,55980000
24855,296,3,20691000,62073000
24856,78,1,450000,450000
24857,56,1,6490000,6490000
24858,162,1,18990000,18990000
24859,145,1,2990000,2990000
24860,320,1,320000,320000
24860,51,1,427500,427500
24860,20,2,4590000,9180000
24861,310,1,5690500,5690500
24861,318,2,7990000,15980000
24862,140,1,4990000,4990000
24863,274,1,11990000,11990000
24864,59,2,4990000,9980000
24865,46,1,7191000,7191000
24866,109,1,590000,590000
24867,165,1,6490000,6490000
24868,239,1,6490000,6490000
24868,265,1,28791000,28791000
24869,204,1,9015500,9015500
24870,208,1,120000,120000
24871,187,1,4740500,4740500
24872,65,1,18040500,18040500
24873,231,1,35140500,35140500
24874,197,1,712500,712500
24875,224,1,7990000,7990000
24876,237,1,9015500,9015500
24877,63,1,5990000,5990000
24878,42,1,9015500,9015500
24878,202,1,10791000,10791000
24879,42,1,9490000,9490000
24880,157,1,7191000,7191000
24881,130,2,7490000,14980000
24882,105,1,8541000,8541000
24882,268,1,450000,450000
24883,308,1,22990000,22990000
24884,158,1,2990000,2990000
24884,2,2,33291000,66582000
24885,58,1,7115500,7115500
24885,235,1,3141000,3141000
24885,31,1,6165500,6165500
24886,66,1,750000,750000
24887,203,1,27990000,27990000
24887,298,1,6490000,6490000
24888,40,1,1890000,1890000
24889,61,1,750000,750000
24889,317,2,31990000,63980000
24889,147,1,11990000,11990000
24890,223,2,5391000,10782000
24890,117,1,11390500,11390500
24891,89,3,3490000,10470000
24892,239,1,6490000,6490000
24893,152,1,20691000,20691000
24893,6,1,5990000,5990000
24893,192,1,7990000,7990000
24894,65,1,18990000,18990000
24894,287,1,4491000,4491000
24894,163,1,18990000,18990000
24895,38,1,11990000,11990000
24896,301,1,3990000,3990000
24896,48,1,6490000,6490000
24896,54,1,7490000,7490000
24897,134,1,6490000,6490000
24898,96,1,2840500,2840500
24899,179,1,320000,320000
24900,39,2,31990000,63980000
24900,222,1,36990000,36990000
24900,186,1,9015500,9015500
24901,69,1,4990000,4990000
24902,136,1,4990000,4990000
24903,259,1,36990000,36990000
24903,86,1,17091000,17091000
24904,166,1,3790500,3790500
24905,108,1,30390500,30390500
24906,234,1,7990000,7990000
24906,298,1,5841000,5841000
24907,96,1,2691000,2691000
24908,255,1,27990000,27990000
24909,284,1,2691000,2691000
24910,107,1,288000,288000
24911,136,1,4740500,4740500
24912,8,1,1890000,1890000
24913,246,1,750000,750000
24914,262,1,750000,750000
24914,222,3,33291000,99873000
24915,313,2,2490000,4980000
24916,236,3,7191000,21573000
24917,79,1,190000,190000
24918,57,1,33291000,33291000
24918,274,1,11990000,11990000
24919,173,1,18990000,18990000
24920,178,1,2990000,2990000
24921,168,1,26590500,26590500
24922,203,1,27990000,27990000
24922,43,1,8541000,8541000
24923,52,3,171000,513000
24923,275,1,5990000,5990000
24924,153,1,114000,114000
24925,139,1,8541000,8541000
24925,278,1,6165500,6165500
24926,242,1,5990000,5990000
24927,197,1,750000,750000
24927,304,2,7990000,15980000
24927,78,1,450000,450000
24928,70,1,1795500,1795500
24929,307,1,3141000,3141000
24930,204,1,9490000,9490000
24931,4,1,320000,320000
24931,255,1,27990000,27990000
24932,67,1,18990000,18990000
24933,268,1,450000,450000
24934,13,1,27990000,27990000
24935,49,1,2490000,2490000
24936,147,1,11990000,11990000
24936,6,2,5690500,11381000
24936,18,1,9490000,9490000
24937,184,1,6165500,6165500
24937,211,2,6490000,12980000
24938,101,2,17091000,34182000
24939,88,2,7990000,15980000
24939,240,1,5391000,5391000
24939,143,1,2490000,2490000
24940,193,1,36990000,36990000
24941,105,3,9490000,28470000
24942,146,1,5990000,5990000
24943,312,2,4990000,9980000
24943,206,2,590000,1180000
24944,264,1,9990000,9990000
24945,302,3,36990000,110970000
24946,41,2,190000,380000
24947,46,1,7590500,7590500
24947,142,1,9490000,9490000
24948,279,1,4131000,4131000
24948,136,1,4491000,4491000
24948,51,1,405000,405000
24949,159,1,12990000,12990000
24949,104,1,18990000,18990000
24950,240,1,5990000,5990000
24950,230,1,250000,250000
24951,268,1,450000,450000
24951,156,1,25191000,25191000
24952,250,1,171000,171000
24952,7,1,6490000,6490000
24953,65,1,18990000,18990000
24953,242,1,5690500,5690500
24954,39,1,28791000,28791000
24955,316,1,2990000,2990000
24956,49,1,2490000,2490000
24956,232,1,750000,750000
24956,76,1,22990000,22990000
24957,286,2,3141000,6282000
24957,18,1,9490000,9490000
24958,180,1,2990000,2990000
24959,166,1,3591000,3591000
24960,254,1,7590500,7590500
24960,56,1,6165500,6165500
24961,74,2,5990000,11980000
24961,185,2,2990000,5980000
24962,273,1,11390500,11390500
24963,108,1,30390500,30390500
24963,19,1,10791000,10791000
24964,62,1,26590500,26590500
24965,56,1,6490000,6490000
24965,8,2,1701000,3402000
24966,316,1,2990000,2990000
24967,75,1,5841000,5841000
24967,32,1,11390500,11390500
24968,69,1,4491000,4491000
24968,131,1,25191000,25191000
24968,58,3,7490000,22470000
24969,172,1,3490000,3490000
24970,212,1,7990000,7990000
24971,157,1,7191000,7191000
24972,138,1,6741000,6741000
24973,307,1,3141000,3141000
24973,176,2,31990000,63980000
24974,253,1,1890000,1890000
24974,10,1,6490000,6490000
24975,9,1,320000,320000
24975,25,1,3315500,3315500
24976,140,1,4990000,4990000
24976,180,2,2990000,5980000
24977,134,1,6490000,6490000
24978,212,1,7990000,7990000
24979,119,1,108000,108000
24979,66,1,750000,750000
24980,111,1,7115500,7115500
24981,64,1,18040500,18040500
24981,106,2,7990000,15980000
24982,257,1,11390500,11390500
24983,33,1,250000,250000
24984,13,1,27990000,27990000
24984,42,1,9490000,10439000
24985,180,1,2990000,2990000
24985,231,1,36990000,36990000
24986,279,1,4131000,4131000
24987,55,1,8991000,8991000
24988,104,1,18990000,18990000
24989,22,1,4990000,4990000
24989,250,1,190000,190000
24990,252,1,225000,225000
24991,159,1,11691000,11691000
24992,298,1,6490000,6490000
24993,206,2,590000,1298000
24994,33,1,225000,225000
24995,39,1,30390500,30390500
24996,166,1,3790500,3790500
24997,266,2,120000,240000
24998,86,1,18040500,18040500
24999,268,1,405000,405000
25000,3,1,590000,590000
25001,247,1,11990000,11990000
25001,278,1,6165500,6165500
25001,246,1,750000,750000
25002,304,2,7590500,15181000
25003,18,1,8541000,8541000
25004,51,1,450000,450000
25005,297,1,9490000,9490000
25006,54,1,7490000,7490000
25007,66,1,712500,712500
25008,283,1,9490000,9490000
25009,307,1,3490000,3490000
25010,104,1,18990000,18990000
25010,103,1,22990000,22990000
25010,319,1,2990000,2990000
25011,287,1,4990000,4990000
25012,66,1,675000,675000
25013,108,1,30390500,30390500
25014,264,1,9490500,9490500
25015,107,1,320000,320000
25016,247,1,11390500,11390500
25017,148,1,5990000,5990000
25017,11,1,36990000,36990000
25017,87,1,4740500,4740500
25018,125,1,6490000,6490000
25018,30,2,6165500,12331000
25019,304,1,7590500,7590500
25020,247,1,10791000,10791000
25021,181,1,4990000,4990000
25022,227,1,9990000,9990000
25023,231,1,36990000,36990000
25024,31,1,6165500,6165500
25025,135,1,5990000,5990000
25026,297,1,9015500,9015500
25027,18,3,9015500,27046500
25027,118,1,18990000,18990000
25028,138,1,6741000,6741000
25029,109,1,531000,584100
25030,206,1,590000,590000
25031,23,1,36990000,36990000
25031,92,1,237500,237500
25032,173,1,17091000,17091000
25033,2,1,36990000,36990000
25034,88,1,7590500,7590500
25035,93,1,7990000,7990000
25036,315,1,4590000,4590000
25037,39,1,28791000,28791000
25038,94,1,5690500,5690500
25039,90,1,405000,405000
25039,121,2,190000,380000
25040,289,1,11990000,11990000
25041,319,1,2990000,2990000
25042,180,1,2990000,2990000
25042,142,1,9015500,9015500
25042,296,1,22990000,22990000
25043,159,1,11691000,11691000
25043,291,1,3315500,3315500
25044,275,1,5990000,5990000
25045,235,1,3490000,3490000
25046,138,1,7490000,7490000
25047,240,2,5391000,10782000
25048,131,1,27990000,27990000
25048,99,1,12990000,12990000
25049,155,1,26590500,26590500
25049,135,1,5990000,5990000
25050,108,1,30390500,30390500
25050,56,3,6165500,18496500
25050,226,1,18990000,18990000
25051,309,1,36990000,36990000
25052,151,1,3490000,3490000
25053,35,1,7990000,7990000
25054,103,1,21840500,21840500
25055,162,1,18990000,18990000
25056,211,1,5841000,5841000
25057,121,1,190000,190000
25058,73,1,11990000,11990000
25059,239,2,6490000,12980000
25059,86,1,18990000,18990000
25060,289,1,11390500,11390500
25061,123,1,2490000,2490000
25062,131,1,27990000,27990000
25063,68,1,1701000,1701000
25064,42,1,8541000,8541000
25065,17,1,320000,320000
25066,20,1,4590000,4590000
25066,167,1,35140500,35140500
25067,253,1,1795500,1795500
25068,79,2,180500,361000
25069,267,1,9015500,9015500
25070,312,1,4990000,4990000
25071,106,2,7990000,15980000
25072,189,1,1701000,1701000
25073,110,1,4990000,4990000
25074,181,3,4990000,14970000
25075,267,1,9490000,9490000
25076,208,1,120000,120000
25077,100,1,9990000,9990000
25077,119,1,114000,114000
25077,94,1,5990000,5990000
25078,236,1,7990000,7990000
25079,274,1,11390500,11390500
25080,83,1,27990000,27990000
25081,276,1,6490000,6490000
25082,254,1,7191000,7191000
25083,173,1,17091000,17091000
25084,59,1,4491000,4491000
25085,180,1,2990000,2990000
25086,201,1,4990000,4990000
25086,163,2,18040500,36081000
25087,2,1,33291000,33291000
25087,216,1,3591000,3591000
25088,211,1,5841000,5841000
25088,299,1,3490000,3490000
25089,229,1,250000,250000
25089,64,1,18040500,18040500
25089,13,1,25191000,25191000
25090,223,1,5391000,5391000
25090,233,1,225000,225000
25091,193,1,35140500,35140500
25092,15,1,4990000,4990000
25093,72,2,7191000,14382000
25093,317,2,28791000,57582000
25094,229,1,250000,250000
25095,76,1,22990000,22990000
25096,184,1,6490000,6490000
25097,241,1,4590000,4590000
25098,243,1,18990000,18990000
25099,200,1,27990000,27990000
25099,118,1,18990000,18990000
25100,298,2,6490000,12980000
25100,230,1,250000,250000
25101,193,1,33291000,33291000
25102,108,1,28791000,28791000
25103,97,1,4590000,4590000
25104,185,1,2990000,2990000
25105,203,1,25191000,25191000
25106,206,1,531000,531000
25107,210,1,6490000,6490000
25108,124,2,2691000,5382000
25109,298,2,6490000,11682000
25110,274,3,11390500,34171500
25111,116,1,17091000,17091000
25111,49,1,2241000,2241000
25112,303,1,17091000,17091000
25112,270,1,5990000,5990000
25113,294,1,5990000,5990000
25113,85,1,25191000,25191000
25114,124,1,2691000,2691000
25115,246,1,750000,750000
25116,302,1,36990000,36990000
25116,248,1,11390500,11390500
25116,234,1,7990000,7990000
25117,238,1,36990000,36990000
25118,228,1,2490000,2490000
25119,17,2,320000,640000
25119,195,1,2241000,2241000
25120,54,2,7490000,14980000
25120,195,1,2365500,2365500
25121,250,1,180500,180500
25121,45,1,9490000,9490000
25122,202,1,11390500,11390500
25122,1,1,1890000,1890000
25123,242,1,5690500,5690500
25124,304,1,7191000,7191000
25124,319,1,2990000,2990000
25124,227,1,9990000,9990000
25125,91,1,4740500,4740500
25126,131,1,27990000,27990000
25126,303,1,18990000,18990000
25127,262,1,750000,750000
25128,119,1,120000,120000
25129,284,1,2691000,2691000
25130,30,2,5841000,11682000
25130,5,1,7191000,7191000
25131,284,1,2990000,2990000
25131,125,1,6490000,6490000
25131,223,1,5690500,5690500
25132,4,1,320000,320000
25133,123,1,2241000,2241000
25133,144,1,4990000,4990000
25134,7,1,6490000,6490000
25135,255,2,27990000,55980000
25135,32,2,11990000,23980000
25135,219,1,7990000,7990000
25136,252,2,250000,500000
25136,155,1,25191000,25191000
25137,15,1,4740500,4740500
25138,186,1,9490000,9490000
25139,40,1,1890000,1890000
25139,131,1,26590500,26590500
25140,77,1,237500,237500
25140,104,1,18040500,18040500
25141,304,1,7990000,7990000
25142,262,1,750000,750000
25142,94,1,5990000,5990000
25143,166,1,3990000,3990000
25144,84,2,8541000,17082000
25145,66,1,750000,750000
25145,141,1,6165500,6165500
25146,80,2,9015500,18031000
25147,320,1,320000,320000
25148,261,1,9490000,9490000
25149,103,1,22990000,22990000
25150,150,1,12990000,12990000
25150,127,1,5841000,5841000
25151,39,2,31990000,63980000
25152,292,1,5841000,5841000
25153,271,1,6165500,6165500
25154,121,1,190000,190000
25155,46,1,7191000,7191000
25156,207,1,3990000,3990000
25157,77,1,250000,250000
25158,287,1,4990000,4990000
25159,212,1,7191000,7191000
25160,96,1,2691000,2691000
25160,69,1,4740500,4740500
25161,182,1,36990000,36990000
25162,308,1,20691000,20691000
25163,279,1,4590000,4590000
25164,108,1,30390500,30390500
25165,289,1,11990000,11990000
25165,163,1,18990000,18990000
25166,217,1,20691000,20691000
25166,175,1,2365500,2365500
25166,302,1,35140500,35140500
25167,63,1,5990000,5990000
25168,173,1,18990000,18990000
25168,295,1,712500,712500
25169,291,1,3315500,3315500
25170,11,1,35140500,35140500
25171,274,1,11390500,11390500
25172,56,1,6165500,6165500
25172,289,1,11990000,11990000
25172,267,1,9490000,9490000
25173,117,1,10791000,10791000
25174,170,1,18990000,18990000
25175,36,1,190000,190000
25175,80,1,9490000,9490000
25176,83,2,27990000,55980000
25177,144,1,4990000,4990000
25178,294,1,5391000,5391000
25179,109,1,531000,531000
25179,31,1,6490000,6490000
25180,134,1,5841000,5841000
25181,217,1,22990000,22990000
25182,262,1,750000,750000
25182,201,1,4491000,4491000
25183,112,1,27990000,27990000
25184,46,1,7990000,7990000
25184,311,1,3990000,3990000
25185,161,1,18990000,18990000
25186,138,1,6741000,6741000
25186,213,1,18990000,18990000
25187,166,1,3990000,3990000
25188,186,2,9490000,18980000
25189,184,1,6490000,6490000
25189,136,1,4491000,4491000
25190,177,1,36990000,36990000
25191,96,1,2990000,2990000
25192,141,1,6165500,6165500
25193,279,1,4590000,4590000
25194,280,1,4131000,4131000
25195,188,1,9990000,9990000
25196,66,1,750000,750000
25197,46,1,7990000,7990000
25198,196,1,4740500,4740500
25199,53,1,9490000,9490000
25200,313,1,2241000,2241000
25201,173,1,18990000,18990000
25202,261,1,8541000,8541000
25202,116,1,18990000,18990000
25203,316,1,2990000,2990000
25204,232,1,750000,750000
25205,206,1,590000,590000
25206,94,1,5990000,5990000
25206,273,1,10791000,10791000
25207,60,1,11990000,11990000
25208,9,1,320000,320000
25209,97,1,4131000,4544100
25210,50,2,8541000,17082000
25211,42,1,9490000,9490000
25212,43,1,9490000,9490000
25213,301,1,3990000,3990000
25213,14,1,250000,250000
25214,109,1,590000,590000
25215,215,1,26590500,26590500
25216,235,1,3490000,3490000
25216,254,2,7990000,15980000
25217,15,1,4990000,4990000
25218,157,1,7191000,7191000
25218,206,2,560500,1121000
25219,305,1,1795500,1795500
25219,21,1,7990000,7990000
25220,265,1,30390500,30390500
25220,153,1,114000,114000
25220,106,1,7590500,7590500
25221,46,1,7191000,7191000
25222,165,1,6490000,6490000
25222,156,1,25191000,25191000
25222,137,1,3591000,3591000
25223,189,1,1795500,1795500
25224,289,1,11990000,11990000
25224,97,2,4590000,9180000
25225,175,1,2490000,2490000
25226,146,1,5990000,5990000
25227,88,1,7590500,7590500
25228,15,1,4990000,4990000
25229,286,1,3315500,3315500
25229,50,2,9490000,18980000
25230,169,1,3490000,3490000
25231,36,1,190000,190000
25232,293,1,2990000,2990000
25233,2,2,36990000,73980000
25234,293,1,2840500,2840500
25235,8,1,1890000,1890000
25236,178,1,2990000,2990000
25236,309,1,36990000,36990000
25236,134,1,6165500,6165500
25237,123,1,2365500,2365500
25238,82,2,2241000,4482000
25238,31,2,6165500,12331000
25239,181,1,4990000,4990000
25239,71,2,10791000,21582000
25240,106,1,7590500,7590500
25241,130,1,7490000,7490000
25242,320,1,288000,288000
25243,111,1,7490000,7490000
25244,125,1,5841000,5841000
25245,238,1,36990000,36990000
25246,259,1,36990000,36990000
25246,137,1,3790500,3790500
25247,200,1,27990000,27990000
25248,232,1,712500,712500
25249,103,1,22990000,22990000
25250,201,1,4740500,4740500
25251,274,1,11990000,11990000
25252,178,1,2691000,2691000
25253,58,1,7490000,7490000
25254,33,3,250000,750000
25254,87,1,4990000,4990000
25255,148,2,5391000,10782000
25256,16,1,25191000,25191000
25256,208,1,120000,120000
25256,72,1,7590500,7590500
25257,319,2,2990000,5980000
25258,74,1,5990000,5990000
25258,66,1,750000,750000
25259,215,1,25191000,25191000
25259,218,2,1701000,3402000
25259,295,1,750000,750000
25260,99,1,12340500,12340500
25260,33,1,250000,250000
25261,8,1,1890000,1890000
25262,243,1,18990000,18990000
25263,235,1,3490000,3490000
25263,143,1,2365500,2365500
25264,43,1,9015500,9015500
25265,288,1,3790500,3790500
25266,242,1,5690500,5690500
25267,315,1,4590000,4590000
25268,96,1,2840500,2840500
25269,89,1,3315500,3315500
25270,137,1,3990000,3990000
25271,37,3,114000,342000
25271,163,1,18990000,18990000
25271,117,1,11990000,11990000
25272,95,1,7990000,7990000
25272,199,1,33291000,33291000
25273,47,1,6490000,7139000
25273,98,1,35140500,35140500
25274,318,1,7990000,7990000
25275,266,1,120000,120000
25276,181,2,4491000,8982000
25277,150,1,11691000,11691000
25278,78,1,450000,450000
25279,222,1,35140500,35140500
25280,40,1,1795500,1795500
25281,266,1,120000,120000
25282,166,1,3591000,3591000
25282,99,1,12990000,12990000
25283,70,1,1795500,1795500
25283,88,1,7590500,7590500
25284,87,1,4740500,4740500
25285,271,1,6490000,6490000
25286,62,1,27990000,27990000
25286,163,1,18990000,18990000
25286,303,1,18990000,18990000
25287,276,1,5841000,5841000
25288,13,1,27990000,27990000
25288,117,1,11990000,11990000
25289,288,1,3990000,3990000
25290,279,1,4590000,4590000
25291,121,1,190000,209000
25291,178,1,2691000,2691000
25292,159,2,12990000,25980000
25293,91,1,4990000,4990000
25294,139,1,9490000,9490000
25295,180,1,2990000,2990000
25296,71,2,11990000,23980000
25297,278,1,6490000,6490000
25298,233,1,250000,250000
25299,203,1,27990000,27990000
25299,180,1,2691000,2691000
25300,99,1,12990000,12990000
25301,132,1,4740500,4740500
25302,102,1,2365500,2365500
25303,123,1,2490000,2490000
25304,106,1,7191000,7191000
25305,11,2,36990000,73980000
25306,28,2,4590000,9180000
25307,186,1,9015500,9015500
25307,243,2,18990000,37980000
25307,261,1,9490000,9490000
25308,296,1,22990000,22990000
25309,254,1,7590500,7590500
25310,214,1,25191000,25191000
25311,2,1,35140500,35140500
25312,197,1,675000,675000
25312,299,1,3490000,3490000
25313,45,3,9490000,28470000
25314,258,1,5391000,5391000
25314,262,1,712500,712500
25315,303,1,18990000,18990000
25315,30,1,6490000,6490000
25316,128,1,450000,450000
25317,74,1,5990000,5990000
25318,2,1,36990000,36990000
25318,315,1,4590000,4590000
25318,36,1,190000,190000
25319,127,1,6165500,6165500
25320,244,1,31990000,35189000
25321,274,1,11990000,11990000
25322,78,2,427500,855000
25323,82,1,2490000,2490000
25323,59,1,4990000,4990000
25324,188,1,9490500,9490500
25324,249,1,288000,288000
25324,208,1,108000,108000
25325,187,1,4740500,4740500
25326,221,1,18990000,18990000
25327,3,1,590000,590000
25328,70,1,1890000,1890000
25329,73,1,11990000,11990000
25330,151,1,3315500,3315500
25331,110,1,4740500,4740500
25332,102,1,2365500,2365500
25333,272,1,9490000,9490000
25334,22,1,4990000,4990000
25335,74,1,5990000,5990000
25335,99,1,12990000,12990000
25335,189,1,1701000,1701000
25336,117,1,11990000,11990000
25337,84,1,9490000,9490000
25337,17,1,320000,320000
25338,51,1,450000,450000
25339,221,1,18040500,18040500
25340,55,3,8991000,26973000
25341,259,1,36990000,36990000
25342,161,1,17091000,17091000
25343,125,1,6490000,6490000
25344,59,1,4740500,4740500
25344,203,1,25191000,25191000
25345,234,1,7191000,7191000
25345,274,1,11990000,11990000
25346,254,1,7990000,7990000
25347,148,1,5990000,5990000
25347,242,1,5690500,5690500
25348,37,3,108000,324000
25349,199,1,36990000,36990000
25350,138,1,7490000,7490000
25350,205,1,5841000,5841000
25351,164,1,3990000,3990000
25352,192,1,7590500,7590500
25352,310,1,5690500,5690500
25353,244,1,30390500,30390500
25354,199,1,36990000,36990000
25354,313,1,2490000,2490000
25355,66,3,712500,2137500
25355,77,3,250000,750000
25356,8,1,1890000,1890000
25357,144,1,4990000,4990000
25357,144,1,4990000,4990000
25358,149,1,28791000,28791000
25359,264,3,8991000,26973000
25360,185,1,2840500,2840500
25361,56,1,5841000,5841000
25362,320,1,320000,320000
25362,2,2,36990000,73980000
25363,26,1,31990000,31990000
25364,41,1,190000,190000
25365,19,1,11990000,11990000
25366,274,1,11990000,11990000
25366,188,1,9990000,9990000
25367,271,2,5841000,11682000
25368,81,1,6165500,6165500
25369,51,2,405000,810000
25370,150,1,12990000,12990000
25371,149,1,31990000,31990000
25371,186,1,9490000,9490000
25372,159,1,12990000,12990000
25373,218,1,1890000,1890000
25373,152,1,21840500,21840500
25374,76,1,21840500,21840500
25375,177,1,36990000,36990000
25376,274,1,11990000,11990000
25377,143,1,2365500,2365500
25378,118,1,18990000,18990000
25379,260,1,17091000,17091000
25380,224,1,7590500,7590500
25381,88,1,7590500,7590500
25382,186,1,9490000,9490000
25382,212,1,7990000,7990000
25383,249,2,320000,640000
25384,46,1,7590500,7590500
25384,169,1,3490000,3490000
25385,48,1,6490000,6490000
25386,94,1,5990000,5990000
25386,55,1,9990000,9990000
25387,260,1,17091000,17091000
25388,180,1,2990000,2990000
25389,281,1,3990000,3990000
25389,312,1,4990000,4990000
25390,128,1,427500,427500
25391,175,1,2490000,2490000
25391,6,1,5990000,5990000
25392,44,1,2990000,2990000
25393,187,1,4990000,4990000
25394,259,1,36990000,36990000
25394,162,1,17091000,17091000
25395,82,1,2365500,2365500
25395,54,1,6741000,6741000
25396,28,1,4360500,4360500
25397,3,1,590000,590000
25397,289,1,11990000,11990000
25398,202,1,11990000,11990000
25399,153,1,120000,120000
25400,199,2,35140500,70281000
25401,247,1,11990000,11990000
25401,10,1,6490000,6490000
25402,152,1,22990000,22990000
25403,74,1,5690500,5690500
25404,56,1,6490000,6490000
25404,134,1,5841000,5841000
25405,227,1,9990000,9990000
25405,162,1,18990000,18990000
25406,52,1,190000,190000
25407,280,1,4590000,4590000
25408,42,1,9490000,9490000
25408,28,1,4360500,4360500
25409,58,1,7490000,7490000
25410,131,1,26590500,26590500
25411,203,1,27990000,27990000
25412,85,1,25191000,25191000
25412,274,1,10791000,10791000
25413,278,1,5841000,5841000
25414,202,1,11990000,11990000
25415,269,2,405000,810000
25416,84,1,8541000,8541000
25417,78,2,450000,900000
25418,70,1,1890000,1890000
25419,282,1,7990000,7990000
25420,53,1,9015500,9015500
25421,274,1,11990000,11990000
25421,236,1,7990000,7990000
25421,207,2,3591000,7182000
25422,111,1,7490000,7490000
25422,84,1,8541000,8541000
25423,237,1,9490000,9490000
25423,320,1,288000,288000
25424,32,1,11390500,11390500
25424,224,1,7990000,7990000
25425,138,1,6741000,6741000
25426,106,1,7990000,7990000
25427,74,1,5990000,5990000
25428,162,1,17091000,17091000
25429,55,1,9490500,9490500
25430,294,2,5990000,11980000
25431,77,1,250000,250000
25432,166,1,3990000,3990000
25433,141,1,6490000,6490000
25434,271,1,6490000,6490000
25435,310,1,5990000,5990000
25436,164,3,3990000,11970000
25436,175,2,2490000,4980000
25436,197,1,675000,675000
25437,151,1,3141000,3141000
25438,270,1,5391000,5391000
25439,318,1,7990000,7990000
25440,307,1,3490000,3490000
25441,70,1,1890000,1890000
25442,121,1,190000,190000
25443,195,2,2490000,4980000
25444,165,1,6165500,6165500
25444,117,2,11990000,23980000
25445,225,1,26590500,26590500
25446,158,1,2990000,2990000
25447,198,1,11990000,11990000
25448,163,1,18040500,18040500
25449,298,1,5841000,5841000
25449,38,1,11990000,11990000
25450,303,1,18990000,18990000
25451,112,1,27990000,27990000
25452,312,2,4491000,8982000
25453,100,2,9990000,19980000
25454,72,1,7590500,7590500
25454,313,1,2490000,2490000
25455,266,1,120000,120000
25456,227,2,9990000,19980000
25456,179,1,288000,288000
25456,128,1,450000,450000
25457,212,1,7990000,7990000
25457,152,1,21840500,21840500
25458,135,1,5990000,5990000
25458,35,1,7191000,7191000
25459,177,1,36990000,36990000
25459,232,1,712500,712500
25459,39,1,31990000,31990000
25460,271,1,6165500,6165500
25460,288,1,3591000,3591000
25461,68,1,1890000,1890000
25461,297,1,9015500,9015500
25462,220,1,11691000,11691000
25462,82,2,2365500,4731000
25462,165,1,6490000,6490000
25463,200,1,27990000,27990000
25464,273,1,10791000,10791000
25465,21,2,7990000,15980000
25466,188,1,9990000,9990000
25467,262,2,750000,1500000
25467,232,1,712500,712500
25468,110,1,4491000,4491000
25469,58,1,7490000,7490000
25470,231,1,35140500,35140500
25471,3,1,590000,590000
25472,67,1,17091000,17091000
25473,167,1,35140500,35140500
25474,128,1,450000,450000
25475,145,1,2691000,2691000
25476,278,1,6490000,6490000
25477,309,1,33291000,33291000
25477,273,1,11990000,11990000
25478,144,1,4740500,4740500
25479,36,1,190000,190000
25480,269,1,450000,450000
25481,189,1,1890000,1890000
25481,89,1,3490000,3490000
25481,307,1,3490000,3490000
25482,221,1,18990000,18990000
25483,282,1,7990000,8789000
25484,63,1,5990000,5990000
25484,107,1,304000,304000
25485,74,1,5990000,5990000
25486,211,1,6490000,6490000
25487,40,2,1890000,3780000
25488,175,1,2490000,2490000
25488,62,1,27990000,27990000
25489,79,1,190000,190000
25490,84,2,9015500,18031000
25490,6,1,5990000,5990000
25491,135,1,5990000,5990000
25492,299,1,3490000,3490000
25492,170,1,18990000,18990000
25493,246,1,750000,750000
25493,232,1,750000,750000
25494,6,1,5391000,5391000
25495,230,2,225000,450000
25495,4,1,304000,304000
25496,185,1,2990000,2990000
25497,296,1,22990000,22990000
25497,190,1,2990000,3289000
25498,65,1,18990000,18990000
25499,43,1,9490000,9490000
25500,86,1,17091000,17091000
25501,316,1,2990000,2990000
25502,27,3,12340500,37021500
25502,178,1,2990000,2990000
25503,117,1,11990000,11990000
25504,142,1,8541000,8541000
25505,262,1,750000,750000
25505,193,1,36990000,36990000
25506,32,1,11990000,11990000
25507,27,1,12990000,12990000
25507,167,1,33291000,33291000
25508,40,1,1890000,1890000
25509,297,1,9490000,9490000
25510,191,1,4990000,4990000
25511,51,2,450000,900000
25511,129,1,2840500,2840500
25512,104,1,18990000,18990000
25513,87,1,4990000,4990000
25514,35,1,7990000,7990000
25514,1,1,1795500,1795500
25515,317,1,31990000,31990000
25516,310,1,5690500,5690500
25517,188,1,9990000,9990000
25518,306,1,1890000,1890000
25519,305,1,1890000,1890000
25520,2,2,36990000,73980000
25521,11,3,36990000,110970000
25522,22,1,4740500,4740500
25523,11,1,36990000,36990000
25524,91,1,4740500,4740500
25524,87,1,4491000,4491000
25525,26,1,30390500,30390500
25526,79,1,190000,190000
25527,176,1,28791000,28791000
25528,111,1,7490000,7490000
25529,225,1,25191000,25191000
25529,167,1,36990000,36990000
25529,103,1,20691000,20691000
25530,289,3,11990000,35970000
25530,293,1,2990000,2990000
25531,236,1,7990000,7990000
25532,206,1,560500,560500
25533,14,1,250000,250000
25534,247,1,10791000,10791000
25535,240,1,5391000,5391000
25535,147,1,10791000,10791000
25536,87,1,4990000,4990000
25537,36,1,171000,171000
25538,34,1,17091000,17091000
25539,34,1,18040500,18040500
25540,114,1,28791000,28791000
25541,154,1,20691000,20691000
25542,37,1,108000,108000
25543,242,1,5391000,5391000
25543,63,1,5990000,5990000
25544,59,1,4491000,4491000
25544,305,1,1795500,1795500
25544,305,1,1890000,1890000
25545,13,1,27990000,27990000
25546,154,1,21840500,21840500
25547,172,1,3490000,3490000
25548,304,1,7990000,7990000
25549,217,1,22990000,22990000
25550,189,1,1890000,1890000
25551,120,1,3315500,3315500
25552,269,2,405000,810000
25553,106,1,7590500,6831450
25554,169,1,3490000,3490000
25554,320,2,304000,608000
25554,105,1,9490000,9490000
25555,182,1,36990000,36990000
25556,23,1,35140500,35140500
25557,225,1,27990000,27990000
25558,177,1,33291000,33291000
25559,220,1,12340500,12340500
25560,35,1,7590500,7590500
25561,224,1,7990000,7990000
25561,67,1,18990000,18990000
25561,140,2,4990000,9980000
25562,83,1,26590500,23931450
25562,150,1,12990000,12990000
25563,8,1,1795500,1795500
25564,1,1,1890000,1890000
25565,294,1,5391000,5391000
25565,224,1,7990000,7990000
25566,196,1,4990000,4990000
25567,211,3,6165500,18496500
25567,234,1,7590500,7590500
25567,92,1,225000,225000
25568,170,2,18990000,37980000
25569,215,1,26590500,26590500
25570,203,1,27990000,27990000
25571,143,1,2490000,2490000
25571,68,1,1795500,1795500
25572,2,1,36990000,36990000
25573,239,1,6490000,6490000
25574,115,1,31990000,31990000
25575,53,1,8541000,8541000
25576,156,1,27990000,27990000
25576,203,1,25191000,25191000
25577,239,1,6165500,6165500
25577,9,1,288000,288000
25578,279,1,4360500,4360500
25579,166,1,3990000,3990000
25580,175,1,2365500,2365500
25580,152,1,22990000,22990000
25581,171,1,2490000,2490000
25582,71,1,11990000,11990000
25583,246,1,675000,675000
25584,63,1,5990000,5990000
25585,26,1,30390500,30390500
25586,119,1,120000,120000
25587,93,1,7990000,7990000
25587,101,1,18990000,18990000
25588,78,1,450000,450000
25589,239,1,6490000,6490000
25589,287,1,4990000,4990000
25589,270,1,5990000,5990000
25590,247,1,11990000,11990000
25591,263,1,4990000,4990000
25592,231,1,33291000,33291000
25592,284,1,2691000,2691000
25593,105,1,9490000,9490000
25593,189,1,1701000,1701000
25594,16,1,27990000,27990000
25595,61,1,750000,750000
25596,57,1,36990000,36990000
25597,140,1,4740500,4740500
25597,258,1,5990000,5990000
25598,313,1,2490000,2490000
25599,39,1,31990000,31990000
25600,120,1,3141000,3141000
25601,55,1,9990000,9990000
25602,29,1,237500,237500
25603,72,1,7990000,7990000
25604,100,1,9990000,9990000
25605,107,1,320000,320000
25605,277,1,6490000,6490000
25606,298,2,6165500,12331000
25607,187,1,4990000,4990000
25608,292,1,6490000,6490000
25608,20,1,4590000,4590000
25609,14,1,237500,237500
25609,154,1,20691000,20691000
25609,28,1,4590000,4590000
25610,113,1,17091000,17091000
25611,178,1,2840500,2840500
25612,11,2,35140500,70281000
25613,65,1,17091000,17091000
25613,256,1,590000,590000
25614,58,1,6741000,6066900
25615,49,1,2490000,2490000
25616,47,1,6490000,6490000
25617,20,1,4131000,4131000
25617,150,1,12990000,12990000
25618,84,1,9490000,9490000
25619,14,1,250000,250000
25619,27,1,12990000,12990000
25620,313,1,2241000,2241000
25621,165,2,6165500,12331000
25622,317,1,30390500,33429550
25623,261,1,8541000,8541000
25624,257,1,11990000,11990000
25625,153,3,108000,324000
25626,111,1,6741000,6741000
25626,155,1,27990000,27990000
25627,161,1,17091000,17091000
25628,72,1,7990000,7990000
25629,47,1,6490000,6490000
25630,115,3,28791000,86373000
25630,158,1,2990000,2990000
25631,220,1,12990000,12990000
25631,281,1,3990000,3990000
25632,143,1,2490000,2490000
25633,185,1,2691000,2691000
25634,17,1,320000,320000
25634,104,1,18990000,18990000
25635,208,1,120000,120000
25636,263,1,4990000,4990000
25637,49,3,2490000,7470000
25637,295,1,750000,750000
25637,227,1,9990000,9990000
25638,166,1,3990000,3990000
25639,318,2,7990000,15980000
25640,29,1,225000,225000
25641,196,1,4990000,4990000
25641,63,1,5391000,5391000
25642,94,1,5391000,5391000
25643,296,1,22990000,22990000
25644,8,1,1890000,1890000
25645,129,1,2990000,2990000
25646,319,2,2990000,5980000
25646,32,1,10791000,10791000
25646,200,1,27990000,27990000
25647,62,1,27990000,27990000
25648,318,3,7990000,23970000
25649,109,1,531000,531000
25650,319,1,2840500,2840500
25650,80,1,9490000,9490000
25651,80,1,9490000,9490000
25652,298,1,6490000,6490000
25653,137,1,3990000,3990000
25654,244,2,31990000,63980000
25655,11,1,36990000,36990000
25655,177,1,36990000,36990000
25656,30,1,6165500,6165500
25657,66,1,675000,675000
25658,158,1,2840500,2840500
25658,166,1,3990000,3990000
25659,147,1,11390500,11390500
25659,17,1,320000,320000
25659,17,1,320000,320000
25660,57,1,36990000,36990000
25661,102,1,2241000,2241000
25662,77,1,250000,250000
25662,233,1,250000,250000
25663,71,1,11390500,11390500
25664,32,1,11990000,11990000
25665,94,1,5690500,5690500
25666,206,1,590000,590000
25666,128,1,450000,450000
25667,129,1,2990000,2990000
25667,222,1,33291000,33291000
25667,308,1,20691000,20691000
25668,283,1,9490000,9490000
25669,230,1,250000,250000
25670,137,2,3990000,7980000
25671,308,2,22990000,45980000
25672,55,1,9990000,9990000
25672,237,2,9490000,18980000
25673,119,1,120000,120000
25673,173,1,18990000,18990000
25673,115,1,28791000,28791000
25674,56,1,5841000,5841000
25675,217,1,22990000,22990000
25675,277,1,6490000,6490000
25676,177,1,33291000,33291000
25677,266,1,114000,114000
25678,296,1,22990000,22990000
25679,315,1,4590000,4590000
25680,222,1,33291000,33291000
25680,269,1,405000,405000
25681,257,1,11990000,11990000
25682,254,1,7990000,7990000
25682,141,1,6490000,6490000
25683,83,1,25191000,25191000
25684,230,3,250000,750000
25684,70,1,1890000,1890000
25685,35,1,7590500,7590500
25686,91,2,4990000,9980000
25687,216,1,3990000,3990000
25687,6,1,5391000,5391000
25688,104,1,18990000,18990000
25689,58,1,7115500,7115500
25690,185,1,2691000,2691000
25691,117,1,11990000,11990000
25691,167,1,33291000,33291000
25692,191,1,4491000,4491000
25693,86,1,18990000,18990000
25694,29,1,225000,225000
25695,34,2,18990000,37980000
25695,181,1,4990000,4990000
25696,308,1,21840500,21840500
25696,83,1,27990000,27990000
25697,265,1,31990000,31990000
25698,139,2,8541000,17082000
25699,91,1,4740500,4740500
25700,193,1,36990000,36990000
25701,274,1,11990000,11990000
25702,262,1,750000,750000
25703,38,3,11990000,35970000
25703,40,1,1890000,1890000
25704,317,1,31990000,31990000
25704,305,1,1701000,1701000
25704,250,1,180500,180500
25705,190,1,2840500,2840500
25705,120,1,3141000,3141000
25706,220,1,11691000,11691000
25707,301,1,3990000,3990000
25708,76,1,22990000,22990000
25709,259,1,35140500,35140500
25710,36,1,171000,171000
25711,199,1,35140500,35140500
25712,287,1,4740500,4740500
25713,96,1,2990000,2990000
25714,317,2,31990000,63980000
25715,84,1,9490000,9490000
25716,271,1,6165500,6165500
25717,90,1,450000,450000
25718,242,1,5990000,5990000
25719,16,1,27990000,27990000
25720,233,1,250000,250000
25721,302,1,36990000,36990000
25721,292,1,5841000,5841000
25722,231,1,33291000,33291000
25723,203,1,27990000,27990000
25723,56,1,5841000,5841000
25724,250,1,171000,171000
25725,46,1,7990000,7990000
25726,142,1,9490000,9490000
25727,177,1,33291000,33291000
25728,78,3,405000,1215000
25728,1,1,1701000,1701000
25729,189,1,1795500,1795500
25730,201,1,4740500,4740500
25730,90,1,450000,450000
25731,69,1,4740500,4740500
25732,50,1,9015500,9015500
25733,145,1,2840500,2840500
25733,174,1,4491000,4491000
25734,300,1,1890000,1890000
25735,90,1,405000,405000
25736,135,1,5990000,5990000
25736,72,2,7590500,13662900
25736,301,3,3990000,11970000
25737,247,1,11390500,11390500
25737,171,1,2365500,2365500
25738,65,1,17091000,17091000
25739,199,1,36990000,36990000
25739,73,1,11990000,11990000
25740,76,1,20691000,20691000
25740,62,1,27990000,27990000
25740,104,1,18990000,18990000
25741,240,2,5690500,11381000
25742,98,1,36990000,36990000
25743,130,1,7490000,7490000
25743,89,1,3315500,3315500
25744,37,1,120000,120000
25744,134,1,5841000,5841000
25745,5,1,7590500,7590500
25746,15,1,4990000,4990000
25747,226,1,18040500,18040500
25747,256,1,531000,531000
25748,160,3,2990000,8970000
25749,74,1,5690500,5690500
25750,268,1,450000,450000
25751,27,1,12990000,12990000
25752,181,1,4990000,4990000
25753,7,1,6165500,6165500
25753,139,2,9490000,18980000
25754,183,1,2490000,2241000
25755,308,1,22990000,22990000
25755,232,1,750000,750000
25756,248,1,11990000,11990000
25757,264,1,9490500,9490500
25757,274,1,11990000,11990000
25758,312,1,4740500,4740500
25758,151,3,3490000,10470000
25759,88,1,7990000,7990000
25759,142,1,9490000,9490000
25760,221,1,18040500,18040500
25761,304,1,7990000,7990000
25762,126,1,5990000,5990000
25763,93,1,7990000,7990000
25763,276,1,6490000,6490000
25763,199,1,36990000,36990000
25764,165,1,5841000,5841000
25765,12,1,27990000,27990000
25765,189,1,1890000,1890000
25766,192,1,7191000,7191000
25767,253,1,1795500,1795500
25767,315,1,4590000,4590000
25768,185,1,2990000,2990000
25768,214,2,26590500,53181000
25769,118,1,18990000,18990000
25769,26,3,28791000,86373000
25770,313,1,2490000,2490000
25770,95,1,7191000,7191000
25771,217,1,22990000,22990000
25772,140,1,4990000,4990000
25772,135,1,5990000,5990000
25772,275,1,5690500,5690500
25773,4,1,320000,320000
25774,86,1,18990000,18990000
25775,53,1,8541000,8541000
25775,168,1,27990000,27990000
25776,132,1,4491000,4491000
25776,127,1,6490000,6490000
25777,293,1,2691000,2691000
25778,54,1,7490000,7490000
25779,312,1,4990000,4990000
25780,171,1,2490000,2490000
25781,173,1,18990000,18990000
25781,227,1,9490500,9490500
25782,232,1,750000,750000
25782,20,1,4590000,4590000
25783,8,1,1890000,1890000
25784,167,1,36990000,36990000
25785,45,3,8541000,25623000
25786,317,1,31990000,31990000
25787,192,1,7590500,7590500
25788,35,1,7990000,7191000
25788,221,1,18990000,18990000
25788,171,1,2490000,2490000
25789,213,1,18990000,18990000
25789,89,1,3490000,3490000
25790,255,1,27990000,27990000
25790,291,1,3490000,3490000
25790,11,1,36990000,36990000
25791,170,1,18040500,18040500
25791,155,1,27990000,27990000
25792,292,3,5841000,17523000
25793,268,1,450000,450000
25794,135,1,5391000,5391000
25794,265,1,28791000,28791000
25794,222,1,35140500,35140500
25795,206,1,531000,531000
25796,119,1,120000,120000
25797,122,1,4990000,4990000
25797,284,1,2691000,2691000
25797,132,1,4990000,4990000
25798,250,1,190000,190000
25799,181,1,4740500,4740500
25800,171,1,2490000,2490000
25801,274,1,10791000,10791000
25802,127,1,6490000,6490000
25802,137,1,3591000,3591000
25802,17,2,320000,640000
25803,78,1,450000,450000
25803,187,1,4491000,4491000
25804,164,1,3990000,3990000
25805,278,3,6490000,19470000
25806,50,1,8541000,8541000
25806,152,1,20691000,20691000
25807,52,1,171000,171000
25807,27,1,12990000,12990000
25808,61,1,750000,750000
25809,215,1,27990000,27990000
25809,213,1,18040500,18040500
25809,21,1,7990000,7990000
25810,55,1,8991000,8991000
25811,187,1,4990000,4990000
25812,225,1,27990000,27990000
25813,73,1,11390500,11390500
25813,74,1,5391000,5391000
25814,66,2,750000,1500000
25815,22,1,4491000,4491000
25816,292,1,6490000,6490000
25817,134,1,5841000,5841000
25818,191,1,4491000,4491000
25818,247,1,11990000,11990000
25819,54,1,7115500,7115500
25819,200,2,27990000,55980000
25819,313,1,2490000,2490000
25820,281,1,3591000,3591000
25821,105,1,9015500,9015500
25822,6,1,5990000,5990000
25823,193,1,36990000,36990000
25824,156,1,27990000,27990000
25825,305,1,1701000,1701000
25825,301,2,3990000,7980000
25826,4,1,304000,304000
25827,13,1,27990000,27990000
25828,285,1,2490000,2490000
25828,96,1,2990000,2990000
25829,314,1,27990000,27990000
25829,84,1,9490000,9490000
25830,269,1,450000,450000
25831,169,1,3490000,3490000
25831,294,1,5990000,5990000
25832,105,1,9490000,9490000
25833,60,1,11990000,11990000
25833,14,1,250000,250000
25833,250,1,190000,190000
25834,116,2,18990000,37980000
25834,263,2,4990000,9980000
25835,266,1,120000,120000
25836,24,1,6165500,6165500
25837,154,1,21840500,21840500
25837,250,1,180500,180500
25838,1,1,1890000,1890000
25839,194,1,5841000,5841000
25839,20,1,4590000,4590000
25840,183,1,2241000,2241000
25840,130,1,6741000,6741000
25841,197,3,750000,2250000
25842,293,1,2990000,2990000
25842,181,3,4740500,14221500
25843,130,1,7490000,7490000
25844,220,1,12990000,12990000
25845,270,1,5990000,5990000
25845,13,2,27990000,55980000
25846,31,1,5841000,5841000
25847,22,1,4491000,4491000
25848,104,1,17091000,17091000
25849,127,1,5841000,5841000
25850,136,1,4990000,4990000
25851,229,1,250000,250000
25852,267,1,9490000,9490000
25853,318,1,7990000,7990000
25854,83,1,27990000,27990000
25855,205,2,5841000,11682000
25856,75,1,6490000,6490000
25856,87,1,4990000,4990000
25857,37,1,120000,120000
25858,289,1,11990000,11990000
25859,203,1,26590500,26590500
25859,57,1,35140500,35140500
25860,300,1,1890000,1890000
25861,20,1,4360500,4360500
25862,129,1,2990000,2990000
25863,66,2,750000,1500000
25863,1,1,1890000,1890000
25864,185,1,2840500,2840500
25865,261,1,8541000,8541000
25865,149,3,28791000,86373000
25866,265,1,30390500,30390500
25867,157,2,7191000,14382000
25867,73,1,10791000,10791000
25868,9,1,320000,320000
25868,48,1,6165500,6165500
25869,274,1,11990000,11990000
25869,1,1,1701000,1701000
25870,120,1,3141000,3141000
25870,64,1,18990000,18990000
25871,23,1,36990000,36990000
25872,25,1,3315500,3315500
25873,63,2,5391000,10782000
25874,135,1,5391000,5391000
25875,177,3,36990000,110970000
25875,116,1,18990000,18990000
25876,279,1,4590000,4590000
25877,269,1,427500,427500
25878,161,1,18990000,18990000
25879,119,1,120000,120000
25880,107,1,320000,320000
25881,39,1,31990000,31990000
25882,40,1,1795500,1795500
25883,49,1,2490000,2490000
25883,234,1,7990000,7990000
25884,89,1,3315500,3315500
25884,192,1,7590500,7590500
25885,42,1,9490000,9490000
25885,254,1,7191000,7191000
25886,269,1,450000,450000
25887,292,1,6165500,6165500
25888,171,1,2241000,2241000
25889,36,1,171000,171000
25890,163,1,18990000,18990000
25891,113,1,17091000,17091000
25891,206,1,590000,590000
25892,62,1,27990000,27990000
25893,301,1,3990000,3990000
25893,185,1,2990000,2990000
25894,247,1,11990000,11990000
25894,233,2,237500,475000
25895,301,1,3990000,3990000
25896,157,1,7191000,7191000
25897,262,1,712500,712500
25898,150,2,12340500,24681000
25899,122,1,4990000,4990000
25900,293,1,2990000,2990000
25901,122,1,4740500,4740500
25901,189,1,1890000,1890000
25902,228,1,2241000,2241000
25902,136,1,4491000,4491000
25903,16,1,27990000,27990000
25904,309,1,36990000,36990000
25905,157,1,7990000,7990000
25905,68,1,1795500,1795500
25906,110,2,4990000,9980000
25907,155,2,26590500,53181000
25908,315,1,4590000,4590000
25909,29,1,250000,250000
25910,223,1,5990000,5990000
25911,90,2,405000,810000
25912,117,2,11990000,23980000
25913,319,1,2990000,2990000
25914,179,1,320000,320000
25915,68,1,1890000,1890000
25916,23,2,36990000,73980000
25917,27,1,11691000,11691000
25918,248,1,11990000,11990000
25919,128,1,450000,450000
25920,285,1,2490000,2490000
25921,44,1,2990000,2990000
25922,224,1,7990000,7990000
25923,176,1,30390500,30390500
25923,49,1,2490000,2490000
25924,153,1,108000,108000
25925,277,1,6490000,6490000
25926,59,1,4740500,4740500
25926,178,1,2990000,2990000
25926,36,3,190000,570000
25927,59,1,4990000,4990000
25928,182,1,33291000,33291000
25929,263,1,4990000,4990000
25930,259,1,36990000,36990000
25930,314,1,27990000,27990000
25931,47,1,6165500,6165500
25932,209,1,9990000,9990000
25933,309,1,35140500,35140500
25934,247,1,11990000,11990000
25934,13,1,27990000,27990000
25935,198,1,11990000,11990000
25936,198,1,11990000,11990000
25937,230,1,250000,250000
25938,157,1,7191000,7191000
25939,193,1,35140500,35140500
25940,11,2,36990000,73980000
25941,228,1,2241000,2241000
25941,166,1,3790500,3790500
25942,12,2,26590500,53181000
25942,275,1,5690500,5690500
25942,192,1,7191000,7191000
25943,70,1,1890000,1890000
25943,234,1,7990000,7990000
25944,272,1,9490000,8541000
25945,230,1,250000,250000
25945,149,1,28791000,28791000
25946,65,1,18990000,18990000
25947,104,1,18990000,18990000
25948,109,1,590000,590000
25949,86,1,18990000,18990000
25950,114,1,30390500,30390500
25951,29,1,250000,250000
25952,77,1,225000,225000
25953,9,1,320000,288000
25954,261,1,8541000,8541000
25955,271,1,6490000,6490000
25956,152,1,22990000,22990000
25956,159,1,12340500,12340500
25957,150,1,12990000,12990000
25957,170,1,18990000,18990000
25958,10,1,6490000,6490000
25959,207,1,3790500,3790500
25960,95,1,7590500,7590500
25961,268,1,450000,450000
25962,294,1,5990000,5990000
25963,296,1,22990000,22990000
25963,167,3,36990000,122067000
25964,219,1,7191000,7191000
25965,2,1,35140500,35140500
25966,194,1,6490000,6490000
25967,311,1,3591000,3591000
25968,228,1,2490000,2490000
25969,319,1,2990000,2990000
25970,49,2,2241000,4482000
25970,112,1,27990000,27990000
25970,86,1,18990000,18990000
25971,234,1,7990000,7990000
25972,51,1,405000,405000
25973,7,3,5841000,17523000
25974,289,1,11990000,11990000
25975,29,1,225000,225000
25976,296,1,20691000,20691000
25976,222,1,36990000,36990000
25977,241,1,4590000,4590000
25978,7,1,6490000,6490000
25978,242,1,5990000,5990000
25978,188,1,8991000,8991000
25979,165,2,5841000,11682000
25980,200,1,27990000,27990000
25981,222,1,33291000,33291000
25981,292,1,6490000,6490000
25982,30,1,6490000,6490000
25983,13,1,26590500,26590500
25984,231,3,35140500,105421500
25985,27,1,12990000,12990000
25986,36,1,190000,190000
25987,29,1,250000,250000
25988,124,1,2990000,2990000
25988,317,1,31990000,31990000
25989,13,1,26590500,26590500
25989,174,2,4491000,8982000
25990,167,1,36990000,36990000
25990,177,1,33291000,33291000
25991,298,1,6490000,6490000
25992,189,1,1701000,1701000
25993,220,1,11691000,11691000
25993,112,1,27990000,27990000
25994,190,1,2840500,2840500
25995,258,1,5990000,5990000
25995,180,1,2691000,2691000
25996,246,1,675000,675000
25997,258,1,5990000,5990000
25998,160,1,2990000,2990000
25999,73,1,10791000,10791000
26000,40,2,1890000,3780000
